Date,HDFC Bank,ICICI Bank,Infosys,Reliance Industries,TCS,NIFTY 50 Index
2015-01-05,-0.8442950017017559,0.207018307380058,-0.859327297470236,-1.0953737251872098,-1.5197075187343145,-0.20308386436523884
2015-01-06,-1.5567122531529032,-4.241841853960948,-2.0892870336196467,-4.538450276493888,-3.6866283924014365,-2.9963988501869876
2015-01-07,0.29185619210707614,-2.703861135933938,0.4784768089965974,2.17677789987083,-1.181243250127384,-0.31067936900222026
2015-01-08,2.100538147624076,2.7198932694589617,0.5041924256142138,-1.4339289820138101,1.079551042506588,1.6353724358093125
2015-01-09,1.1193517209485027,-1.6117691870196293,5.117943876024333,2.167326287340754,2.8030200431373054,0.6059844193054609
2015-01-12,-0.881484375849173,1.3748682128967626,2.000524625655542,-1.1623881975555306,-0.10351658100832273,0.4647232784114941
2015-01-13,-0.38259480779754274,-1.630352029927773,-1.2784047761284723,-0.8408590415536321,-0.47015445580635973,-0.2835469106692301
2015-01-14,0.05709415518433403,-1.173385761683421,1.902919937185521,-0.9725450813265146,0.9627503460509113,-0.26327909136885097
2015-01-15,3.0345601607512984,4.734384784017065,0.2630960441706298,3.509179843493637,0.6800927818282343,2.6167234392820093
2015-01-16,0.8256225897010028,0.28340637342987307,-0.7473373577390974,0.6306084000496925,-0.2737548948089086,0.23132877520259942
2015-01-19,0.31957208270314563,1.9640969464147062,-0.7459004631634292,1.144091739522235,-0.8352553922248984,0.43341858478611606
2015-01-20,1.6325879314198488,1.9262734885850508,1.032092690669617,2.6601390724173113,-0.4201282531005379,1.6945912118627948
2015-01-21,-0.09795154038801934,0.19034360414706963,2.151428973744096,0.4097173997854586,0.533874018641245,0.38985684884169647
2015-01-22,0.12746651879440574,0.36640312249800466,1.2235558018814707,-2.536512489872733,-0.009885600921599735,0.36543204794088346
2015-01-23,2.1101619409887418,0.24337368355398237,0.846814339520563,0.3564031298108894,-0.395870824720268,0.8468876599840858
2015-01-27,2.996732219579612,3.4529133440326154,-3.5462011162799456,0.24242037516881698,0.13806683156063482,0.8477114619988679
2015-01-28,-1.4617611375147943,0.14343076150897804,0.3767850164693609,2.0021557425269565,1.5007765610512092,0.04264412420740271
2015-01-29,3.4629402275907495,-0.9764420876429147,0.044308631589928815,2.4866238008975694,0.19879215815179485,0.42684008302582566
2015-01-30,-1.6118675728107323,-5.153829595786441,-0.1677864522445227,-1.522487375552406,-2.4600430379894678,-1.602363904552817
2015-02-02,0.39448340335337395,-2.4535396097273066,-0.23578189533884908,-0.7866825397943589,1.2952916535649672,-0.13054977908750764
2015-02-03,-1.6179660144928887,-1.4921357819771552,-0.7464281238250381,3.254232217750963,1.7520426610165618,-0.4643483770618517
2015-02-04,0.33829052828044937,-0.562586168614776,1.034921334424732,-0.9385710184996454,-1.7179082075351904,-0.3751432939651078
2015-02-05,0.8242264615939465,-2.6258833589095643,2.3777081580385495,-0.5490897429153652,1.5152830568096576,-0.13755630903555804
2015-02-06,-2.136561424451744,-1.8623273416656927,1.672907267489676,-1.4939974093911235,0.9148244306036446,-0.5814064934449137
2015-02-09,-1.2719554286159007,-2.8237460374045287,0.8248820005183788,-1.4507040279724825,-2.4400550069379023,-1.555240973670402
2015-02-10,1.379673780139501,3.436984809732513,1.3073402467387751,-1.6393309038013837,-2.8552743591907292,0.45975355349490155
2015-02-11,0.3746071208940993,1.1025479658043569,0.2874779019270468,2.120163786019069,0.7680939719643121,0.7220854159723844
2015-02-12,1.6628667300638833,1.3295421018176823,1.1532450818501738,0.9381621226099979,0.09152431806132011,0.9753739278629103
2015-02-13,-0.947925505571956,1.3858244704244571,-0.6533296987348503,0.9184426605076235,3.111077679296703,1.07845558389561
2015-02-16,0.16418749418387613,-1.686789728932503,-0.7556446270195583,-1.6021745638059803,1.8138357130011995,0.04371823718130052
2015-02-18,0.6791385645038339,1.286795144019437,0.778931298472485,-0.12738726140082424,1.9672862275188496,0.6782566551384539
2015-02-19,0.46518799919954557,-1.1244245090490046,1.2279548762041737,0.04435718313851034,1.72252256534573,0.2954098664627258
2015-02-20,-0.6251242574300431,-2.244829918198621,-1.789470554060213,-3.2093516184225845,-0.2051300635226072,-0.6936269340802492
2015-02-23,-0.5172104137676992,-0.5892341426890546,-0.7664868910947087,-2.4796597812161925,0.7885574302500364,-0.8903438863023694
2015-02-24,0.01404152457715746,-0.896677888169628,0.317784096093221,-1.1744782786512475,0.3004160765029962,0.08166139044774035
2015-02-25,-1.4236871012098362,-1.0887619791243197,1.971165108911288,0.20204139107182773,-1.2034001265984418,0.05878032497472763
2015-02-26,-1.3587237176729272,-0.3721065100001919,-2.5673401281326447,-0.136399475268989,-0.5893936296092805,-0.9512719567139061
2015-02-27,1.5267615442998927,4.341733978214313,0.338786557797377,1.6092687071212586,0.22203826810993643,1.8511375395821705
2015-03-02,2.708703795777745,4.116315973042961,1.1453182137184603,1.0168772569826956,0.2648520565438739,1.268009809128312
2015-03-03,0.07390353657528159,-0.11459038716908898,0.268384788967424,4.229102181040201,3.993403552091901,0.4410081781896391
2015-03-04,-1.666103810716757,0.20079231791965135,-1.0096747721237032,-1.437620739465506,-1.0806917587755316,-0.8181143184660233
2015-03-05,1.858610475792899,-0.4579994908184726,-1.189175219915184,-0.3266224354862013,-1.804470411601422,0.16922784950608172
2015-03-09,-2.4052948173092115,-4.299073328768777,-2.5605325442993765,-1.7289089428446092,-1.841274555947492,-2.025118178512486
2015-03-10,-0.6090682699137262,0.25540688429639413,0.36300170678669197,-1.2073877560367374,-0.1549447722470676,-0.5104655872612551
2015-03-11,0.3705234125974899,-0.29971514959011847,-0.7188389162983255,-0.3724614339406629,-1.3678902640198665,-0.13888361116221049
2015-03-12,-0.17511243899313023,1.6684035131262265,1.6543256996674804,0.9171095528332396,0.4795284781723641,0.8741406902360804
2015-03-13,-1.1331370074034064,-2.3654636549505614,0.09465015359522155,-1.5860045600886163,-1.4012616980781378,-1.4613719234275346
2015-03-16,0.8535932669125446,0.3785834829010293,2.0829576738562006,-0.9410663666040597,-0.7763987070293799,-0.16882552542568652
2015-03-17,0.6181349672469638,1.0258108134117094,-1.1536732429096253,1.7515679467999812,0.8351850662289495,1.0442238346779709
2015-03-18,0.5198463057509262,-0.014954624607532718,-0.4909587112225555,1.3771245778601005,-0.942489965641724,-0.42873012391942966
2015-03-19,-1.0672073864393505,-1.3739716469453822,0.042612839753131126,-1.438989473767549,1.4418338290648425,-0.590036699653107
2015-03-20,0.35164598606143294,-3.5129947459969557,1.2105041384612658,-0.23944651432411534,0.5661665144435668,-0.7383043564707203
2015-03-23,-0.7718450914775077,-1.5065997941231868,-1.0631418074055765,-1.4225475028925905,0.2374261979272596,-0.2333477124745964
2015-03-24,-0.935359888031384,-0.6054680017946068,-0.9850319184725342,0.7126211670821281,-0.9876744476428834,-0.0929749494125387
2015-03-25,-0.3564475750267304,1.6030651583788469,0.3459483205116243,-0.35969047154799094,-0.6772814464918175,-0.14222710360253243
2015-03-26,-2.639595643572168,-2.824215456919732,-3.2783729663663608,-1.8463629959909356,-2.3564373869455535,-2.2113918786236364
2015-03-27,0.7646747008513755,2.1431928903536734,2.599765611523397,-2.1222816596687233,0.06762408208336179,-0.008990487642646094
2015-03-30,2.192888865603604,1.3193344279429864,1.1738507302230472,-0.11705245967700284,1.9623847346946333,1.8090417315550278
2015-03-31,-1.3694625609450783,-1.0040809554371588,-0.43312408731267515,1.8809983146534925,-0.3977974221410885,-0.01530568535489385
2015-04-01,1.0315801998019847,2.4247175798920217,-2.0014920043011086,1.2166928278607214,-0.44247139769079125,1.1217759981156483
2015-04-06,-0.1258257624054293,-0.5879608941989911,0.19551050354060795,-1.3635654402677777,0.18291733701267798,0.857771327704171
2015-04-07,0.07753385683508807,-1.1984299324769077,-0.8585199826456336,0.9943805325224764,1.4799948107556915,0.004612224673294918
2015-04-08,0.2711187656062375,-0.724640796043019,1.9009172343623426,3.9683012075116153,2.1818078413954556,0.6246964557533818
2015-04-09,1.9844455192739252,1.7454943423800051,0.656653206023905,3.372201583216916,0.876401363450996,0.7332623152276119
2015-04-10,-1.273555147706995,-0.7174308577391098,0.8555386789387276,1.0334111322848782,-0.405292138987734,0.02335081659441407
2015-04-13,-0.36925603801363227,-0.4398295130631058,0.21711284053456126,2.0069625270671576,0.06596690562885588,0.6110279546012176
2015-04-15,-0.6882822463713856,-0.5995567845762384,-1.1211399834009872,0.12466691940695718,-1.0450080326676825,0.0
2015-04-16,-0.19386463660874265,-0.7936445689306737,-0.8605852239625844,0.5088506145079386,-1.7105881680431478,-1.4410211080767454
2015-04-17,-1.1071636255505557,-0.7680043121331082,-0.7016853169050763,-0.1615843351780777,-4.17961742936056,-1.156582781691673
2015-04-20,-1.2914403655159945,0.33861277210847085,-2.1612992296682343,-4.445165133394912,-1.8607211404201185,-1.8347709810016322
2015-04-21,-0.20894133369945278,-0.09644371789703232,0.490127426536624,-1.0387838465577115,-0.07205031876887924,-0.8327270348106652
2015-04-22,1.0069878560559742,0.675591676528331,-0.2287052778297327,0.3765278795490046,0.7437509337049564,0.6200972255378856
2015-04-23,0.03946810256660882,-0.3515183878770256,-0.7344333991727514,-0.3069193156901129,0.49687241664999604,-0.37249712205020824
2015-04-24,-0.6956040677558617,-1.1543901233797116,-5.975493938954135,0.21094399602714642,1.4569356144166656,-1.107960025856236
2015-04-27,-0.09936274378691268,-1.9302379927448432,-0.5287528000962438,-0.40960524044317825,0.286773308648014,-1.1011130948797465
2015-04-28,-0.08951609048345466,8.12105544000341,-1.1967009128203254,-1.153893496424152,-0.20796485318561597,0.8741362876475867
2015-04-29,-1.134807435978069,1.0096403943704368,0.012761194768784456,-1.7568247179374885,-0.3086200132898842,-0.5533650132347967
2015-04-30,-0.4380171477830319,0.30288131515583405,-0.9637441398810398,1.452956855693488,-0.9488095518788708,-0.7069389241178392
2015-05-04,1.228774754121642,-0.5586350810537599,2.6181209916078974,3.31651998914424,0.7245206017445716,1.838907233545184
2015-05-05,-1.3287565444750626,-0.2581438546466308,-1.5227694021144988,0.13468577112487612,1.4627532840052027,-0.08581893143123631
2015-05-06,-1.7263101933257863,-4.962716280544399,-2.07362008811679,-1.3338527979464665,-2.1764351441024288,-2.736399793773192
2015-05-07,-1.9884606918107894,-2.4186912107667213,1.142008889935453,-1.079247171080877,3.337328765456893,-0.4903074634123761
2015-05-08,3.2271676275381633,4.070915740557024,0.7176106977678121,3.4636277051055986,-0.7072337277289176,1.6655728167695338
2015-05-11,0.8451939157723132,2.0504780482153206,1.823325694432043,0.7024818853184067,1.1376597870970118,1.6327900872856072
2015-05-12,-1.8529599548263165,-4.729527558471725,-2.334918384607798,-3.041461664009626,-1.2949896930986693,-2.381908107113906
2015-05-13,1.8828091351993148,3.0662127585649346,0.4930473489646481,1.8878705071182944,-0.2973339262741348,1.335064167891442
2015-05-14,0.0807851204352561,-0.8499996981782498,-1.1192279423841267,-0.7795556298717754,-0.6420291429468095,-0.13660455388829762
2015-05-15,-0.09585832366119096,-0.825510991865952,1.392899017092164,-0.48395421430303953,0.4761390816144795,0.4638677701966021
2015-05-18,1.9947432280715605,1.2485854056122792,1.595533281537076,2.013834951161586,0.3683746588168946,1.3470838987944989
2015-05-19,-0.22774939932467264,-0.2845952999566581,1.4700918757033055,0.44867299346134093,-0.30554786980029336,-0.095537783724009
2015-05-20,1.637644696600149,1.0781595515705567,1.2337271673818595,1.485107178656575,1.7650640429627495,0.6885251795789804
2015-05-21,0.06345485146492802,-1.6313394495837352,0.056150590848425,-1.331357331086136,-0.060599913521541815,-0.026711779894939003
2015-05-22,-0.03902131464680325,0.015911714797156584,-0.09762007056230981,0.7917700035271924,2.441793309344642,0.4506613859696085
2015-05-25,-0.0732150950253252,-0.46238930300844805,-1.4488584663490234,-1.03448302852035,-0.6455560081396805,-1.0485957862909845
2015-05-26,0.37612658489640793,-0.7848605549450771,-0.47102817761849325,-1.1067565550796465,0.30184234417411915,-0.36916926764433144
2015-05-27,1.0463404583389346,1.1139861393791861,-1.932946299903826,0.07912645797936158,0.2453288924385344,-0.05695887835976965
2015-05-28,-0.842848172934052,0.43110721582644285,2.4434614834212276,-1.073084240768829,-0.21990858915045264,-0.187166871908917
2015-05-29,2.0546057262011086,0.8744004230307967,0.3248014168685698,0.13703140413408033,0.030612555458842117,1.3781751487558669
2015-06-01,-1.365956256735279,-0.25216461147762326,1.218397219715639,2.8791262900303094,0.28543180552069725,-0.002964315431874809
2015-06-02,-2.6442916105807623,-3.7762654320556033,-1.9117767981339129,-0.39899566566787836,-0.6818412815656649,-2.335359240519874
2015-06-03,-0.32215813605965815,-2.8735828447008505,0.6098504027004292,-0.2559547482900437,0.42305300197069684,-1.2305070176218624
2015-06-04,0.9348159887139884,-0.22355362487901376,0.3538029740586701,1.8240706897636239,-0.20103241030980934,-0.05470363313393456
2015-06-05,-0.31528316611731944,-2.068249277071199,-0.8086652241023007,-0.5423434268114646,-0.2246990076483768,-0.1961676769116849
2015-06-08,-0.8203683117638749,-0.33438794539495387,-0.5766488980858964,-2.4566165178089183,0.06212362102711033,-0.8694134258897646
2015-06-09,-0.15944484794173652,1.395017334334181,-0.39748596986500795,-0.19765020132948008,-0.6130184742188516,-0.27038282806817193
2015-06-10,1.3724615154853792,1.8808837791948418,1.7268343219254856,2.500857996273087,1.5263711096879184,1.2720668903445809
2015-06-11,-1.516343762864003,-1.3675151177897082,-1.4236244010345622,-3.1629599655662144,-1.1323935276318142,-1.9582875620068996
2015-06-12,0.8948300152602284,2.58229641290757,-1.1313418294083055,1.4478825124547123,-2.547339716865926,0.22032684655837187
2015-06-15,-0.3914229027834115,1.098183519242446,1.8169463521366502,1.3373088743851902,-0.03989452277393113,0.3883300602441242
2015-06-16,0.3183209641033802,0.9525361526471432,0.8985829861451577,0.24395800683734148,0.28743231848458173,0.41677463845015694
2015-06-17,-0.36691305506150185,-0.23174654648498993,-0.3652256478768767,3.0145367438144666,0.07165685536894006,0.5498738840850059
2015-06-18,1.4830505607592803,0.6636650098549302,0.6276959537903526,5.127794099950034,0.6464716649507984,1.0263830165222254
2015-06-19,1.0690326881636514,0.39558925686509205,-0.6587083336555999,1.8080758253506746,0.770736795415039,0.6159334653041526
2015-06-22,1.6157188388387533,3.447716413252233,2.863310516841855,-0.4966677053838464,1.645376001975274,1.5580570218593381
2015-06-23,0.4727129152410692,-0.4919815533094729,-2.290382188791762,0.3327597817650574,-0.6521557307195835,0.3405944696333929
2015-06-24,-0.5987963595507351,1.355663541788088,-0.5297971986756855,-0.4120639058467934,-0.1669733461293732,-0.2469733616678238
2015-06-25,1.8359088535345958,-0.9284043565651379,-0.4672863902880242,1.377542361960371,-0.7898300161031102,0.444337505883885
2015-06-26,-0.20187473438795234,-0.9847790336044548,1.494272830893073,-0.3832584084659585,1.6784217762629172,-0.20124304149797823
2015-06-29,-0.5833443502690994,-0.16040268144157377,-1.5021000254066386,-0.9843100141059047,0.003865358746502068,-0.748102536329065
2015-06-30,0.9937072711824202,-1.0282637402371342,-0.5857707351258679,0.9335348197778037,-1.6178679407569008,0.6022745602803914
2015-07-01,0.4872829004821,1.3636412855672742,1.3257374469510363,0.5549474044602487,1.6522874450732195,1.010334046573469
2015-07-02,-0.5778151539217569,0.2562192621939463,-0.9424353978801592,0.5170766929208925,-0.5919787746103466,-0.09640797405430224
2015-07-03,1.5167290151590684,0.49522707375686537,0.23277718358047927,-0.3610848333802097,1.014478938424923,0.47365863597876867
2015-07-06,0.861055967287494,0.19074608907707624,-0.7068576850148611,0.8290431667031362,1.1290965433940148,0.4390151714822377
2015-07-07,0.30919277470811135,-0.8091303752180812,-0.2847642769691183,-1.2111699258922637,-0.6474435171172743,-0.13318922357890006
2015-07-08,-1.6561707975333406,-1.6155044264946516,-2.345737702216444,-0.6628502476027753,-0.808449495765251,-1.7360295552789728
2015-07-09,0.4865144391344778,0.6340730144611895,-2.0365484217726992,-0.9231228786566348,-2.7975585750895204,-0.41252893149892333
2015-07-10,1.5548606143543475,1.1793140404149804,-0.05330499306507308,1.458371844088413,-1.9088369068582134,0.38422055160178825
2015-07-13,0.495074738136303,1.0378473416426948,1.3493399846076226,0.5190496760503205,1.4226046104787615,1.1853357524637564
2015-07-14,-0.39228544883262995,-0.9323770562237876,2.2207315887021073,-0.9136032206403355,-0.4005130210737007,-0.06561478304294432
2015-07-15,0.4442062699557825,0.38283096455082877,1.3127218196851365,1.3379613821299596,1.8503904937106963,0.8244543893853207
2015-07-16,1.641277378257855,0.7786410142794686,0.5131912108527592,1.2411448743749665,-0.21805381882445962,0.9884089482447456
2015-07-17,-0.3723017610246182,0.1103652066312355,1.2941900563766984,-0.19538021707576902,0.952711472085177,0.020908390731189108
2015-07-20,0.42320850713621905,-0.5197570485519165,-0.05990575376662033,0.2985325760500146,0.7913761009085141,-0.07432666484129546
2015-07-21,-1.5422323110609981,-1.3774612547769016,11.126094696957844,-1.6540664679381645,-0.688231591394517,-0.860120048586066
2015-07-22,1.489003571841363,1.7178096771400142,-0.8538188862203588,4.22703428508211,-1.3020122405471124,1.2198887654526924
2015-07-23,-0.583305376548382,-1.2310836110428047,-0.4668345192395895,-0.48552438371088913,-1.5604518627938213,-0.5061700968610694
2015-07-24,-0.004488368335597848,-3.9309727758813584,-0.9471706700922233,-1.9372451917080147,0.6650251277847019,-0.794547038951432
2015-07-27,-1.0831704577317969,-3.160333247167646,-2.050389279782372,-1.9218625015787527,-0.3233408843235419,-1.8840446675461031
2015-07-28,1.1543543681845403,-2.095502255979642,-0.22998638995039844,0.48739468005642994,0.20024208229494356,-0.2870470039468942
2015-07-29,-0.013543026865892038,1.491223579235501,2.1216535387264646,-1.4105405777875335,0.18779419206318426,0.4563968416396724
2015-07-30,0.19848548362215723,0.6050015853978019,-1.4188340301723779,0.41665775841108754,-1.0411452017390577,0.5582056356707721
2015-07-31,0.09904311182253878,3.9175288811298614,0.658898832498056,0.16997514599790264,1.2133887562658652,1.3185994355469077
2015-08-03,-1.4617923583806314,3.4722291318546095,0.1763774132200524,0.05988818471291957,-0.045790092727926446,0.11954031512864116
2015-08-04,-0.8170331689781318,0.3675274553656349,-2.0112104236355455,-1.4414526821413753,-0.027926055381100046,-0.306089917070973
2015-08-05,0.5292344938746085,-0.8597528830902479,2.752436152868043,-0.025312159431523096,1.5246117360860234,0.5993941733038577
2015-08-06,0.3433568289868516,-0.09632418391364306,0.055223315971542064,-0.8909199449795624,1.0266345417595302,0.24160032260487352
2015-08-07,-0.3011183692979036,-0.2893444059693051,0.7958098648112921,0.5516237026198079,-0.8257917913084944,-0.2800298085977815
2015-08-10,0.18304698292346266,-0.17733404008249964,-0.8762260614629147,-1.5695672841203545,0.7856254548937125,-0.45536279311072514
2015-08-11,0.004555023512931022,-2.374042393400899,2.1316601331798912,-0.2993070201340098,1.248009493621316,-0.7418833032042493
2015-08-12,-2.215224611292066,-3.5070309430819457,3.178140692629916,-2.391310970831606,2.5919724021217228,-1.334137908193067
2015-08-13,0.6632766838863491,0.08572112735245607,1.1883684772157732,-1.0128210890073874,-1.351222375996075,0.07664473603414823
2015-08-14,2.2504941014641844,3.6656573736449483,-0.7555965653264773,3.599919321640832,2.564887057463716,1.947141259339502
2015-08-17,-0.9348604457722898,0.09911545431979807,-0.6178094689227365,-1.6805078053808709,-0.6825279119796024,-0.48423735196454487
2015-08-18,-0.4718196449363554,-0.5942295412441179,1.9437274766882062,-0.6942578933261112,2.091513698761527,-0.12680924643075908
2015-08-19,-0.4142146966469862,1.1291773929027915,0.9618830851685578,1.1121775881315354,-0.2664037636145866,0.33780685872379923
2015-08-20,-0.6609211334542064,-2.052543963526521,-3.4877138572049105,-4.012153405394681,-1.7101902854570805,-1.4408266481082843
2015-08-21,-1.2468354795945102,-0.5867632649367738,1.3529431725791907,-0.9112715275535588,-0.39821886961443065,-0.8694849922367243
2015-08-24,-3.980974427393613,-8.95446648629149,-5.0308697913948315,-8.63484470620557,-3.6433192884304133,-5.915098088055637
2015-08-25,-0.05888087537514464,5.019436870591321,-0.5860396050441863,2.2421924683066585,-0.4459907821791398,0.9181738418811536
2015-08-26,-0.48604513317879183,-1.9223950326151207,-1.938944856125202,0.6189940849822717,0.3740029889714336,-1.1274391291918318
2015-08-27,0.8485587323499244,1.5824734264019424,1.709572800781678,1.8455500680758519,-0.08147842038915831,2.016210472317792
2015-08-28,0.5723374732153008,0.442534069700784,2.6089997338275994,0.37394048094341326,-0.14763860156667974,0.6667547122292117
2015-08-31,-0.04863710751380479,-2.0444109775266894,-1.4986103380873805,-1.8913301176345043,-0.26448931512698115,-0.3830365083121179
2015-09-01,-2.6619216829457004,-2.5009015486678776,-0.49339923439841726,-1.8752301449246667,-1.0393573362797448,-2.326467597194082
2015-09-02,-0.49494967690035807,-2.2513341459893588,0.9595707712116264,1.1549610103472219,2.1439133989217263,-0.88429775544967
2015-09-03,1.5223653859987696,0.755161537733473,-0.0090879731547866,0.5061541759176835,0.532419828737396,1.3735907736166952
2015-09-04,-1.4104673871615736,-3.410176536750298,-2.310452231498916,-2.1022296430238008,-2.2317190970434164,-2.1468770971813878
2015-09-07,-1.1645935069219404,-3.3559512976556016,-1.4153610572016806,-0.3230207394430251,-0.30226902395863453,-1.257339958011272
2015-09-08,1.990978143618416,4.69690283114319,0.004734238315173833,1.8482981465564485,0.021709867956110074,1.7125760525132927
2015-09-09,1.2200406126928298,1.4378812237412442,2.8239562608233237,2.9990581205795674,0.3719728848496695,1.695445617094271
2015-09-10,-0.5215030030970014,1.0773035544981102,-0.7577970772177034,-0.8065944319455842,-0.1706245992998623,-0.39009540862875447
2015-09-11,-0.04945253507643299,0.056091583218997876,0.9533081292944612,-0.6978068345217525,0.2592946287355957,0.015404360706794407
2015-09-14,0.9104369433628579,1.812744369699093,0.8251217332317928,0.33684379020217925,-0.013662946077852567,1.0649249276883932
2015-09-15,-0.6423473076967889,-1.4317119352867391,-0.05002269499612133,0.36463834386954996,-0.5643685447766611,-0.5481266771729776
2015-09-16,1.0067641498062496,1.620106516103359,0.22290852537920625,0.6401499307970182,0.5162760230189356,0.8947363530129149
2015-09-18,2.579767200134775,1.8325103819159416,0.2541646171632328,2.618766816721596,0.03530381131868765,1.0475810818002973
2015-09-21,0.3048260612720455,0.5218604788914893,0.01810858988351427,-1.9320996623368614,-0.007839770449535877,-0.06013361162410247
2015-09-22,-2.117846260690015,-3.132831771170319,0.2534743577372156,-3.4392491168134587,-0.9505878616718255,-2.069675641963653
2015-09-23,1.7998140789379002,1.0349282072906085,0.7946344272949935,0.288954643665984,0.23152280279832294,0.43459031378008106
2015-09-24,0.20969468805824842,-1.8474464827221482,2.1768978987071863,-1.5288058873015986,1.8853821872554244,0.2874069312977845
2015-09-28,-0.47555531454963607,-0.07454916502233067,-3.068671449709559,-0.3701966088108244,0.5154368392418229,-0.9252056260723118
2015-09-29,1.7584289622683436,0.33570461833687393,1.4743815220851442,0.7791422998312703,-0.21013419643192144,0.6105879931557867
2015-09-30,0.3756501307865534,0.5018552743183413,3.5744656459940627,2.563183654270529,-0.007733800983111827,1.3463733413981993
2015-10-01,-0.10760872467753257,-1.202145807303212,0.9552494268304734,0.27832064780024535,2.1850867965016008,0.025160714370175974
2015-10-05,2.875469462628688,5.185338298642916,0.7416928343389362,2.6945588236617635,2.5353016342967605,2.117998017986733
2015-10-06,-1.128973463576477,0.6406681606665909,-2.2974679389536123,1.1317954011172082,-0.42959263683324256,0.41382999106465146
2015-10-07,0.16577300884130786,0.0884257467004268,-1.8534517782372584,1.7537912721412807,-1.7055502971099812,0.30050657181448504
2015-10-08,-0.4274952934206655,-1.607780739564535,-0.09265447729699394,-2.703002333785076,-0.759234907423223,-0.5875926976951273
2015-10-09,0.28161684336218684,2.7473564333974743,3.11353192178494,-0.19683084594057654,-0.1576034959015482,0.742372968703231
2015-10-12,-0.5155899827486432,0.5242977348705935,-3.8118681516103536,0.49584996524330016,-1.408930999918534,-0.5629033610123568
2015-10-13,-0.38868876238146166,-0.052170814481700134,-2.092798666975604,0.20747949580095515,0.22947363597340953,-0.14612581906097155
2015-10-14,0.7804108942091048,-1.5828783344749686,-0.1637259263686297,1.046317333180058,-4.419770862049144,-0.2926853228365389
2015-10-15,-0.05530220030729449,1.2195180552294183,-0.02277324837329786,0.08306553017893847,-0.6421465994396636,0.8830905477206663
2015-10-16,1.466577488605303,1.082582796904319,0.6943366062309497,1.2282665306823093,0.17218404659591346,0.7170412693318751
2015-10-19,-0.2045586694700896,-0.7773351819784335,1.557203596111001,5.323605021700706,0.677620593438566,0.44790896394040214
2015-10-20,-0.2641585900495347,-0.3481846904889285,1.2590680278310895,-0.7057847061110123,1.5268489767080062,-0.16192547934769097
2015-10-21,0.009151104704718804,-1.2229233820749252,1.1057248245111895,-0.17769481245025753,0.12860964711787215,-0.1204383487806604
2015-10-23,1.2328829922964024,1.2557535146217047,1.010192265755383,0.06806351448935821,0.5011013539090836,0.5301937657024025
2015-10-26,-0.6314885174305451,-0.3144188541641113,0.19570148660810194,-1.3394017801145686,-0.023617244801410475,-0.4207172582956553
2015-10-27,0.8533711117499232,-0.57823893873159,-0.23870382553597969,-0.35001541559490645,-0.2148800670910611,-0.33471638954116756
2015-10-28,0.054018640014241726,-4.406047786661094,0.3305799925545916,-0.27671598736970227,-0.07899950896237407,-0.7494344931314734
2015-10-29,-0.7152664621007387,0.09215823573753834,-0.7067043443421461,0.4322631769897667,-1.334466779263277,-0.727557689096936
2015-10-30,-0.3579291467570078,2.044597998757758,-0.8384074076002945,0.7119924843232983,-0.006077444329788406,-0.5664646384873739
2015-11-02,-1.5005452774152883,0.9205682993115083,-0.3742828056821579,1.2767722347500454,0.887714603053058,-0.18597039801661053
2015-11-03,0.16620919321668204,-0.03576480632832002,1.2641372607839152,0.7710029421381437,1.036843128325593,0.12297400090901522
2015-11-04,-0.2949623003875246,-2.182868301258567,-0.7594911072270838,-1.6439180590780644,-0.37940052201118624,-0.2543203382247228
2015-11-05,-0.1710463160514486,-1.207246983009791,-1.2227279645316447,-1.5452682768373527,-2.0187366032465515,-1.0540782311541208
2015-11-06,0.09724144338718599,-1.092385591917766,1.3714514185595883,1.6869694584195072,0.93045958669975,-0.014460408861305396
2015-11-09,-1.4894829331433046,-1.478850553948885,-0.3250555579835779,0.9292247559035793,-1.3728353473960064,-0.4915531264230055
2015-11-10,-0.9579353975302629,-0.1330056339009955,-2.7101903155866025,-4.005188297686235,-0.5341468509945435,-1.665783484975325
2015-11-13,-0.24179374065594894,-0.39954142639510026,-0.27631536005694457,1.116220930660461,-2.4713336810953668,-0.2710927478722036
2015-11-16,0.8459531526465502,2.1012547449290597,-1.8713689149398194,0.1339612558693304,-0.951032511069072,0.5713562131630656
2015-11-17,-0.014137285956528078,0.22450581862218932,-1.7311630139117296,-0.7010608973300858,0.6716899071980809,0.39645564834993596
2015-11-18,-1.1500714946610646,-2.7627432704047217,-3.909556354703836,-1.697647623107268,-1.635605740324808,-1.349273722468125
2015-11-19,1.9359016537637608,2.284514777487612,2.7254845224395474,2.4945116260596922,0.47205045895730713,1.4349853606560714
2015-11-20,0.18243675973832474,-0.5442970564563776,0.4389989896840918,1.2944605646126428,1.5153189372862919,0.17595619760288894
2015-11-23,-0.4482233876105912,0.3774313936639295,0.12353498683146391,0.7287308913891177,-0.3043965150115624,-0.09291361817810317
2015-11-24,-0.15948768497350274,-0.9776344606043486,-1.1910313317293197,1.4626503339468577,-0.9661115923699226,-0.2248610038379506
2015-11-26,-0.037585341197110544,0.24681990777617457,1.0805180743451936,2.1649249163277817,-0.9459508490356594,0.6665267171503286
2015-11-27,1.4521425104373487,2.291659543464175,1.325546321156823,-0.9710188463439184,0.33254753835580964,0.747106624777305
2015-11-30,-0.15285203787714918,1.2960656050194475,2.0209273037040676,-1.2205555444758431,0.858338825156646,-0.09379927643368147
2015-12-01,0.4871107044342793,0.12794892962537663,-0.8180923737796886,-0.1240948007029008,-0.49080825422350705,0.24762801857218797
2015-12-02,-0.4801329547194033,-1.2778476777827175,-1.6960140490105857,1.2475436215459546,0.13970974519523782,-0.296041496142041
2015-12-03,-0.09741386563459908,-1.7011805067243535,-0.2781064364184682,-0.07668791541397546,-0.6109472485045564,-0.8472730932953976
2015-12-04,-1.6577820881106264,-1.6365568689038157,-0.8225208723243838,-1.2024288206458844,-0.9507529627622802,-1.0458854551524621
2015-12-07,0.2880274000377048,0.6119633171417727,-0.2668980535870502,-1.3879448383321336,-0.3693233019990694,-0.21203048364873966
2015-12-08,-1.1958933607536193,-0.6082411047012348,-0.17682322058116817,-1.1711648047621481,0.3965835333330503,-0.820301695113268
2015-12-09,-0.1715648385194224,-0.7649749445279963,-1.5511464162076716,-2.6570153282954867,1.6594719461403118,-1.1581883616657795
2015-12-10,1.2554388953776474,-0.19271972693125639,1.8624831121946128,3.7613190129293095,0.7138242500497549,0.930046695402309
2015-12-11,-1.3435934039858322,-3.7265831680545203,0.5203658854561644,0.2735861816943741,0.060782067002818074,-0.9481552357302969
2015-12-14,0.8314747212855744,-0.12034257791949665,1.5862412832886141,0.2256168978897799,-0.31642445911119754,0.5203320218742258
2015-12-15,0.41703190772768295,-1.0441625691282153,0.7527084005960472,2.17777471617866,-0.10931584703973707,0.6647028314128445
2015-12-16,0.7409625080498472,2.293013852947978,1.6982809622535733,0.2817990425516337,1.3700567998858215,0.6492747683265243
2015-12-17,1.213364789346838,0.4364153976746943,1.0265909080405144,3.1727431794877026,1.301669086134849,1.2056689737954374
2015-12-18,-0.6711813495042906,-1.204813669877336,-2.1632820029688804,-1.7629045802181942,-0.9406497305174066,-1.0504363180879661
2015-12-21,0.22369409282594344,3.2386893802490935,1.8741391498165783,0.020155844763469766,1.2247414444150229,0.9340436124388285
2015-12-22,-0.8322718602492007,0.522861006244546,-1.7852932364647356,-0.4838068015904362,-1.6902204773809437,-0.6171472975241898
2015-12-23,0.7173591616796093,0.8861510347239587,1.577845088836649,1.6712136652725862,0.8627240407202086,1.025546764808305
2015-12-24,-0.009322032567438132,-1.4893889929166737,-0.4087682974013074,-0.32377294002462476,0.34838570480697495,-0.06229877514251081
2015-12-28,0.30261108466620446,2.364787973998439,0.7661794106672115,0.9844646997500428,1.168725272301363,0.8154139618607559
2015-12-29,0.06497573587807004,0.265104558761875,-0.004540131620933696,0.4948590379568296,-0.28016425907541054,0.04795231655652099
2015-12-30,-0.33860709221527063,-0.9065305843847016,-1.665594067331433,-1.0734744957230369,-1.5270115687752162,-0.4124151937772491
2015-12-31,0.7307013455458478,-0.3811581351308546,1.758229313156634,1.005482767584498,0.7670600107168912,0.6344796283837217
2016-01-01,0.6098980950995703,0.6313321509942904,-0.013538489734177261,0.07391076794822649,-0.8391809795477823,0.0
2016-01-04,-1.6762412929773651,-2.83271284922777,-2.3840798323246815,-1.9746912985853515,-1.9367755228285266,-1.951213966956744
2016-01-05,-0.756653492723236,0.4500214662395585,-0.44954367603053935,0.9896433286520567,-0.8714661158529036,-0.08535035886758635
2016-01-06,0.4423955114565059,-2.5710880504063893,-0.43760201155763623,2.6911458634292673,1.3899881365147193,-0.5607176031205752
2016-01-07,-1.0214584101038926,-1.3394713297852912,-1.7346723008866638,-1.8358788890993738,-0.4345801172613073,-2.230980432922103
2016-01-08,0.5822866077146438,-0.6889617877467891,1.189552658949533,1.2336504140957105,1.111256483764378,0.4366937597831466
2016-01-11,-0.3529981278015848,-2.285224456864121,-0.7147508409375725,2.520107282982864,-1.470245654615976,-0.493333414699082
2016-01-12,-1.1005098554158321,-1.127598833606669,-0.5446558948275837,-0.584818179004909,-1.4942664653855853,-0.7079766557687717
2016-01-13,1.2608139483701652,1.1615814970131977,3.18585519444059,3.0034872164382387,-2.056278441952586,0.6937152844914696
2016-01-14,-0.9809947735945568,-1.5657744938716411,4.5781863254976685,-1.4115199288376679,-0.01754059669429875,-0.3385181686611949
2016-01-15,-0.7239892119880631,-4.793224621064618,0.6089983460301207,1.097351312882,-0.776736479558815,-1.3135548583687595
2016-01-18,-1.564075272534693,-0.6014580870630337,-0.7018354284603734,-5.259490318465931,0.7319700596936318,-1.167009155487031
2016-01-19,0.9699386819012723,2.532490507649321,0.6847047648231852,2.630689147050602,0.07244571243474329,1.1440633608522655
2016-01-20,-1.689514623465338,-1.9016333118309525,-1.6145434058260077,-3.7418601718871347,0.03510039439009738,-1.6919784712569719
2016-01-21,0.4615544656665138,0.8466988365483763,1.4091763850302863,-2.0257884083434097,-0.8836664615079926,-0.44463903340177247
2016-01-22,0.713603601232804,2.850188075569182,-0.07037740566295803,2.0270408689536,1.8296861449998758,2.001572044501976
2016-01-25,1.0530765485394111,1.4178422833564852,0.12322563001081477,-0.01993813541798506,0.38763284955321,0.18457122204607046
2016-01-27,-0.5282639966856184,0.5295454461686999,0.07471322472187847,-0.45818939016247784,0.6552173541297002,0.021517824106065397
2016-01-28,-0.38140240615189835,-1.727762539910771,-0.7817326970696481,1.7561381087838113,0.49360372684712495,-0.1761298464757477
2016-01-29,1.7592337174974215,-1.3078995353580258,3.1250056497526435,1.819254958527572,2.5780805341029556,1.8707939656508632
2016-02-01,0.9429838204241481,-5.626763529462542,0.7253702376255555,-0.49255829678097607,0.47670372455119736,-0.10047675458274563
2016-02-02,-0.5614458286970048,-3.130762548915822,0.18750167524099748,-2.829264233096085,-0.1914694291988206,-1.3287592960483763
2016-02-03,-0.9442192151862816,-3.018041553507622,-1.5184492420261986,-1.9727452175027693,0.7589660214268434,-1.257452534768888
2016-02-04,0.5125223523982259,-0.0490246893807611,1.9046397324757658,-0.8508090749027253,0.1551484649361834,0.5732320415128722
2016-02-05,0.5766603921601998,2.672227360040469,-0.4280308407105693,-0.2209491171414224,0.07853929135022142,1.1493800331746407
2016-02-08,-1.8384517700529956,-0.4059204925578319,-2.0345637947462802,-1.0145288062263336,-2.43606045026149,-1.3599777854234385
2016-02-09,-0.946062584355889,0.40757492269156703,-3.7495986707706153,-0.36939418867215634,-3.4511838124721472,-1.2054527014450533
2016-02-10,-1.2767568673734742,-1.026750762047668,0.08129455325756041,0.5378553494500782,-0.552304943577997,-1.1304156886925099
2016-02-11,-3.7168604791351645,-3.8600464556266867,-2.697254022130735,-3.957819668721696,-3.1227890416386406,-3.317073758299127
2016-02-12,-0.3998767204740572,-2.860742884371137,0.5562872179050382,-1.94688270588943,1.3035013873224255,0.06593845767279838
2016-02-15,0.2264683857982286,5.140800046898852,0.6545595258967918,4.434380171222707,1.9109668102635702,2.607094949942601
2016-02-16,-0.015405663767886768,-3.3906703236028735,-1.1540929291689817,-1.7111250928448563,-0.15867410957627337,-1.6012982386441998
2016-02-17,0.1489720870543776,-2.975585830359273,1.7328624739164855,2.3695659908642197,0.44141176797247716,0.8541154940942874
2016-02-18,1.4924533331930778,2.8309204422994227,2.327258868401083,-1.312179591436613,1.7709908470424862,1.1718419964794835
2016-02-19,-0.015172516973271932,1.351002454133532,0.34271024833805175,0.4520736736957298,0.16409867352045193,0.26419160844022294
2016-02-22,-0.055590989990206285,-0.1760494036074589,-0.053220198862669044,1.9007738330325763,-0.16163322985579542,0.33006004489823937
2016-02-23,-1.8912677967424796,-3.250185982088183,-0.2440848009067298,-1.3145529413572388,-2.2410299452269467,-1.7278200216274464
2016-02-24,-2.1081376031193977,-2.6041501459861727,0.12900610135115897,0.3159078910149882,-2.3432362468403967,-1.2778531956425754
2016-02-25,-0.7318928340126596,-2.139046763126873,-1.3373753349390727,-0.8975088926216013,0.08594577769582834,-0.6853134671341854
2016-02-26,1.9466470947633985,0.9836129223450119,0.9772306430005928,0.6620117180255347,-0.10618332938074904,0.8485625558068977
2016-02-29,1.1290235950744965,2.8409044097251757,-3.3091240042787406,1.7151542938373066,-1.524544027656216,-0.6074212498666354
2016-03-01,1.265629358652176,7.840030168231382,3.819015729326125,1.5155339670111623,4.587003518927846,3.366943224623564
2016-03-02,2.342130577416701,7.343265313522429,2.7144779050368273,2.058509350971982,1.8536005187945515,2.0291361052837242
2016-03-03,0.8588034081767226,-0.9091031925181681,1.1505231176262898,1.133292998348101,2.3416587684957024,1.4486656477644022
2016-03-04,0.4626610335437542,1.1467983922805791,0.11545317642245312,-0.6368217542384813,-0.6573250068984904,0.13042431206367056
2016-03-08,-0.627095577333936,-1.655334981045442,-0.6150425168489626,2.0469142269635032,-0.1378755071355875,-0.000671885323921817
2016-03-09,1.0501403356172556,-0.23057935633538085,1.2935516904963196,1.431346126795452,0.12532738790858033,0.6212176026787919
2016-03-10,-0.34640460866793843,-0.3928807774607468,-3.0547151354909374,-2.8751047306220134,-0.37970791278200133,-0.6060955352974129
2016-03-11,0.7294868129807064,-0.7656635010180546,0.04376533458030352,0.2718068688851494,0.7218341952492269,0.32126384433233124
2016-03-14,-0.11179033893775614,3.6474349107631365,-0.15749628575487673,0.5174961609678785,-0.43337031908992074,0.38014705260878134
2016-03-15,-0.08272839412624133,-0.1353712011794017,-0.5958608991714298,0.07354444471654453,-1.065820714671839,-1.0366427105786724
2016-03-16,0.36524870118497255,2.281469015342563,1.5911588539819554,0.12248861595558491,-0.1223199894163085,0.5113516586384925
2016-03-17,-1.1693759447639063,0.5962856400359318,0.807002785276012,0.5568217484244409,1.0743173096274594,0.18402806717785491
2016-03-18,0.9819300620131033,1.075738284768546,2.724298124375246,1.102353952870816,3.137692575450557,1.221959193022193
2016-03-21,1.6724956440949512,2.0200064470887513,0.12570292915068393,0.9832666573544424,0.8409267801948506,1.3137204502793765
2016-03-22,0.78901073855282,-0.5322820286685404,-0.41425649419435384,1.0170713024261424,1.097635125969787,0.1382341219943628
2016-03-23,-0.42700157870346755,0.25686136578177976,1.5000670016014572,-1.7798519078931152,0.028297418715816924,0.020740355370829633
2016-03-28,-0.17630017440336543,-3.7361301262519353,-0.2401164181139559,-0.8550150396403167,-0.016210787535320126,-1.3140659929210097
2016-03-29,0.6014415557120012,-0.9092842277990232,-0.634922744173394,1.5533045385986544,-0.16172087542780655,-0.23768693023248355
2016-03-30,1.0580720556200074,6.311552009201349,0.7266834131904432,1.0422097725815815,0.8139963868943667,1.819141704784788
2016-03-31,0.5821969947276573,-0.3579012953773941,1.0241094435427645,-0.1766893880734366,1.2371686667491666,0.041365536126503066
2016-04-01,-0.6255089192798491,0.6972342093286565,-1.0547701045456659,-1.0285065464350707,-2.634590840276352,-0.3275883642117283
2016-04-04,0.4321622692338156,0.18883122553183807,3.1730771381051737,0.05801106579002013,0.7070043023063022,0.5931505845093277
2016-04-05,-1.085094325582825,-5.507843294450899,-1.9216809210448549,-0.7825736789215498,-0.3439471306015851,-2.005459778469787
2016-04-06,0.3830020248202892,-1.3519519750175957,-1.5658149783983943,0.6621489769460753,0.7776247693565663,0.14664749128432408
2016-04-07,-0.5652302033087087,-1.0110234755748237,-1.5990773969951744,0.33857739969633815,-0.4472882035862713,-0.8917360178204881
2016-04-08,0.36474973188720394,0.4312531187996793,-1.3330430368460378,-0.08677495348138331,-1.5683034903614224,0.11594855559287076
2016-04-11,1.0949856066587715,1.5593211174674604,1.556924386557479,0.3811531435177429,3.0673759255060995,1.5380096361092388
2016-04-12,-0.7423051434035655,1.802390587494318,-0.14358900617432724,0.6824874312874263,0.45882636741181315,0.48948423295307464
2016-04-13,1.7638732675077318,5.202186412392917,-0.8035755806943157,1.7805968576162456,0.3196734405935153,1.8355287868643932
2016-04-18,0.5592898094102239,-1.4543821079125663,5.628021023081509,-0.12194084786097958,-0.2553247384670776,0.8184244011682829
2016-04-20,0.9238681051111586,0.37948614865239705,0.39557917324191116,-2.5780629823191292,-2.754297703890618,0.0006292681500319475
2016-04-21,-0.6102780409546371,6.301195821705208,-1.3911057542142058,0.37114635206001445,-1.0589850745885476,-0.03411598992387743
2016-04-22,0.09164621358483949,-0.41492141262235993,-1.2272814507150565,-0.21130035962787508,-0.3032275972011944,-0.16114660947212922
2016-04-25,0.10071173456038807,0.3769897641017872,0.37975904329505816,-2.122339407988294,1.4150262368783917,-0.5601762319964343
2016-04-26,1.8843066710403145,0.4348554180616082,1.3406527563498472,0.00492571288859267,1.572649763474132,1.3698206928241197
2016-04-27,0.9291869459755908,-3.7197502962479922,0.6492629982212339,0.24090777792979967,0.8555012457360789,0.21663642394880167
2016-04-28,-0.9117439557118856,-1.8397357671464332,-2.4996803642049814,-2.226795316923491,0.6630113966865636,-1.6623003291656557
2016-04-29,1.6517491453002853,-1.3119469480834756,-0.086853972907186,-1.404631822584912,0.30660136422395734,0.03249297126382
2016-05-02,-1.2981545046016119,-4.304708381407407,-0.5835823923186156,0.4324878444661229,-0.3470719198739425,-0.5592486870497626
2016-05-03,0.03130144590344219,-2.491725197996131,-1.9357880943451589,-1.1297396655422842,-1.9234391165096287,-0.75455620851691
2016-05-04,0.8363048331871292,-3.0076847889611735,0.938162297742684,0.23568893219112486,-0.004036146099861693,-0.5221401227894718
2016-05-05,0.4391180770973335,0.0932521074486159,0.30283757425955127,-0.2913739701008722,-0.3107259834854048,0.3756570196288278
2016-05-06,-1.117212275635715,1.840209599387821,-0.9182787724323016,-0.6459905225073781,0.12545829328209912,-0.026498670900398924
2016-05-09,1.9425804087422227,3.0649586089132264,1.4854002945647427,1.460346129165102,1.5828617454689553,1.7146242107484388
2016-05-10,0.3066431869516162,0.08875323110193456,1.1467540360669215,-0.05594607430339238,0.4119696076727797,0.2765047328716186
2016-05-11,-0.532831103843312,-0.6873320975271935,-0.9028840128094573,-0.7277060889332776,-0.1823657846481752,-0.493796850778383
2016-05-12,0.9045045706915333,3.505235040841348,0.6781381450820412,1.7838876835631456,1.9020650865687383,0.6567816182767139
2016-05-13,-0.7136342076562885,-2.2864540081854234,-0.22728469524569972,-1.475611446394609,-1.6678587180423587,-1.0822236982540034
2016-05-16,1.919557242883152,-1.2141315242464201,0.6419487537177027,-0.22492390607337098,1.099762172316976,0.5867010227795566
2016-05-17,-0.8041128241431106,0.9832511844386715,-0.0617206548709448,-0.6967579130752188,0.7467152094532636,0.3816429729987636
2016-05-18,-1.1096838198992431,0.2212848689120861,-0.36237195398231004,0.1444553980243457,-0.7431448142988462,-0.2610664088489645
2016-05-19,-0.1183866946936396,-0.39744130849069803,-0.33886950276430516,-1.9937184932658614,0.22930262830362924,-1.1022661712474568
2016-05-20,0.14043917415558216,-2.416318922178118,-0.344208658494749,-1.7872185758646908,-1.081340164343536,-0.43296897826234915
2016-05-23,-0.36374031924176764,0.45434099843846276,-1.1317911975769035,-0.4495866763527867,-1.4964768152757935,-0.24065951139995434
2016-05-24,0.28150839782736803,1.5603955746777753,-0.02104800354426617,1.1236755464057557,-0.9532715648639889,0.2302441895789764
2016-05-25,2.9255817526808503,4.653740367954584,1.759642407100026,1.143056883264748,2.380738889204337,2.40099888812888
2016-05-26,0.8480394113190792,2.6170125444972436,2.1097970388225473,-0.4573199657037619,0.8807319941692038,1.6981940750153468
2016-05-27,0.3000058390857374,0.8293706169661075,1.081699265073044,2.94134053756121,0.9396517553164951,1.0781136858828422
2016-05-30,-0.5940213321459664,0.555208964090248,1.6112099820067893,-0.6155786243127293,2.4780025406476502,0.26788078338353394
2016-05-31,0.18223497262070953,0.061345149755931416,-1.4949504010698722,-1.1200566650716115,-2.5413093251789642,-0.22497893677019265
2016-06-01,-0.5711257795435354,-1.8802411464502677,0.7648281751847508,-0.4437008084497318,2.4966821545359785,0.24325801667495206
2016-06-02,-0.017029399771650855,0.5415616044352367,0.266245932994047,0.2778932609637019,0.6303029217294309,0.476775519028827
2016-06-03,-0.272344528864521,0.9944004191818845,0.4240865736740762,0.355548714453624,-0.7773315168518424,0.022504204686080165
2016-06-06,-0.055485990132986274,-0.10255899261369938,-0.01184488653604987,-0.5053794709035775,0.38234796493650247,-0.2402442641741276
2016-06-07,0.22203260833870697,4.353183002212724,-0.7381070377085353,0.026193763363857592,0.7138940278698991,0.7974636440766236
2016-06-08,-0.9457186730689515,1.3970865592192405,-1.5349091606714826,-0.09946628525837609,-0.686046723489786,0.07983607496653278
2016-06-09,-0.27523751466548285,-1.2031873384423908,-3.1335661878277743,1.7869991405809582,-1.3719221634727163,-0.83947512649023
2016-06-10,0.1681728587465514,-0.7660509178697317,-0.41331447489546536,0.5714955029171298,-0.8342325915328908,-0.4089644337244347
2016-06-13,-0.7275913980193782,-3.5035689960456695,0.025388774153789484,0.45049420062581724,-0.34236382685243205,-0.7276541569812833
2016-06-14,-0.09108587424531134,0.4923158834819086,-0.4995915373178672,-0.49435159679722673,-0.4769996693299361,-0.021576701833758705
2016-06-15,1.5366566523786096,1.2247378215129112,1.2723412399660905,0.8553196368300764,0.8678970148513265,1.2054669964487674
2016-06-16,-0.6327009323904398,-1.605274954187219,-0.3319664936419109,-0.8429786605461786,0.05668705440442512,-0.8023982222768011
2016-06-17,0.6754539583336827,-0.25098824345599624,-0.5480439941237147,-0.14340463366145917,1.7316504042292236,0.3617626792678852
2016-06-20,0.17523028313306543,-0.14676517051349647,2.4798636107190353,1.5693902875964616,2.1785647154413335,0.8359624373303065
2016-06-21,-0.4607219988997713,-0.10501618430753812,-0.21922278388485372,-0.3130707847441738,-0.3045903949842055,-0.2257645126540031
2016-06-22,0.41568532558393656,0.48348969783369444,-0.5472190779711728,-0.6686182857342127,0.6204588685625678,-0.19708505629796313
2016-06-23,1.587701090374627,0.7949958598300277,1.0087247830585122,-0.005094304567498931,-0.8359237392586372,0.8136572328440339
2016-06-24,-2.3695425520636415,-4.130354984727768,-1.407220841639989,-2.9578368452290005,-2.699078397629129,-2.1987932139331257
2016-06-27,-0.167822668696338,0.757741150682878,-2.3732758518127506,0.44143557847089454,-3.034234185857543,0.07541598771854119
2016-06-28,0.6034903672467173,0.1933836949107759,-0.6045434301895303,0.22498549826668324,-1.2781379974447393,0.4095260052119798
2016-06-29,0.9373817605228041,1.5011898044963612,1.526987750743758,0.9500795037969745,1.580753512975086,0.9369009200318468
2016-06-30,0.6976129271881071,1.6480098102344076,-0.5140730605118216,0.232714168265713,2.005720252869203,1.0208434909800168
2016-07-01,-0.16575159514151672,-0.0831484175627617,0.13667583701277852,0.4436813431724529,-2.0465238662151664,0.48987492835812496
2016-07-04,-0.14475065213006566,3.2452651787349795,0.9851307465041925,1.361126035187099,-0.26593231970183373,0.5085111447510116
2016-07-05,-0.6139079894658894,-1.229103328917236,-0.717945290312727,0.648633127190168,-0.35680948406685564,-0.41513850919495665
2016-07-07,1.72012821815688,-0.10199522544089845,-1.548329055165354,-0.5236070488652933,-2.2331457692298273,0.023394997172565546
2016-07-08,-0.9108761701048795,-1.1843990202058952,0.08207115727030256,-0.9616306563853705,-0.131659129881323,-0.17630571995113087
2016-07-11,2.1194036482201195,3.265138312485938,1.4548677605905835,1.4411359542227498,1.5474001832175066,1.7385163388715874
2016-07-12,0.2000392693228603,4.742843401536567,0.1276740231157314,1.098230473611883,0.032473321943782274,0.6276575256050743
2016-07-13,-0.36600093679672874,-0.21015479192897368,1.4661491637682378,0.5331801714481665,1.1419687485910712,-0.018187954806314632
2016-07-14,0.21705708409107682,2.852765730332263,-1.4701192300623944,-0.38166456626554934,1.1552153099054996,0.5340689007570898
2016-07-15,1.9452908279924408,-1.061066291153645,-8.816145357757243,0.7264400393360404,-3.03534341001932,-0.27553542761237226
2016-07-18,0.30643093709941116,-0.8842861524032464,0.8764064332293264,-0.5878241452650146,-0.4866879744622188,-0.3828434895569499
2016-07-19,-0.7413613972156563,2.1830012035560564,0.4621333993086729,1.1478384052205692,1.3458170602690833,0.23328603569714446
2016-07-20,1.1367825926086983,-0.6130594031783398,-0.3542045511782055,0.5108931753568635,1.165751572078566,0.43735225263032973
2016-07-21,-0.292151386035433,-2.093447149842409,-0.2954405988673692,-1.6275616978351448,0.44489051543430413,-0.6508402848794281
2016-07-22,0.1790443487459159,0.5918249173656465,-0.68987619525962,0.8446481172752929,0.3611158555710592,0.3654550165692383
2016-07-25,1.3121640762419506,1.9738011637560504,0.7832442280867324,0.7784283445968931,2.0070869159031224,1.1058187743255843
2016-07-26,-0.6535794773682713,-2.605612238422028,0.7262880395191074,0.12709658752398934,-0.24810847319920448,-0.5210956669673972
2016-07-27,-0.14938148114774785,3.420604249892456,-0.30770910434599896,-1.069279761795372,0.9774229351187769,0.2927533180717701
2016-07-28,0.92973435975654,0.517351313018688,-0.7232692798152973,1.3078691044002833,1.6178291936114642,0.5861324676151858
2016-07-29,-0.18022866558849993,-3.3455801431263366,-0.33875563677823184,-1.1156052985713538,0.001896685861524361,-0.3207805558776422
2016-08-01,-0.31294894178621746,-5.096995885129507,1.0616278333549056,-0.5320809866538267,3.3959871867075275,-0.022575624385023918
2016-08-02,0.08049218856225338,-1.6833597978074821,-0.13362534129931491,0.32691884034490304,-0.33420809157101994,-0.1580424402241265
2016-08-03,-0.22923599735045208,-1.3045264998869044,0.10148372166385311,-1.861181615821994,-1.5893464119727696,-0.9051569392458547
2016-08-04,0.04434698418387395,-0.7228357255954609,-1.2074598313509988,-0.09558054695159024,-0.16190355850018712,0.07314347572768831
2016-08-05,0.664791257658992,2.3299305640583023,-0.3545702823347763,2.34138527970178,-0.10932836231545284,1.5442549763450941
2016-08-08,0.028017140704550414,-0.2846082974865105,1.0018684901400565,1.2792258876015428,0.015061116487014026,0.32475792173825013
2016-08-09,-0.19208055708396232,0.04077747901327644,0.4357161806811005,0.14088015603053172,0.02646138506952056,-0.3799596028080332
2016-08-10,-1.6276225138314504,-2.4454849767537867,-0.09691507025988422,-2.624427552623887,0.9508699427223988,-1.1863013316336768
2016-08-11,0.11001912598231911,1.399611052611771,-0.46194021605205915,1.041196679150258,1.2895097467588101,0.196501420606765
2016-08-12,0.03664726856891232,1.3391083582604324,-1.37373902721043,2.139819101134832,1.0535626715797441,0.0
2016-08-16,-0.11393201508141937,1.057124786087038,-1.0117263130232423,-1.05232075467111,-1.7071609919280473,0.5865750920455381
2016-08-17,0.6192652071082438,-0.38221772598209247,-1.7588869643831995,-1.1318316236555548,-2.494709373723192,-0.21405719860551065
2016-08-18,1.4251772719493738,2.1405507562648696,-0.9581007625388938,0.4687629340784705,0.5334303737313251,0.5704998976902687
2016-08-19,-0.4311352187301942,0.3954118850393984,-0.2052176846846776,-0.3094127740397523,-1.3283945602262759,-0.07320911278931863
2016-08-22,0.25659221328278026,-0.649867681075611,-0.5727692848982224,-0.3005229477028859,-2.1048674657643263,-0.43556517669032235
2016-08-23,0.09198819536566649,-0.8126810547033791,2.3831753517003396,-0.13835249153402174,2.0539993253373634,0.03997170745508871
2016-08-24,0.8270366370770388,-0.6994487715903053,1.70728757778289,0.9946088171307599,-1.1149495284822675,0.20503899304304962
2016-08-25,-0.2575594783553403,-0.6037269561794845,-2.00963488425584,-0.7643293937766082,-0.8164479140756242,-0.6716485056797228
2016-08-26,-0.11522849592727757,-0.6681570857402286,-1.5345288672883095,1.5009327206013445,-1.0231353813486388,-0.22870033493540554
2016-08-29,-1.5114103469243356,2.1198519422515716,0.24992779889969619,2.874798052923233,-0.9663424558737033,0.40711796863421856
2016-08-30,2.467485799867819,2.2954050777400425,1.7207851906461125,0.8463769166780377,1.743577288378062,1.5904758198549196
2016-08-31,1.7774830761991822,0.6829349771215965,-0.4373354452430811,-0.6001492697792488,-1.291138885193721,0.47860147188798496
2016-09-01,-0.580844146891768,1.1433952936040326,0.16412482623029412,-2.9056714873762712,-0.15134588853457087,-0.13145392127147382
2016-09-02,0.10904017950237321,0.1341310049112865,-0.5493694302983965,-1.5400031593712504,0.29112708754224226,0.39887629069979
2016-09-06,1.1905949725342646,4.362804756618144,1.2744056308303886,0.6463551207278373,-1.2227686230483092,1.5136765190694401
2016-09-07,-1.0496790154360003,1.9985350411017455,0.8947130424354244,-0.22060721927898985,-1.7511529838335371,-0.2801051625573092
2016-09-08,0.20594465342758106,-0.6471447363565086,-1.5838915462677017,1.5476716696375625,-4.853426063432487,0.38741867728371293
2016-09-09,0.07755191312193155,-0.814172659461665,-0.20719307429620804,1.0789594379841283,1.3069914646724357,-0.9583893290980194
2016-09-12,-0.8136796342460895,-2.152495806855803,1.7865659448889515,0.18668952885054768,0.280558786677787,-1.7041355026008564
2016-09-14,-0.8164749835582907,1.2117748647138216,-0.7969776933889783,-0.16722282824573886,-1.297128548759252,0.12621047883116798
2016-09-15,0.7995365066880256,-0.31312494626843934,-0.3251656680658188,1.9382596850543221,-0.06438694520515265,0.1827767518446155
2016-09-16,1.4262273664907177,-1.2010470939598505,1.7223175690663783,0.9906113747089274,1.49336918250218,0.4266467508998506
2016-09-19,-0.5932855980898211,1.5896812546326577,0.0990404961606739,0.6368926289750165,2.1065156546280717,0.3251853109136782
2016-09-20,-0.13176473029260505,0.18409364954397045,-1.0412589400558891,-0.7575884880882233,-0.2052788585758969,-0.3689659706499149
2016-09-21,0.3531208652328699,-0.8085223119535967,0.5332432560864131,-0.18153002050923517,0.286753269809803,0.014243552733739229
2016-09-22,1.075033626825772,2.0748514184341094,0.28888331569210113,1.5574703262091205,-1.4668219862609133,1.0288054854791007
2016-09-23,0.443800602091593,-1.5426605732875132,-1.5347171839957596,1.2718652940746367,0.8452589202389005,-0.404855847332275
2016-09-26,-1.2607736283662407,-3.207374452246059,-0.637889331258723,0.39899504277347564,0.12507260296283906,-1.2285499419638857
2016-09-27,0.14659266538943339,-0.9712383437700756,0.37166004646316253,0.2980459920013834,1.4576550327200621,-0.19086689214536934
2016-09-28,-0.2156901098794628,0.28846398834831977,-0.07695510944183415,-1.7874787473770692,-0.5356430246280297,0.44507486747020764
2016-09-29,-1.3704196076263386,-3.988505799580011,-0.9384499770682342,-1.6687299312772574,0.608672285843781,-1.75983698107679
2016-09-30,-0.36397406878585503,0.7189924868686637,0.6655743230414402,1.048980882088757,-0.2871154604718096,0.23163556671030872
2016-10-03,1.1273940324899367,1.5863592194852005,0.197872010759359,0.645949852528882,-0.78578167857426,1.4742422671912614
2016-10-04,0.1825808376944904,0.8003076234211814,1.0692596957786904,0.5180139124799421,-0.27155472466597885,0.3553493624252724
2016-10-05,-0.2675753572852324,-1.0650589726855841,-0.7338898377918568,-0.6339150990862019,-0.7816652731910456,-0.28737328235858284
2016-10-06,-0.32266997776746464,-1.6441505720303562,-1.3537979889921004,1.9643839655922646,0.10060932886908347,-0.3934193340149772
2016-10-07,-0.10530509661632603,-0.25871337456253585,-1.4454158743926637,-0.16203965534657971,-0.877004794303271,-0.13720795655899343
2016-10-10,0.29283644993340907,-0.19952049314225784,1.7184429575331173,-1.1406793497271028,0.5278634868140619,0.12877340663539627
2016-10-13,-1.6817642189054016,-3.578573114085981,2.1748533415392846,-3.5754930062596446,-2.1593792844406545,-1.555325628677262
2016-10-14,-0.07525621295685347,0.24882466323312702,-2.3946514131689134,1.9391756562862295,1.6016161282183417,0.11723284023095193
2016-10-17,-1.909956120164158,7.03205592820817,-0.4624341711518265,-1.577515134845331,-0.15851408269028644,-0.7339748483457642
2016-10-18,1.6280140352637806,4.483079301324633,1.6285307697982088,1.9280740688805587,1.5979483469830802,1.8485046802882321
2016-10-19,0.039743234233102775,-1.960416563063705,0.2646632995717102,0.5781086679156999,-0.21250208757073175,-0.21665126820665792
2016-10-20,-0.22650493891386292,4.734957992033606,-0.4943369592564584,0.018387689178300803,0.25259111857243166,0.4654153788272275
2016-10-21,1.2107119350346807,-0.07203819073332562,1.2333591006911782,-2.1470209507788107,1.1452950858390931,-0.07300027188475999
2016-10-24,-0.5626809990568638,2.577497202506285,-1.0786697060991113,-0.08457087397506502,0.22916415235982868,0.18290923188344355
2016-10-25,-1.04866163708498,1.6517240186978865,-0.9638849234126168,-0.23040643906387936,-1.204879596225883,-0.20266955521803798
2016-10-26,-0.8797702618104197,-3.75107358433614,-0.2949298317389659,-0.6410160029458822,-0.09170641784184141,-0.8750107164233856
2016-10-27,1.0328285291017147,2.1192559692766677,-1.0550287798856695,-0.5075528291857423,0.9118322445772931,0.0
2016-10-28,0.5550801641712733,-2.6204768285559843,-0.597896709243384,0.5959829305568265,-0.8022909463145211,0.26406662604103737
2016-11-01,0.059573975910165444,-0.5418142553473171,-0.8070098044162588,-0.37442627990650346,-2.0302856532048885,-0.13602685806899384
2016-11-02,-1.083517948033641,-1.2529486114081667,-0.8489816338332457,-2.592787202477631,-1.9552685225466937,-1.3012606868569754
2016-11-03,0.7061557218043246,-0.7907364582813492,-1.44741403551375,0.01954368502194992,0.6683602752118434,-0.3412004309079175
2016-11-04,-0.8964333681699244,0.01854022949985268,0.4292281701592904,-1.796957150918066,0.4785886724112398,-0.603423639902867
2016-11-07,0.4623386775828964,3.298746021517829,0.7157620187758562,-0.4375691843875984,-2.2956312034121296,0.7505534867348507
2016-11-08,0.3881707544252322,1.614633964493306,0.4754800160413186,0.23472429834967556,0.2701021720979746,0.5472487636161372
2016-11-09,-0.24315722157313147,-0.6179452137952346,-2.4730354165867108,0.10961054341467324,-4.964526887276744,-1.3056610804363489
2016-11-10,2.1818008334157035,3.9616340245624215,-1.9722241095929238,0.5773618179090834,-0.6636510784847394,1.1118358633776193
2016-11-11,-0.21506452459162384,-5.536585617525502,-1.9001786642500074,-0.8561069070146976,-2.519192551607663,-2.6912611243878892
2016-11-15,-1.649958277110064,-2.4059201336603775,0.21703627709139806,-1.6321414963523684,0.9589935052159104,-2.2642577269069153
2016-11-16,-0.8288722850363195,-1.3160271000743795,1.878628955275241,0.11669995694212343,3.2197424909619743,0.03884715658204474
2016-11-17,-1.137135027241698,0.5446900790041509,-1.179725947093102,-0.8919998130779261,-2.393116714353727,-0.3901807530291679
2016-11-18,-1.5281939045887372,-1.1395356537529433,-1.0539770569410911,0.9971994102605741,-0.5661712821894871,-0.0724026450019899
2016-11-21,-1.048373499660027,-1.2849649064742064,-0.9674057838364503,0.4050521284293618,0.36702377199311353,-1.7958657713704862
2016-11-22,-0.05424359550401103,0.5742775210058948,0.34026245561040724,1.0035356232920734,0.09849993219916975,0.9231779915716665
2016-11-23,-1.1101058893951743,0.856490847698721,0.6617441563542048,0.7539021677778424,0.999962797006626,0.38738863522509437
2016-11-24,-1.624822971298534,-2.132478152371542,1.0921144073553712,-2.145684662084457,1.4886372611670806,-0.8439844937436325
2016-11-25,2.0420200260730326,0.3085232977041219,5.073639297375876,0.6431328602992004,5.113190321728012,1.8680535394827613
2016-11-28,-0.4077804427446319,-1.845439326732734,0.2301544879307782,-0.7094734017171422,-0.7716085944916462,0.1552826240037497
2016-11-29,-0.4812287345060673,0.05874794869136224,-0.72976380161488,1.1199582063027735,-0.9966555887211848,0.18764842908427504
2016-11-30,1.7687948145783006,3.9538176434456007,0.30331217718917447,-0.7667698160560232,0.7168474988957341,1.011404833415619
2016-12-01,-0.19588024437946494,-2.410094789972439,0.005118398381909195,0.7777468362963225,-0.5535842673171643,-0.384213136056899
2016-12-02,-0.6807218685882965,0.13504892388156442,-1.1377412525725772,-0.30068227053677843,-1.8379318225550723,-1.2950308300941793
2016-12-05,0.6096910325464222,0.5202425083607354,-0.2955053124276019,-0.09047532210867404,-1.6135174718516665,0.518749027126697
2016-12-06,-0.1588102844175321,0.05749118125857322,0.5043422432383871,1.1420209450869079,-0.16694293349402978,0.17714780678148578
2016-12-07,-1.0758231910896088,-0.8812177316769865,-0.01033265102017289,-0.6018767290593585,-1.2738748212401396,-0.5047198952388254
2016-12-08,1.5149179300044668,1.5655194680419315,1.8884333693800937,2.0917795743679246,1.9122237589607183,1.7871996368588716
2016-12-09,-0.10005719785839418,2.169360660966735,0.4773320424894534,0.8725125324103411,-0.02277604121236898,0.18067979083868924
2016-12-12,-1.155792191296079,-1.3410432647613102,-1.2129121908487916,-0.17008182162145946,0.5899351115811191,-1.1008587201561393
2016-12-13,0.15195328964690002,-0.16989554937498763,1.3147713363320213,1.2266400530293264,-0.35774130131421833,0.6241739024219095
2016-12-14,-0.8893387553499887,-1.456134991330893,0.9644573927708011,1.8945983024372337,0.3317650368613423,-0.47860091840919994
2016-12-15,0.0765477815715121,-0.09594033663027357,-0.7401772129240092,-0.618207742284882,2.341916613340289,-0.3525850688682164
2016-12-16,0.4844507540855414,-1.805601487012487,1.2898498172791983,0.3988763216316027,1.0334689074255055,-0.1735417750965862
2016-12-19,-0.4694359466780873,0.5868385489772976,-0.04974823846407572,0.510795947779008,0.2737874186256706,-0.4312342580149231
2016-12-20,0.43765283954548817,-2.139238425235146,0.7465393292183764,-0.43762039531735075,2.201967383356873,-0.27084460873485483
2016-12-21,-0.16076321987574804,0.6558013733252377,-1.047283326685855,0.5057254848850334,-1.0986179495138915,-0.26106228238139684
2016-12-22,-0.5847542621057467,-0.11846804055838378,-1.682379849411575,-0.9311173447614673,-0.25500037710664003,-1.0196830414798908
2016-12-23,1.1209601684224246,-0.4348629247269975,0.38082392747129656,0.37500835159838264,-0.8493206032304523,0.08334150796909245
2016-12-26,-0.9483715050992991,-1.4691221802458077,-0.5766663468667388,-0.9316329420993696,0.21849324852545315,-0.9704786651222541
2016-12-27,0.868088937652689,2.17609296511454,1.6484307093780792,1.6468682487368103,1.3213488972554366,1.5755710511965448
2016-12-28,0.13078439468090508,-0.7099182267727544,-0.04503450766150108,-1.408854751692279,-0.4303673939838548,0.024897763255693484
2016-12-29,1.5546635451440194,-0.2581995645598356,-0.615916929546334,1.5004374593130754,1.6555371020253506,0.8556475748073389
2016-12-30,0.08295889847462767,1.67265481541794,1.839058842927077,1.590877245786948,0.5889604416307925,1.014360358861044
2017-01-02,-0.754422277405864,-1.3121766514990973,-0.9400400076903792,0.2494400944348607,-0.17757921521388553,-0.07696016073948098
2017-01-03,-0.6014574559469965,0.9724069166511917,-0.7241918759726684,0.39627754669215864,0.29224081298679927,0.15587749862460143
2017-01-04,-0.3697689138323579,-1.2971808593149503,0.39240634438622024,-2.042413483624017,0.4749638313169324,-0.021361652781592966
2017-01-05,0.05904751281262666,2.4492304053575165,-0.1603686396835058,0.9605053958366083,-1.8953185575019793,1.017029542610337
2017-01-06,0.6280617757690177,0.3498503186037061,-2.3992080007070538,-0.2274040813130318,-2.270389434651754,-0.36259035398709116
2017-01-09,0.12984732511145403,0.21306543090091612,-0.19543043011950312,0.2558220854332216,0.9774849975428879,-0.09401004613908137
2017-01-10,1.602229223541185,0.5798133802485728,0.020599772842633257,1.127414838729024,0.5056932411743542,0.6380462228092743
2017-01-11,1.61816264202721,1.7294400762166484,-0.1494040261051266,-0.3486737859821232,0.39089812882471264,1.110570972035907
2017-01-12,0.08102273908052737,1.37892239708588,3.1936954936213624,-0.2532138708381204,0.8582793021725488,0.3167988574872327
2017-01-13,-0.20241453873284243,-0.11178863470080458,-2.424882061265188,0.6554035500928812,-4.054439610581051,-0.08148474852923693
2017-01-16,1.2291893067078563,0.4663260290916016,-2.0649614568747032,-1.2976846915871199,0.41127709288193426,0.14821044232022906
2017-01-17,-0.7333492390160679,-0.3342026277205923,-0.02617506259735558,-3.252040500142317,0.8943469539691717,-0.17592008642893786
2017-01-18,0.3310294235888467,0.018633482833507742,-0.4814930398416628,-0.8355395001732102,0.7174723664935323,0.2262443438914019
2017-01-19,-0.5069751495251906,0.4656312014584385,0.767789009647557,0.11138457394113122,-0.17858449926753117,0.21503634757038537
2017-01-20,0.004016533828732349,-2.3173853851939596,-0.9811021635229733,-0.7642469461185852,-0.24664178239524048,-1.0165855054597661
2017-01-23,0.6713404540406254,-2.2395242237946755,0.4216333230117275,-0.9651039050989407,1.2220984063433082,0.5048344194100052
2017-01-24,1.8398779078295346,-0.15531328592311988,-0.7505089585680857,1.1221640922502552,0.5050649392633666,1.0045856484240057
2017-01-25,1.8184644242451586,1.0888703702859548,-0.9465208615820564,-0.9734259562549363,1.494567868528951,1.4977960574563243
2017-01-27,0.10072064208994647,4.635496313980791,0.5925625164202586,0.7667198975414458,0.20400853276907327,0.44753131266164203
2017-01-30,-0.5379692804477032,-0.4411606943418134,0.7642128392369996,1.9217739767067643,-1.0560692567807561,-0.09836539852451365
2017-01-31,0.13230839292697194,-0.6831580546227345,-2.185718818033633,0.03827977122663473,-4.419400686363895,-0.8276643631809133
2017-02-01,1.4805887860189326,4.48037613373351,-1.2761306433874409,0.4257622470147826,-2.7760442829926624,1.811647640847469
2017-02-02,-0.5361172339753972,1.7081933439927255,2.0889151027254638,-0.5858995025962543,1.8335830312613988,0.2047818890261066
2017-02-03,0.9509607772995476,-1.4870581965583662,0.02138365295278888,-0.9439401456134977,1.1279103059507634,0.07671174184962215
2017-02-06,0.23264216178757735,3.107782643381163,-0.09080775460672541,0.7739485902242826,0.36729327772113685,0.6875638006406781
2017-02-07,-0.528880925809494,-0.7578269590920783,0.7484610368958977,-1.0320116772916443,0.17181944716126996,-0.37211469911869743
2017-02-08,-0.11475335809979503,-0.7983263521978978,-0.6102489571214731,-0.5577734663672618,1.1739508563099132,0.00855353964515082
2017-02-09,-0.6127244448872915,-0.27992253939443934,1.0144286851822892,0.7413523338776207,2.040981155749688,0.10663168924529565
2017-02-10,0.4585162634854312,-1.1929884865724438,2.3572968381496917,-0.2517454152346388,3.4803394052971948,0.17257602055471555
2017-02-13,0.506302132964076,0.01776634587384862,1.6575268943627153,-0.02911981356800153,0.679726548700077,0.1307776751758416
2017-02-14,0.06868968901774242,1.0651545233581805,0.3403295463298095,1.9371607288894088,-0.33138797973557566,-0.14480326951941125
2017-02-15,0.8465981160052705,-1.3701152334070654,-0.5973583448779296,0.14288711131866805,0.30965439538441775,-0.7688501401983627
2017-02-16,0.4311135023619128,-0.6945677560818875,3.086178949115803,1.5409483317932793,1.4106704484114108,0.6109070053333943
2017-02-17,3.7013391433872833,1.506469164164681,-1.1856404582667235,0.7494202046324228,-1.6280438779756157,0.4978377228582742
2017-02-20,2.3274344626623478,-0.2296818280060342,1.0149109987728222,-0.009295143843490727,3.916305631519923,0.6518017924770803
2017-02-21,0.45773758898526307,0.8677100271335059,0.33156480843703484,1.1902533080842659,-1.472710513330755,0.3226575978951818
2017-02-22,-1.1585509759025503,0.47402089373647094,-2.313512202969359,10.963051612847652,-2.184273556042937,0.21386509747480797
2017-02-23,-0.34663898605704624,-0.5766379576584324,1.8886039478927863,-2.049688311065312,2.915186247298873,0.14114204061503877
2017-02-27,-0.050214590338315546,-1.9859283051216092,0.35187027847189967,4.747421908437199,0.3243900509020792,-0.47877179582190843
2017-02-28,-0.25114146480139654,-0.8965491326019093,0.0,-0.06861922002218135,-0.9478680038834453,-0.19221268068030373
2017-03-01,0.11149720039003164,0.9951277659245417,1.2593889346499632,-0.28673507835037526,0.5392678019943142,0.7455313102474381
2017-03-02,-0.8299502254919044,-0.16122754120458938,-0.18045169268051664,0.1822578484438786,0.8832387621332538,-0.5147645341154417
2017-03-03,-0.22462959441081898,-0.968978413891386,0.7720087248080043,1.7626745119378784,-0.29582658007685225,-0.02472199008398679
2017-03-06,0.27233577646266216,0.289920831217505,0.2618262042668906,3.7185788756393334,-0.8640576744151529,0.740657732427441
2017-03-07,0.39471491664495595,-0.2710050230585348,-1.363767164930152,-0.030644423609904603,1.1041397419309096,-0.18463654426456033
2017-03-08,0.432827912017375,-0.5797172511810555,-1.1766881916130734,-1.053691463699935,0.49606667056998344,-0.25260799775062015
2017-03-09,0.14367021839623018,-0.32797822401675614,0.372094925824773,-0.3446404215481702,0.300546495103271,0.030256662949423863
2017-03-10,0.42317302391015055,-1.078608979293294,1.018215828331348,-0.39633979923567875,0.892920822254295,0.08457269729471584
2017-03-14,0.7570868389005225,6.172602619767997,1.267335096011979,0.6124754426866552,0.9932452448712548,1.7062996865551794
2017-03-15,0.41822350080205073,-0.7310705961703468,-2.208187328464306,1.1981587420906603,-2.6952574574063304,-0.02421255983823256
2017-03-16,0.05296724770331718,-0.22795631310683628,1.6700635631222704,-0.5594241242432796,0.9045982244465733,0.7584139673551205
2017-03-17,0.5996975307155594,-1.3708066641413441,1.1128900275058307,0.23505163264923024,0.19239911127104659,0.06936658662091144
2017-03-20,0.7188766367439703,-1.9779085651795536,-1.8071746950385936,-1.5299217177307534,-1.8113564065986854,-0.36244557639315556
2017-03-21,0.3377108840671772,-1.0907200528029404,1.1111057232745525,-1.327313318981338,0.2701715886541445,-0.05861397529225432
2017-03-22,-0.6974475811286962,-2.591431559677415,-0.4986205208697858,-0.32442389129984095,-0.3116439221550138,-0.9981889457600146
2017-03-23,0.0,0.7358486506961803,1.2406319036823765,1.0796347082071778,-0.750302310715123,0.6184587497530369
2017-03-24,-0.45774189085676653,2.9218938860494204,-0.8697941734118086,1.056290592433884,-1.347407924154942,0.2388232369495924
2017-03-27,-1.018032185329465,-0.5823418092834931,-0.24724396067179466,-2.7705511156557616,-0.6241406473425304,-0.6895015885759803
2017-03-28,0.7341456773780397,1.4094766364315836,0.6123465425770247,-0.4276293422752486,0.7421167260043493,0.6146863328001739
2017-03-29,0.591444621653836,1.8772553085043775,-0.3188040929669733,0.8750038467508325,0.6028672170420357,0.4724859454424246
2017-03-30,2.6319532122190514,-0.3012032080092597,-0.6154053179139862,1.114053571080631,-0.1472542352328965,0.3275464899958447
2017-03-31,-1.6130114449076083,-1.5994260733271481,-0.31691164040084097,3.9546735459364823,-0.3768882043378219,0.0
2017-04-03,-0.6481574780414001,3.557877258222275,-1.3157393939739692,4.069208200085361,-0.8266048443089313,0.6987285393105225
2017-04-05,-0.05931121108898596,-0.6452710753644508,-1.2737746788894388,2.9352886657097788,-0.4332829857334519,0.2955317785461098
2017-04-06,0.42936674548996745,-1.4042619228088915,0.36647904729887326,1.6607762286489969,-0.04995802754134138,-0.034540133484917135
2017-04-07,0.024321883284184054,-1.246200261926611,-1.8057154146981724,-2.217601725550278,1.2082955566079745,-0.6872244968150865
2017-04-10,-0.3266376977335228,0.10816749774165135,-2.8679254374548324,-1.795082085436095,-0.2799190675415342,-0.18318178068531532
2017-04-11,0.3730369967474667,2.160999648637185,1.4422217198126752,-0.651559069324037,-0.12181084689547594,0.6050221207523521
2017-04-12,0.29177143195058264,-1.0047678794854575,0.1757682799465421,-1.3371220377849546,-1.0767220456353144,-0.3632110499891761
2017-04-13,-0.2354915562913007,0.7122610103222682,-3.8654030279074214,0.7976395902866695,-2.6992668847394596,-0.5720723153564311
2017-04-17,-0.24300776519000644,-0.1414585624381126,-0.697875972960571,1.981989222812497,-0.5926608183373538,-0.12567207506942735
2017-04-18,0.730780563405653,0.3541127885739126,-0.24326951183359924,-1.5554956429676192,-0.261307681574785,-0.3736545992832463
2017-04-19,0.11744827259023705,-1.0056355220313784,-0.3739379007644872,-0.10218431612173395,-0.41799468873645607,-0.018125901870869043
2017-04-20,0.9075398409990276,-2.7802575499620064,0.8812201860601832,0.0548191311101176,1.1460910333635166,0.3614037526775471
2017-04-21,2.356122235168989,-1.319881676154211,-0.38823414976919546,2.4058880042629793,-0.6321227754739533,-0.18606890321317682
2017-04-24,2.4355081634494624,-0.18578917376210757,0.30853191240745037,1.062386328413889,0.74866329453942,1.080661013511497
2017-04-25,0.26093209165267695,1.4330926808939104,0.3021938391499557,1.086508023938948,-0.7130388268975718,0.961704198701141
2017-04-26,0.8848097214995798,1.6146775477590358,-1.624774233037063,-1.1411352409998576,-0.04974037089338079,0.48621410503593143
2017-04-27,1.1575741437416909,-0.9931383008677575,1.2031738006165416,-0.4906730243234514,-0.33328666669562024,-0.1037144431864756
2017-04-28,-1.4089198855416263,1.5867362341073,-0.6809107788250501,-1.0145253530583598,-1.281102363946951,-0.40783528785550693
2017-05-02,-0.38148152058786744,-1.0412993230014322,0.3971955405808858,-1.7667777903800252,0.7368294937185604,0.10479307618374012
2017-05-03,0.24016650061318146,-1.034103332359193,1.268141324247618,-0.032841309201381286,2.0699727168001614,-0.019858805361794296
2017-05-04,-0.6151676998909394,9.184208406660632,0.35856940955634187,-0.8867819883903505,-0.3080616477351361,0.5149318274558334
2017-05-05,-0.16941637988756586,0.25186696619790006,-0.6558876649443102,-2.1871331990319764,-0.41202034214193883,-0.7970232889681239
2017-05-08,0.16970388606787346,1.4737827220739463,1.5029568635247292,-0.5157130904305474,0.9459393735196775,0.30962920535411165
2017-05-09,0.061899287818079074,-0.775696598619835,0.12163363391783921,0.6773288240902842,0.43120289413380863,0.030060014131461088
2017-05-10,1.0450917683215932,-0.6487081138438433,-0.3169013044434066,2.1610757115329227,-0.8544372809657919,0.9708238203339103
2017-05-11,-0.34799815456699745,0.519010585375379,0.04767361480040311,0.03310769110400624,0.7288861411616221,0.16051987553300506
2017-05-12,0.3395022192063557,-1.2158526018690718,2.1342964947014487,-0.6693546785309978,0.4766732833686671,-0.2281796475279485
2017-05-15,0.11277587455431615,1.7703680906017594,-1.3170817794738943,-0.4701857555949984,0.18850773203478166,0.4733589140501593
2017-05-16,0.402352959625385,0.28164190285413504,0.3625808806823949,0.9076517392095473,2.708103552001595,0.7077477566896029
2017-05-17,-0.1602807801401207,2.3459325030646516,-0.23037351579616727,-0.2359254042453407,1.0786230173529976,0.14192225814082526
2017-05-18,-0.0032319067588049144,-0.5811187326850376,0.9393352877593797,-1.9030445238030214,3.292765252769958,-1.0109419697924005
2017-05-19,0.26654637166769746,-0.292257730763712,-0.3951115618644363,-0.6403613598682245,-1.145379206697994,-0.01643579058586697
2017-05-22,0.9447361905630558,-1.0421651826435285,0.3653625707900954,0.4018637225799315,0.9652020696123698,0.10977639714238041
2017-05-23,-0.4378236564224425,0.72403200348643,-0.43164723952175965,-1.4046761181708112,-0.3811969976070584,-0.552004973114717
2017-05-24,-0.14976185417066024,0.21236606998817908,-0.2611492939071258,-0.601284553687198,1.4850958371838807,-0.27274851639997877
2017-05-25,3.2168626591337235,3.586590248110144,2.9849237636687898,0.36603022970447263,2.557513713075199,1.5939255537936958
2017-05-26,0.5472477501967887,1.2118192740398825,1.261056148031603,2.6757179660766406,-1.7660238284008756,0.8974958266515953
2017-05-29,0.36286262905917965,-2.0680849954477276,-1.0595465787032965,1.465660243912259,-0.20941950639824514,0.102143611312
2017-05-30,-0.17464862155618377,2.0641459334650003,1.1216351614202091,0.18054178414754762,-0.8453707315834946,0.20457696866569286
2017-05-31,0.43891364087988993,1.5712492975281211,-1.9223014816200146,-1.3719874168612978,-0.17636543411786443,-0.03428528870922376
2017-06-01,-0.4644975119038608,-1.9451660167619456,0.9456789602560134,-0.9286132842564521,0.2748673133790458,-0.05353140834091219
2017-06-02,0.3469149170044705,-0.6092008638446056,-0.20075690472447505,-0.2635026544613783,0.44248911204833874,0.388935141525959
2017-06-05,0.07955749847441407,0.50291920000054,-1.1037462374685392,0.34724481234542637,1.5224977937497108,0.2237489964779682
2017-06-06,0.20788475968127607,-0.2502012896758443,2.148671082985043,-1.2449787530446343,3.5350014425503895,-0.3922359487981697
2017-06-07,0.1128936393939961,1.802798373927783,-1.8430679029203256,1.9957179271646863,-2.9951368025539105,0.2775716774745085
2017-06-08,0.24072153486203174,-1.3859063963480023,-0.504538009951605,-0.5451670589651458,-3.5809040803562953,-0.17229472523487832
2017-06-09,1.3406368627287613,0.6089885097763315,-0.8207297569451266,0.3003702174035672,-0.5790204770427354,0.21767861307626646
2017-06-12,0.11699774002442709,-1.9866325862080036,1.607620676274557,-1.216591194059402,-0.7898379691013924,-0.5362874292141773
2017-06-13,0.47638709693977876,-0.2850492837488505,-0.6276998936676104,-0.3865384680640238,-0.331345718371967,-0.09878956380873216
2017-06-14,-0.3280302848274852,1.3339574307358548,0.08352477679898218,3.283007853167952,0.7607878761720865,0.11710332721861505
2017-06-15,-0.4098876639182292,-0.7208667144721015,-0.6780570621894189,1.9484310915771852,-2.388479402586241,-0.41692616884621003
2017-06-16,0.2944127125817042,-0.07893474096363207,-1.2446117759688846,0.35045729799394465,-0.4769278845803693,0.10440538735876359
2017-06-19,1.4168023422938658,1.2954109857926444,-1.1061057458951917,1.4724924685375118,1.3334713597515258,0.7248606485755094
2017-06-20,-0.37510380897504136,1.130172223631143,1.47336595971288,0.21997208749202635,0.546929160348264,-0.04193408027297618
2017-06-21,0.7204152629184835,-0.46162918939964825,-0.02119863521484744,0.6832539770047497,-1.5827974463769046,-0.20614689620345183
2017-06-22,-0.04120058943081206,-0.5152793076456441,-0.33920837421872463,0.7489388548792997,-0.4758432443812577,-0.037365154469337636
2017-06-23,-1.1395803217272293,0.7769388760954676,0.3297420039572785,0.22337180878233553,-1.3842116581359254,-0.5716490621754944
2017-06-27,-0.6552904909882695,-1.3534614929452293,-1.7174684987153688,0.09053524248263667,-0.7981683374908677,-0.6637089842891464
2017-06-28,-0.07196871227049817,0.8510135854357115,-0.25351298566541614,-2.6893199526110467,0.30734229400783963,-0.21185514012070916
2017-06-29,0.45910185634219225,0.9987702960735145,0.5947951531074747,-0.4147725789083845,-0.7148892432665477,0.13538374160411148
2017-06-30,-0.6614525764974233,-1.057123590713105,0.5751553333046777,-0.9118838758560788,1.2471549084381417,0.17677404426008625
2017-07-03,0.3964896054274858,-0.0344408779100136,1.7476264478010206,0.07608131738288115,0.47625520070977423,0.9883477981521338
2017-07-04,-0.31653063505096,-0.18963921272332485,1.0768131746046405,2.9615217258058824,-0.284365207598114,-0.0176827385595435
2017-07-05,-0.2782348053100292,1.1571732568141035,-1.169269208993362,1.4557575571516823,-0.4584222566802132,0.25277277502206985
2017-07-06,0.570142972428811,0.30732884832258556,-0.4101533602521079,-0.006944104997974598,-0.35863840279797277,0.3833962481337938
2017-07-07,0.5457896376867666,-1.3787152764863642,-1.2249087716330376,3.3690365296927594,-0.6645357953343645,-0.09044348498532528
2017-07-10,0.5488162640251648,0.6040661548656567,2.3145231204998895,0.11400377310264442,4.416839574492881,1.0888907501369838
2017-07-11,0.241612277729919,-0.6175992197589575,1.9121086759933403,0.10048087611151946,1.6777323465133387,0.1535147225716127
2017-07-12,0.050576562526583047,0.93216134735985,-0.30757998382474616,1.1208742583268982,-1.468238227600549,0.3070677677637246
2017-07-13,0.13680877227433275,1.8984046387157116,0.4833641908147168,1.5286857274919186,0.2849008376844431,0.7701693029408263
2017-07-14,-0.2138532150956718,0.1174984878455465,-0.5117467230621009,0.7653922714048633,-2.0009228182317096,-0.05409167111671831
2017-07-17,0.14287435145792227,1.7602584704536461,1.234504841366868,1.1736011643968425,-0.08339035346708323,0.29940865038224906
2017-07-18,0.07133525594467116,0.13180927495608508,0.1575238718632077,-2.0525140965147792,0.5385187369310929,-0.8955249163058343
2017-07-19,0.5197222293301218,-0.5429580030666514,-0.5833986188920837,0.858587426867996,1.712764170172032,0.7372352703497453
2017-07-20,1.0991012324789606,-0.5458797300716633,-1.0613871760472793,-0.26418518226740684,-0.20002353584716026,-0.2656653372384299
2017-07-21,-0.45882489535388205,0.4823355040243005,1.0985516409852014,3.6693037134285067,1.9020741377411943,0.42488525763781926
2017-07-24,1.8819210259595653,0.33105206883676797,1.066230608898211,1.9085140072654827,1.8718353289933987,0.5158759549683589
2017-07-25,0.26223667708789034,0.36301913681857645,0.33313341780094596,-0.8109979468526096,1.6121907781748934,-0.018568247962835738
2017-07-26,0.4541006672101888,2.0384665988347095,0.020133664413224395,1.2857576184740926,-0.6027667445930196,0.5630017114381713
2017-07-27,2.409098721576486,-1.0149918753574516,-2.3137496408253577,-1.72239201143648,-2.9068872542478807,-0.0010037865166290239
2017-07-28,-0.6230343511393621,-3.5970022512943456,2.708399458675026,-0.0219341021236108,0.1047875261125153,-0.06037397952625145
2017-07-31,0.3317491113983273,2.177949778500743,1.3886708317981666,1.3013867918508115,0.3018619539576939,0.6250897136651945
2017-08-01,0.717323349959953,0.0,-0.5587465961045313,-0.718163975317121,0.3953138411964652,0.37263481265050746
2017-08-02,-0.30881023976609967,-0.2478536082928362,-1.2132686661533332,1.5963841837643988,-1.1132222699716476,-0.32774628232060676
2017-08-03,-0.6530402210794595,-2.0374303743684874,-0.9412453017937805,1.2828394030149903,0.6326036968393955,-0.6730110536626532
2017-08-04,0.5786743340187916,0.18598322499572273,-0.025397012236627603,-1.6938186596985871,1.3396364832875651,0.5267809234621001
2017-08-07,-0.09496121785644851,1.316445198892735,-1.57563065539017,-0.35755632534716364,-0.7670194433864519,-0.0894063384204502
2017-08-08,-0.5954507615343774,-1.5491955406242153,-0.4544241832526219,-0.8537721804498966,-0.015976888187507754,-0.7840056363968673
2017-08-09,-0.7565085898728396,-1.658219565362351,0.5706273610994961,-0.23402760309583215,0.35760614710307337,-0.7065154895241621
2017-08-10,-0.22669997286443033,-0.6366159927304382,1.2276423602365139,-0.9037857488782164,-0.021929048315671995,-0.8861461782919355
2017-08-11,-0.6475750319912987,-0.6233630893599518,0.6573134156489413,-2.404781350937002,-0.6131477293243037,-1.1145357329243155
2017-08-14,0.4659670572480623,1.6901765744135044,-0.6327779268857081,1.733220793873591,-1.067683255736418,0.8583287433983067
2017-08-16,1.3686722497505688,1.0795050287671915,-0.6367994868916815,-0.4418090601610247,0.9293371326933197,1.0531736796816515
2017-08-17,-0.8898198937115853,-0.6102705466495051,4.681071768494194,0.06387049906206865,-0.26880925618218976,0.06921671640436333
2017-08-18,-0.7505451495603555,0.0,-9.560662767297966,0.529620237018591,1.1325160115124744,-0.6739598791147605
2017-08-21,-0.5108023701812736,0.1194023521553067,-5.399395739494683,-0.698234175251633,0.5966753130904001,-0.8442350412935062
2017-08-22,0.21798422068524115,0.1533077143669015,0.2289856952635283,-0.2780578488453811,-1.2357275431556625,0.11482257414410224
2017-08-23,1.4567825144999658,1.581914622867986,1.987661026906662,1.4102087266941954,-0.32434029297796485,0.8903768559017866
2017-08-24,-0.5613788457657809,-0.3014107214919237,2.167345341932747,-0.8849262462021112,0.28718902814002245,0.04617918992642078
2017-08-28,-0.014167452804392244,1.0749213011542524,3.162853843125313,-0.09566889973772197,-0.3724894362022724,0.5655850493267112
2017-08-29,-0.913620842596985,-0.46530798863541056,-1.4399531195555815,-2.1959080922373864,-0.6613683660319225,-1.1777701789638884
2017-08-30,1.282837044165941,0.2671179894498499,-0.08625803530886156,2.085312359259839,0.5544727822336615,0.9019001301445284
2017-08-31,0.44668771082152503,-0.7492345751298535,-1.262609687157401,1.9436187875605748,0.47494324035162183,0.33891787742403867
2017-09-01,-0.4981792058981527,0.08388985790537262,0.546471584776187,0.9783665579941037,-1.5983350445362032,0.569677026131532
2017-09-04,-0.9447879637378809,-0.4022994308133243,-2.146849328378808,0.20184181953519786,-0.010208374176645663,-0.6170875324781666
2017-09-05,0.25415208862547,0.16830543484098737,0.18884804441097192,1.1931673772653584,1.146095322847529,0.39696542859164463
2017-09-06,0.25921149138374844,-0.7560642157200981,-0.6985417928078941,0.7840224071020918,-1.253816865003099,-0.36172905783141696
2017-09-07,0.37786576219638324,-0.9141607096501914,0.016763379711726145,-0.5591268455969356,0.28123558957751094,0.13815972895521167
2017-09-08,1.1944200435986208,-0.22209011695695224,-1.2782833521948311,-0.14670143204420505,0.42680357653004375,0.049340012183063386
2017-09-11,1.9970189417689577,-0.410990137641154,-0.6332517169123641,0.1224223048698514,-0.6536615535856716,0.7171760015373785
2017-09-12,0.6499050890928615,0.13757676925851836,0.6088468561792126,0.7152638297507563,1.3852333009815032,0.8694739852208588
2017-09-13,0.3623543571166232,0.2747315013938989,-0.0339291796908725,3.065244697526559,0.03011505087466837,-0.13623236054590704
2017-09-14,-0.13299380437862274,0.5821583077349146,0.9787955237814172,-0.6066014443265266,-0.09039746933572346,0.07242372812548137
2017-09-15,0.5191807896168577,-0.714996267549961,1.7761035409826098,-0.24293045720867879,0.7680360080396076,-0.011889227256378643
2017-09-18,0.6219722440634401,0.4801041778600412,0.09358279504310119,0.44546494605017806,-0.27935095800124543,0.6712596042585561
2017-09-19,-0.5778201149951423,0.5631350017178738,0.34650040048394004,-0.821943895054511,-0.03199175903010332,-0.05466118624873895
2017-09-20,-0.0459545675878581,-1.39148874583771,0.04932913157353891,1.0195595804534996,-0.18813590713655515,-0.06306363787978997
2017-09-21,-0.5273433131684158,-1.927357126537066,-0.3451422908019919,-0.6846522203166505,1.2572690513272367,-0.18982067377479872
2017-09-22,-0.8156323324907122,-2.754885425802245,-1.23687197428205,-2.8466138797339613,-0.843621237877179,-1.556031910231781
2017-09-25,-1.3348977784723548,0.866133119723389,-0.32839981755857783,0.5077132609670354,0.28561456756530657,-0.9212875602266135
2017-09-26,-0.4139512627648556,1.1627755024934405,1.1783341195924724,-0.17649870565926706,-1.4378257869674171,-0.011137992205778602
2017-09-27,-0.8815446984208553,-2.245801847972151,-0.6733776571165362,-2.5545653181756056,0.8223289352656593,-1.375170946664639
2017-09-28,1.0582717051005774,-0.1627924067612363,-0.42232271195298265,-1.5891978009017427,-0.7435159296335203,0.3410132276660871
2017-09-29,0.5792810862285114,0.23554219986916536,0.4352668740779553,-0.7056892783821267,-1.6353906255859862,0.2011415113154058
2017-10-03,0.1744468211114958,0.6507566562081735,0.4056012796109565,2.234591637463934,0.5131829675882438,0.7243159742390093
2017-10-04,-0.6551000585548694,-0.8261481107588842,-0.43716844431083146,2.5677915700620835,-0.2511928160906729,0.5618985813175215
2017-10-05,0.08902561054906499,-1.5574102923386235,0.38351975038808384,0.6472531683518579,-0.5200089745716507,-0.26425071639926134
2017-10-06,0.08340205883770047,0.05520215801184669,1.8935776906732649,1.5652530398655218,0.7017406213005062,0.9202422785872022
2017-10-09,-0.25553741965705923,-0.07356226938893817,0.407535381103763,-0.764586901187192,0.30453451311287516,0.09068212982741297
2017-10-10,0.4009869719407533,-0.7175714880432893,1.2501436131719945,1.5108505353472301,0.20985979980618907,0.28231956263296
2017-10-11,-0.6961605696500173,-0.8153959059202465,-0.5077891907723786,-0.3617051364384727,1.6712144458781664,-0.32095987299651796
2017-10-12,1.6004227072022426,-0.01870747566291575,-0.3652932905986894,3.8802541416482317,1.913733066766432,1.1177047924897598
2017-10-13,1.759405121758495,1.401598797515935,0.3019476830496304,0.42394177979681036,0.4080920531392085,0.7037142143597297
2017-10-16,0.3430786314297718,1.0873717797995397,0.9568706052168974,0.03994325903258211,1.0083952603792357,0.6235527378509298
2017-10-17,-0.31768528258654394,-0.12763099467010264,-0.9051902821910041,-0.2794199331162095,0.39273772196803947,0.035193420634405115
2017-10-18,0.9318172285384563,-3.924781972153635,-0.6609450160720565,4.591972571409708,-0.30638157433769964,-0.23059945074831445
2017-10-19,-1.0757375508638312,-2.0140607121402643,0.28127237742152644,-0.5030001580887955,-0.10441099671827381,-0.6297204164917303
2017-10-23,0.8061048253498182,1.8227663794779358,1.3539043836808595,3.2805834813071755,0.15481800781973476,0.377466285828576
2017-10-24,0.2039339216702185,1.5235296665936593,-1.3837337746335443,-0.5852683427101546,-0.36710821473318056,0.22435859942857572
2017-10-25,-3.8562337350111386,14.687668241720697,0.949819922506423,0.604760614939881,-0.447233709108541,0.8586597606260904
2017-10-26,0.013910160068308919,-2.1099112461384295,1.2883701337930598,0.7979779802295139,-0.8222476830223702,0.4706027201677676
2017-10-27,-0.23949845665355296,0.6349163523240886,-0.10557630784925331,-1.8524536624682786,1.7901416167511286,-0.2006032637116295
2017-10-30,1.3372072910342592,-0.19922484661304418,-0.23774994133993754,1.3604305284429241,1.2343558016908451,0.393300300838062
2017-10-31,-0.3581310404898286,-0.1497328985116675,-0.993455088075601,-0.17507189479720742,0.29814602736233375,-0.2735579151063039
2017-11-01,0.7022282430369176,4.431868869344857,0.5640817130547537,1.2435719349443985,-0.8059749616664003,1.0178727013297362
2017-11-02,0.04942609513844953,1.0370100480730615,-0.4476425770403747,-0.6246627348760581,0.8951633132849857,-0.15995589591015769
2017-11-03,0.4719793975301201,-0.23687638454453763,0.4063177781391536,-0.13732312654455292,-0.23040877812924299,0.27533333189682097
2017-11-06,-0.11470971629209403,0.06332783728031366,0.2212380487236265,-1.3540695508471257,1.7347050777670958,-0.006698831021290097
2017-11-07,-0.26796580845575013,-1.1546975196854437,2.885764178390593,-2.7667557615904115,1.6694436801723445,-0.9725541625559164
2017-11-08,0.12337397267034866,-2.2243564581418407,-0.33492915840998005,-2.0844770830073633,0.9206350237994432,-0.45409968189999983
2017-11-09,0.10405635558234927,1.8985229678406323,0.23103913665420972,1.4305107827927266,0.05117639077309999,0.05629156585715833
2017-11-10,-0.32004986021550996,2.312872379513453,0.7909923571524979,-1.84898324612075,-1.010430359854908,0.12416205767800115
2017-11-13,-0.46377370015182606,-1.334358855296991,-1.04984554119949,-0.9730078048405866,1.853241622894486,-0.9378235734008311
2017-11-14,-0.6175656721640777,-0.047735052311781434,-0.29939660908293586,1.3081984437726124,-1.607489996390743,-0.37506868204679744
2017-11-15,-0.11652140773794617,0.4457229285823372,0.2844742953124868,-0.3383325256737568,-0.34263604898616684,-0.672940994209803
2017-11-16,0.4138288910484622,1.0934852230368053,3.845350752555765,2.280195529929885,1.5285402842718732,0.9557197007243445
2017-11-17,0.9874382938410253,1.9282069311903571,-1.765480022856769,0.8906066762212728,-1.4326433721378873,0.6740214824151325
2017-11-20,0.6902072508141677,-2.0147624612038673,-1.0711132701324066,0.9814839043535306,-0.1422450853319046,0.14732575363192169
2017-11-21,0.4406750555653982,0.4237860919710901,0.5934240794789103,1.2705508617175232,-1.1282024898525256,0.27333793542905216
2017-11-22,0.48747549713477056,-0.3125897940749245,0.005172159422328626,-0.19300095421302954,0.2880667646847357,0.149119420929833
2017-11-23,-0.6683862108703975,0.17245294089278662,2.5820108267614605,1.7459005861999444,0.022385521733325753,0.06236712756650942
2017-11-24,0.46394500221067503,-0.7043303791495092,1.8461520876963844,0.4329394892454319,0.2536269227589205,0.3957018510689636
2017-11-27,0.3321878341044471,-0.06303799076783356,-1.0697926475392472,0.026278009961422377,-0.0818392085502273,0.0948016707878141
2017-11-28,0.4199173607787765,-1.1987502094674696,-1.4067436110332787,-0.8409015665925446,-0.02047655999218856,-0.28174108723719726
2017-11-29,0.42619463263628976,0.5268255477042016,-0.20311246825899243,0.28091915050907357,-1.011066166292407,-0.08630645657047298
2017-11-30,-1.0462796567805799,-2.318573909192523,-0.6716282131546625,-2.5845721270729927,-0.7956888145782437,-1.3005125084696312
2017-12-01,-0.2967151955880154,-0.7478447389023146,-1.772367219935811,-1.2424802578997807,-0.267326224134834,-1.0242946252702612
2017-12-04,-0.7628980269109631,-0.32760256263042464,2.7691170588365788,-0.9339540933578916,0.0912567110286977,0.058785941505634653
2017-12-05,-0.744245424177048,0.32867932452038673,-0.10150104674923055,1.3420654033832635,0.1215723698236637,-0.09380168349337747
2017-12-06,-0.9420755549196413,-1.8837147351249528,0.6044455138145555,1.4173070323216574,-0.08539370172190308,-0.7328380957675518
2017-12-07,0.35214507669329986,2.103514051080202,0.9593149979990168,0.528784048351616,-0.6094532311792578,1.2206229598028528
2017-12-08,1.6992066039144271,1.6187224476675866,0.205027954511805,-1.1325235460291627,-0.6018192771531705,0.9732773998600175
2017-12-11,0.32602397696224195,0.22524853944669854,0.344360320321635,-0.5266021145321709,2.2910053941510133,0.5513494734507018
2017-12-12,-1.4352173334763019,-1.2361392877684008,0.5172727490974083,-0.06003827904307313,-1.839477516216348,-0.7953654423696332
2017-12-13,0.07967157048045515,-1.5117052870990189,-0.6679726615024362,-0.10375237634785428,0.6220840355790846,-0.4609326378225087
2017-12-14,0.9168989513844261,0.46211710040555687,0.9314925009534569,0.7489281622060417,-2.6860294763306647,0.5802972930222028
2017-12-15,1.925955011256919,-0.39428135186267976,0.9673462149928147,-0.18991494762821137,-0.47696068269639236,0.7915489872025061
2017-12-18,0.29357304621158153,1.8967530042209413,-0.6159112596179961,0.13590626044905907,1.3709688819929733,0.5371011056540809
2017-12-19,0.29538150613999115,1.5539051594791742,-1.2443342976773408,0.5374689021100609,-0.20149811411792617,0.7166424768379365
2017-12-20,-0.8676033529813165,0.6694216066179814,1.1853131091015268,-0.842373559265519,0.5300447110620166,-0.1815888030940238
2017-12-21,0.00803539902873851,-0.11081821338881914,0.6103235851709465,-0.5663657811445288,0.26072185949921334,-0.03734503889297747
2017-12-22,0.446921593474503,0.36456302002079166,1.692661085787761,0.8160375167432621,1.9667375029892131,0.5047766472073834
2017-12-26,-0.44228328845081766,0.4895536718853011,-0.36079352175453216,1.021284207165496,0.10199060089319811,0.3669112741827796
2017-12-27,-0.6208656636373155,-1.6815961281083758,-0.13035658325474264,-0.6506660169486533,-1.115309044818913,-0.3869344347908643
2017-12-28,1.1471801998612419,0.7992279459476226,-0.0966795217541283,0.04870236961598273,0.26907090614753937,-0.12248513571480046
2017-12-29,-0.3008540729956488,-0.4123024758674765,0.8516782224816444,-0.3408182220708267,2.826454598663375,0.5039158869532878
2018-01-01,-0.9560019806433506,-1.1783275161137197,-0.8157028894215546,-1.2268553596986087,-2.058325287437479,0.0
2018-01-02,0.9625338031467034,-0.19336048798664907,-0.372496399374167,0.15387135335611646,-0.5443127189579067,-0.8403999578242116
2018-01-03,-1.0521507831639632,1.711318052465205,-0.815779325305388,0.40059805580066055,0.2831619076945735,0.009576525840304662
2018-01-04,0.39132311364187267,-0.09522247038741272,-0.5776913045863474,0.6012232348152846,0.6992191703490747,0.5898537634340117
2018-01-05,0.19893081922865985,-0.5720015503416609,-0.33484314502033596,0.32054255199926995,1.208033885934534,0.5145248428569005
2018-01-08,-0.16097194463483566,0.3995119067695674,2.3764838118704334,0.5740550310102677,0.9371124843271517,0.6132296831134809
2018-01-09,0.1666125345650471,-0.4933920668903302,0.5115449083173962,1.3354191565003504,-0.19893109081163818,0.12613794869653638
2018-01-10,0.026824838087846636,-0.1919480616915048,1.0467299832201071,0.14879144568680225,3.6028065722847114,-0.04512366915013777
2018-01-11,0.44793311565394234,-0.801297750952501,2.2380561510794372,-0.48813458656268294,-0.5736388210275001,0.17870242895141608
2018-01-12,-0.38718570052180823,2.6494591589461214,0.246325477843512,1.1996704642033285,-0.507070352447303,0.282125996474325
2018-01-15,1.7396595911267188,3.6512354898443844,0.2503542643803591,0.015789994102344274,-1.08957634040302,0.5645388385020489
2018-01-16,0.12646300354608453,1.4576414457150522,3.8569975277598534,-2.760348436514537,3.8145315032959815,-0.3826227138756466
2018-01-17,-0.5078511306312428,2.738702163119,2.6049929878890765,0.16793645486685715,1.336402348972987,0.8233261943837888
2018-01-18,2.3168534454808043,0.844854135181694,0.05208075480720442,-0.5192031752631054,1.0124935772425347,0.2637073177355065
2018-01-19,0.9254018568527256,2.1522478794812283,-0.8024824714467416,1.2612877762231856,1.4084174326987497,0.7183155709762357
2018-01-22,0.5711437613894255,-0.5938845763253653,0.5728583540887566,4.316542151648717,5.558340543230278,0.6562824007838586
2018-01-23,-0.6137410212939898,3.0725432560771537,2.3565170823954595,1.2094749623430046,-0.4620686188911871,1.0714741469905364
2018-01-24,0.3254291328815162,-2.6359319319163577,0.7391122991712074,-1.7187994006504392,2.3404354856872756,0.020749430668232094
2018-01-25,0.8836986528572233,2.2820611775211885,-0.8770492371882987,-0.0465482273679485,-1.686823266103954,-0.1474797886974577
2018-01-29,1.250675847670002,-0.8730587015803759,0.6380911667274614,-0.14494083480776077,2.4927630883482266,0.5487978197707966
2018-01-30,-0.2075357168290437,-1.230245269686292,-1.0356048285014463,-1.4618960601853304,-1.4380454492674999,-0.7254905229466369
2018-01-31,0.511143062688646,-0.08492081811680707,-1.7426400618088644,1.146881900455754,-1.2845137086224145,-0.1986505865481769
2018-02-01,-0.7254302995590267,-1.9124558536599112,-0.49118445178741865,-1.81527137485058,0.8433769068334263,-0.0979334267002474
2018-02-02,-2.167092587114472,-3.2062495453713424,-0.11794952910021417,-4.18497283589625,0.4795249867586948,-2.326432772943132
2018-02-05,-1.7530757028298427,-1.6114530259382476,-0.44172832554039143,-0.2432712827068917,-1.5997227096067101,-0.8740201113473289
2018-02-06,-0.8908896864104454,0.30330808130623055,-2.675267620168631,-1.1140080934283203,-3.4142280067606667,-1.5778279553294694
2018-02-07,-1.2652775311701725,0.559401860481068,0.11736170769025556,0.2578228529278581,-1.407965089104779,-0.20527044686019513
2018-02-08,0.43516996903367744,0.3909252092518356,2.272222519992062,1.1348276783105016,0.6480563793671346,0.9559251691416026
2018-02-09,-1.6720206048154607,-2.1266970279907316,-2.2129206448835204,-0.7406939640957622,-0.084078716176883,-1.1525115565078292
2018-02-12,1.4679661384686904,-0.1530232235245066,-0.5725154388092069,1.9658100167397885,-0.14803129087873623,0.8110971654893273
2018-02-14,0.3463731743017062,-2.237547341872792,-0.4579376361236287,1.9825258194372086,-1.8703894349083705,-0.3686008622120984
2018-02-15,-0.06638356099580855,3.04122551481667,1.5212914636913766,0.21421265586747396,0.48250826888738274,0.4247217640005241
2018-02-16,-0.17535290841440565,-2.312494528529341,1.2203529710203442,-1.5336919303940988,0.24612211919128324,-0.883791146104973
2018-02-19,-0.02129673852021563,-0.40489817718478704,0.3280072513817789,0.6186853600925746,-0.322202791604731,-0.7070158285103822
2018-02-20,-0.7986456098596051,-0.781865999410214,0.4594436182695061,-0.6364591109817685,0.7233903251790075,-0.1734371321447492
2018-02-21,-0.31127304531282096,0.6146572677013573,0.9191281738814228,0.8956666570217431,3.312686783986152,0.3576097765586983
2018-02-22,-0.22615015018454532,-0.26631056879167225,1.1634961290065027,-0.5380020370276628,0.2596952529285268,-0.1418617038112857
2018-02-23,1.4758477037553952,1.3821481537542368,-0.4393540692248288,1.0710194330870504,0.8392657497411582,1.0435590678416817
2018-02-26,1.648442863516264,1.3322736664507229,-1.4753903844386018,0.4763125953795244,-1.4337772636545787,0.8726467454819975
2018-02-27,-0.4708160870138922,-1.4982345877383785,1.018817275571804,1.2570672881022427,0.35131174037768,-0.26741826897078713
2018-02-28,-0.9644944308326298,-2.7626692996841284,1.947469964967552,0.42609513415610145,-0.2399835808569617,-0.5822290104475547
2018-03-01,-0.5227703455236599,-2.6496421124722724,-1.010566274484892,-0.644287263849197,0.08734419542419936,-0.32879533476946055
2018-03-05,-0.234752757669221,-0.5246880764056772,-0.41781323791720837,-2.56222441507864,2.2434650750584373,-0.9513929416818057
2018-03-06,-1.2673968878827435,-2.7361150541777346,-0.3936450434017247,-1.4338251171377325,-2.0300382450192056,-1.0580287725753812
2018-03-07,-0.7393619629975534,-2.8300350156009735,-0.6296898239754656,-2.316507523993705,-0.5044595860314915,-0.9273830249774351
2018-03-08,1.105009694582204,3.5751790344193735,1.0969344479890841,2.438878271850764,-0.7762723316770637,0.8710700361544088
2018-03-09,-0.09714925284129983,-1.431227012471814,0.5835633318078681,0.18103600967209754,1.0037029061989333,-0.1542645765246653
2018-03-12,0.875171970476929,2.71611668084184,1.9210917336877964,1.8836926328796189,0.5948852806832772,1.9023530088059015
2018-03-13,-0.3748764558274442,1.230649417412466,-0.16443938969333827,0.16661710355567738,-5.417478966238775,0.052288738036598836
2018-03-14,0.22845541041851547,0.5585670029859102,-0.25343717739383376,-0.30048147197265784,0.003452796597325225,-0.1529629691374823
2018-03-15,0.8742285908947212,-1.503030452763121,0.1439865268200835,-1.856747042532314,-0.5957600072285851,-0.4874698450260895
2018-03-16,-1.4780916772713537,-1.1112796295975502,-0.8963889812753978,-1.2886500630726272,-1.5332976916973107,-1.592640973139836
2018-03-19,-0.31030282886825855,-1.1908878053918492,-2.146096451801416,-0.5055312164774284,0.1875985128070745,-0.9896900659531527
2018-03-20,-0.4195523532079637,-0.8657049946091955,1.5522050267045895,-0.6365101772648818,1.195666248944538,0.2981856935879268
2018-03-21,1.0546480728525376,-0.9589148113573143,0.25332171978360574,0.7979322729857019,-0.2827182619563273,0.3052086486265315
2018-03-22,0.47607565854248524,-2.057409058932358,-0.5310734252979676,1.254333700804433,-0.8891624563078349,-0.3988084980675044
2018-03-23,-1.4027444380849907,-2.718449215614216,0.5425090977275504,-1.5691439969735543,-0.4661932328576812,-1.1537625281148767
2018-03-26,2.8182623417070785,2.213767067794925,-1.0577093005534888,0.8054687304070773,-0.040798059495938954,1.3262645068574441
2018-03-27,-0.04488572082836928,0.7988578060178941,-0.10819674840121252,-0.14426477801248172,1.089790428557702,0.5281003483202706
2018-03-28,-0.343447061401414,-1.9549088384450242,-1.9237543022630699,-1.900435826206992,0.050928522611104476,-0.6917631084606968
2018-04-02,2.391167494869695,-5.927793934530278,0.47269764992317054,1.1612236959645195,2.12344757441727,0.9699675438319622
2018-04-03,-0.7922393331279309,3.1315434219846283,0.2901895024870482,0.7391233414067777,0.054998324123389786,0.32511600254110373
2018-04-04,-1.704158713555881,-0.5184047631307309,-1.4248793774599755,-0.5169303604578124,-0.012019717331634983,-1.138112341386044
2018-04-05,1.3620122599036222,3.722316642947865,2.077043346805496,1.4862016007455292,1.6163311287944238,1.9425574859986305
2018-04-06,0.7595977100762541,0.7177396312476603,-1.7907639023762134,0.3083061700438039,-0.25862014221752494,0.06246125727966678
2018-04-09,0.8136534395733364,0.07128189134009144,-1.3975467704634648,0.5488387982305332,-0.8948353806860099,0.4621743176794313
2018-04-10,-0.9385975967743376,2.8306725476828776,0.19348771754186256,0.11463316742374996,0.46854386774213275,0.2206341580816895
2018-04-11,-0.10412077234327466,-1.4715945171292044,0.9745266049875356,1.5048346764672038,2.6059120377575296,0.14324199692374862
2018-04-12,0.5185410975035998,0.7731512732067181,3.4111120368261805,-0.23097722348943694,4.150346115136649,0.3983815001590951
2018-04-13,-0.19701544351533595,0.5231072557584149,0.7612467048475846,1.0929295806941575,0.44759731663579494,0.2098666456015641
2018-04-16,0.888305808502432,-0.225502425918378,-3.2651932629296776,-0.19174278123950117,1.0893580683134063,0.4556037037927396
2018-04-17,0.3295449527453753,1.4429548406947879,-0.7059621129762661,0.7683704935598001,-0.6603697371009742,0.1932932196645476
2018-04-18,-0.8160145865063861,-0.5826683350102391,0.06666420221999036,-0.6618925102557682,-0.23684351269306347,-0.2132964212026689
2018-04-19,0.3311579948505283,-0.15514228463997526,0.6128110973987466,0.45842580035646563,1.0145105719662206,0.37145036812440413
2018-04-20,0.8715857092995494,-2.5725154567435182,4.0252591498793455,-1.5281714981487005,6.62144406004701,-0.011831183431687542
2018-04-23,-1.030217273005063,-0.9746653771509739,0.7848948697092517,0.8729312910682463,0.18222661422149233,0.19547797489403163
2018-04-24,-0.03874646629961065,1.6821828471382805,-2.7953037323945495,3.6378184879153785,-0.6747585789584454,0.28011576629851653
2018-04-25,-0.7364338581743346,-1.8303378604688891,0.5067317886730649,0.04637783194010314,2.4987941909983657,-0.41264708907660097
2018-04-26,0.494602909663433,-0.017932286720379054,1.3875015315176986,0.4997501606774035,1.988342905274454,0.44699661676110836
2018-04-27,-0.3548711468775889,3.245452815724592,0.7437621512571768,2.147953154327875,-2.4666448040898237,0.7016519558704637
2018-04-30,1.0866132849030041,-1.2851617199575394,1.2065378320596398,-3.3122564040974356,2.3218899081860256,0.4400344691688707
2018-05-02,1.2960905835526004,-2.5686131049480365,-0.2042378397486333,0.9758163462855407,-0.9158755245760597,-0.19833421447520427
2018-05-03,-0.08122825328200634,1.8057067456063836,-1.2113000562059661,-1.1411385784070638,-0.5114665089984705,-0.3582686660562606
2018-05-04,1.0467990779800873,0.33699668004114613,-0.7991305216332067,-0.7955677326781596,-0.03162034150316906,-0.5749288448515077
2018-05-07,-0.558216787425081,2.4571223256603103,0.8439161604854473,1.7873066067854104,-1.718022019036003,0.915875968262192
2018-05-08,-0.5234132661143809,6.7287918696984805,-1.4750702210568511,-0.40165278634826107,0.5919540967897818,0.021462411343375898
2018-05-09,0.5770049439798974,-0.8082718877922335,0.44185909325573647,0.9926581747769392,1.397764091609166,0.22299717349214543
2018-05-10,0.7227989994567752,0.01629110619429941,-0.23063983297205715,0.45562500790559124,-1.0904569604217706,-0.23413789407356056
2018-05-11,0.9559909858273707,1.3361751810550215,1.091610460787984,0.8255617487718858,0.1651304469960424,0.839357787271755
2018-05-14,0.4970938857227436,-0.273365901768996,0.7241233269213998,-0.2678848309916271,-0.6769081324064508,0.0009217542682682378
2018-05-15,0.7938547187333445,-0.5965837002530061,0.4414395262497095,-0.7753944823474024,1.4227348333957224,-0.04395462191344457
2018-05-16,-0.7090965357961054,-3.5685561447969083,-0.38507925092874373,-2.3290262221143276,0.3302734702264942,-0.5624036826737067
2018-05-17,0.2174720890338433,-0.42051361425491374,-0.5924512839803109,-1.1295250305362825,-0.06014371538495267,-0.5437005165795927
2018-05-18,-0.7693362374226131,-3.344576632526175,0.025329538210572267,-1.21648584899946,0.2935592659751629,-0.8078463600931896
2018-05-21,-0.9492280294845501,1.118481900777546,-0.31270549213370247,-0.2677084852292899,1.5619491706876154,-0.7521440524559053
2018-05-22,-0.1580485266549747,0.345664300736348,1.2166187608130263,-0.4938998789320803,-1.345326697800009,0.19017372016476575
2018-05-23,-1.1256775269879893,0.6028177258872391,-0.7496795570356651,-1.5646046871037766,-0.3932951852573918,-1.0093348388598211
2018-05-24,0.9402711531781627,1.934615719635846,3.0466818011923857,0.39461425005793416,3.1071999902915426,0.8005484296034426
2018-05-25,1.1429985397689135,-0.6886323889471857,0.5978632053292854,0.540483641920031,-0.49670477634244925,0.8683858400313049
2018-05-28,1.6677452769347623,1.2176731004390762,-1.1316328388583763,-0.04343136747225751,-2.335601328521908,0.7873532851907061
2018-05-29,-0.47008481345180986,-3.124475381921965,0.1893988530630608,-0.32052280243933806,0.6124865097508314,-0.5178444790938985
2018-05-30,0.7748924358320641,-1.7247332039683094,-0.41097353881478504,-0.14714824714974206,-0.26678248134964777,-0.17821556488181178
2018-05-31,5.114583885756452,0.31590468947135797,1.65884365439386,0.5730881536603283,-0.08606741571096643,1.1475105468772284
2018-06-01,-1.34848167288375,1.224618371741859,-0.8930206596588386,0.9985435599420667,-0.49395706158841257,-0.37210912532843476
2018-06-04,-3.051264715093338,-0.8814262473185286,1.523603603328727,1.106859806931837,0.6810980990943349,-0.6329368754912523
2018-06-05,0.8503632616624124,-0.9241472132734185,-1.4967060270403953,0.7227538933547883,-1.29854693591811,-0.3325926459519235
2018-06-06,-0.3028598471801369,-0.07040498372102855,1.359729643179186,0.7122870504948642,0.2410556183656043,0.86376570355291
2018-06-07,0.2357288157927684,2.4656397051944445,1.2121776905724246,1.775992019209638,0.5678484437487974,0.7833594520176401
2018-06-08,-0.6231212968498157,-0.910941429866019,0.6067980866091727,1.3383411326540084,0.6655125103333104,-0.006493276828523076
2018-06-11,-0.34401402255875846,-0.6418282769238282,0.18650338274874834,-0.17269826138336386,0.14882194877383625,0.17923877528847054
2018-06-12,0.07589492059723035,0.34917561196345925,-0.30895916415543123,1.4755919372212878,1.788902206988463,0.5182133323169635
2018-06-13,-0.6067053752672802,1.1656173483334031,1.2952248042856995,0.5365295738932074,2.419985783198242,0.12773935299743577
2018-06-14,0.29291581930126487,-2.0636206067619844,-0.3696892102615479,0.5436565726567588,-2.0037348429517765,-0.44811397339686865
2018-06-15,-0.382857830966854,-0.7901721474191437,3.3515855662471283,0.6200554984375772,2.936971076812922,0.0892889170515776
2018-06-18,-0.5148649063851263,3.716816768795095,-1.0809617571779895,0.1331109775735584,-0.6005449197067692,-0.165012762557748
2018-06-19,0.21542899251285608,-0.06825547448926494,-2.035670461089689,-1.920138435641705,-0.24603088031299736,-0.8277838793689818
2018-06-20,1.6135304459060196,0.1366260734984026,0.12485006096392137,2.3291920055822812,-0.11233859509647282,0.5751355755517995
2018-06-21,0.07053889518406908,1.620043408049865,0.2735172595240032,1.246021638256667,-0.17011115093596985,-0.28731945983977436
2018-06-22,1.2514428673952693,0.9062048466200512,0.10427163075787949,-1.8847873087835754,-0.524893941135518,0.7517852262492797
2018-06-25,0.5568040379168471,-3.642117831255609,1.9713822426455696,-0.7950644788141004,0.5221600290204131,-0.5488841206131911
2018-06-26,-0.059665536231467975,-0.5522858960395727,0.42438376788638266,-2.5386984924137046,1.8001595924817648,0.06225529680423669
2018-06-27,0.9027110294874907,-3.1412732795543796,-0.6143244689256866,-0.6786373031015924,0.323956395352365,-0.9076853461448153
2018-06-28,0.8638601894058517,-2.741453130555982,1.5433421206446196,-2.1638921677296974,-0.823439070772547,-0.7712275637441368
2018-06-29,-1.051222953621156,1.4738256237840641,1.3647753593079903,2.9102043532277744,0.2740491723167038,1.1823497741172861
2018-07-02,-1.6694815002054941,0.7262097465647432,2.103695713293363,-1.2185828244324903,0.19483228958796506,-0.5319993003655044
2018-07-03,-0.1471087163045559,-1.6221943050414134,1.4273152813832235,1.113891347703233,1.2261204605048093,0.39973151471972557
2018-07-04,1.6109560352409291,0.12826236951137826,-0.6316038727687601,1.935553387605271,-0.42150469158450665,0.6542116977213297
2018-07-05,0.9602735064551116,-0.6221638149750297,-4.549490309242499,-2.585603839800521,0.7582329001720067,-0.18709913642785958
2018-07-06,-0.404927964179258,-0.5523882787686007,0.019455581162031166,1.3530354408906042,1.736422518986358,0.21303184376380013
2018-07-09,0.49640153857493097,0.4258642630181386,1.1368389662543832,1.9999060563735016,-1.5656515561214168,0.7449420253147654
2018-07-10,0.9761893337423944,0.8112220287769034,0.19634371931036565,2.868310432720933,-0.41953308514309784,0.8693492612951825
2018-07-11,0.0861804075205086,-1.7008124871679242,1.4638020695706633,1.2771843974968222,5.589026828027421,0.009589665783638068
2018-07-12,0.823922136526023,1.3209260162096115,-1.9765788853855049,4.1923241009488965,-0.43185580383727773,0.6841280560560881
2018-07-13,0.6902229115749003,-1.6709495385911488,1.780820731368471,1.6122345890792644,0.49461889333823894,-0.03900686380828855
2018-07-16,-0.5525259158383422,-3.174588739333517,1.1727546953885115,-2.145829790123055,0.40885191893849093,-0.744636745421623
2018-07-17,0.364264949357862,2.77723692580909,-0.37139511969354055,1.500643419348302,0.8538128356046171,0.6510119262449043
2018-07-18,-0.025285461387747343,-1.407402882647768,-0.40287486134563677,0.01830998405372153,-0.0948936763234487,-0.2507220612614547
2018-07-19,0.4549437960429614,-0.5709851906318786,-0.4423616584616097,1.1257916151207636,-0.9423725159788621,-0.21265599790679657
2018-07-20,0.13492767898162228,1.7610935023771868,2.3847710792805232,2.1541558791739135,0.7671221142874884,0.484622644956767
2018-07-23,-1.489223710251597,3.668166227875802,0.5822892461738283,-0.7398387924294481,0.4532594581492022,0.6770976309698584
2018-07-24,0.15303066329399595,-0.43549096740527204,1.5634938164888146,-0.8345821633533035,-0.331563261648371,0.447008770495505
2018-07-25,0.4907997377165074,0.10934310753041299,0.4792311884295408,0.37804720932559377,-0.8754371335469746,-0.02065513528324292
2018-07-26,1.0251817250283013,4.005101537892264,-0.7587993519277636,-0.40354228903213274,-0.8478331945260043,0.3171020902578148
2018-07-27,0.43554890864216933,2.6431172073098086,0.014561729986484195,1.728728142515945,-1.0663295714092746,0.9944194803553685
2018-07-30,-1.4644900328609323,4.826047627342045,-1.6345478364254262,1.9073420005105035,0.04371208890330269,0.3653034064332594
2018-07-31,0.4424312683496412,-1.0086371816618533,1.0436437105866725,3.005018413744387,-0.2262367035917534,0.3264281349528497
2018-08-01,-0.9543553750344436,-1.6269373830714806,-0.8094499003335698,0.5354216311641125,1.87094964948189,-0.09069523785937283
2018-08-02,-1.3202321183936938,-0.25059708153418736,-0.02953641918802541,-2.012842651498925,-1.4217221435634197,-0.8945726168478219
2018-08-03,-0.40136367143377427,2.160431126820739,0.7719676552278454,0.7360849448800888,1.5936110276627335,1.0324829240302646
2018-08-06,-0.34642649290875793,3.311485762943245,-0.2529080876281564,1.3297146954345695,-0.19701589579176337,0.23149606664707445
2018-08-07,0.785118663246176,-0.61885131970707,0.5364918204648461,-0.704340891834454,-0.41507301230822025,0.020642534254866618
2018-08-08,0.2557656073007175,1.772319561823954,-0.3801051399411115,2.8289178214440325,0.3380027945893094,0.5316306199962151
2018-08-09,-0.835530704173304,4.486992667381573,1.2621578209752071,0.020541351813463393,0.017727295409430965,0.1807877319869089
2018-08-10,-0.19118831234919975,-1.3213416388873522,0.3985581427772278,-1.1289649318827255,0.9496774530619367,-0.3591776841080363
2018-08-13,-1.078290179044794,-1.1259928513435713,1.6817544139725138,-1.3701952419437724,0.35374353943185,-0.6452600726191027
2018-08-14,-0.1219006419127755,2.3238217367247183,-0.031927501666007,1.9280999540019161,0.16996295656086513,0.6987615029830696
2018-08-16,-0.6414250748160599,0.5564571240341376,1.5089029696358391,-0.8095470834993956,0.24707353642399177,-0.4376857779749166
2018-08-17,0.07948559934547461,1.7050534588461508,0.05597417261387072,0.24569372823006752,0.21160407263378644,0.7527432622843166
2018-08-20,0.907411894672383,-0.45587979202428297,-3.2230161758745157,2.5877342651302815,-0.13912527099519956,0.7061438877143944
2018-08-21,-0.007153577605001349,0.11819800579915274,-0.021669024905912604,0.9960245443601634,0.38312938728912727,0.165779129785526
2018-08-23,-0.7705111839532597,-0.48693679229691034,0.971847477862986,1.7839990341522727,0.8648480669603442,0.10240870610727093
2018-08-24,-0.48318565745251174,-1.6532763139979312,-1.3668073462723918,0.6341333863407073,0.3881855905944809,-0.22145337355118366
2018-08-27,0.5121038878342477,2.9531962155682434,2.691721607985409,1.0959081540631077,0.3866918756618043,1.1668203138797129
2018-08-28,0.692158423082323,-0.29419244408701584,0.6570631343591815,2.129289250032329,0.8922991334555874,0.39813550271674547
2018-08-29,-0.7804758927664301,0.5163605629773027,-1.0247669195957654,-1.8802041898007604,0.13531527154024836,-0.39698095476423667
2018-08-30,-0.5965911348147723,1.0861717205832289,0.4325906903079879,-1.526035672988335,0.5019255736235406,-0.12915424723947133
2018-08-31,-0.23716684321972714,-0.5081974441181081,1.7582312727820515,-2.573657615498448,-0.19208528560761273,0.031688436681198695
2018-09-03,0.6719453398310149,-2.466441484637283,-0.47535210157160224,-1.0067347381176983,-1.226924737189583,-0.840292715423141
2018-09-04,-1.1204563118497712,-1.6908518988268506,2.7924105565565904,1.0413839887646548,2.2407496372800484,-0.535727264157837
2018-09-05,-0.2899784232202718,0.35007666362394385,-0.9835190303713826,-1.203763987159967,-0.9362110418642655,-0.37628889968090995
2018-09-06,0.3103760411549583,-0.30336893069830007,-0.3767677136656711,2.8036016767488015,-0.18997511705253212,0.5223530144531363
2018-09-07,0.23145982826791034,1.9625784726640783,0.777010522017485,1.3635607873162314,0.21925638786786106,0.45245444601755835
2018-09-10,-0.7681303648726767,-0.6565037763887505,-0.2661026525299315,-1.779302169482988,0.04327380031985406,-1.3029485041085365
2018-09-11,-1.9964321200845792,-1.9074943519743925,0.47205234933802576,-1.4452268404226976,-1.6580538397874434,-1.3166488710376734
2018-09-12,0.572396723296742,-1.1177454892192684,1.1711872947562263,1.1957762970406627,-0.1123971655691558,0.7300145348837273
2018-09-14,0.8822649245564307,1.6878258997864215,-1.2384017093328703,0.05188618331377626,1.0494333070411477,1.2779338401883056
2018-09-17,-1.8427247650189216,-0.8070577334791884,-1.0562809927337935,-2.17451344930093,0.42362100318698026,-1.1936413868727347
2018-09-18,-0.15059347077694962,-2.10317142036468,-0.9435802983881136,-0.7137670991351985,-0.1639208698150041,-0.8687975159851424
2018-09-19,-1.4000585402827115,0.658620659989162,0.09037672241127837,-0.5258198219141419,0.34529354186678685,-0.3949922395540484
2018-09-21,0.4537603376430166,-1.1995407756407506,-2.0076245701642015,0.5574926622025744,1.2151703350434806,-0.812241056873042
2018-09-24,-2.261128227205167,-2.6332587770598437,1.8360812710689123,1.195105280414599,4.531308022027236,-1.5767535507102526
2018-09-25,1.3865095426857321,0.7611393701395075,1.10685385471061,-0.11769397261589543,-0.6936835622856408,0.9122472156029238
2018-09-26,0.8092702012531205,0.642885155138595,-1.149840706399119,1.6901971545587813,-1.880251793536547,-0.12333817079910325
2018-09-27,0.40392416074508386,-2.0600590174609468,0.9681875943129858,0.18782719765588762,2.1800697692876625,-0.6898080420062014
2018-09-28,1.513037751900792,-0.3587216415964378,0.7243298433614598,0.33498273119918487,-0.23531518254188422,-0.4290539347394984
2018-10-01,1.4655780705774113,2.7655147403160107,2.27383767951439,-2.0867343566446817,3.2903188642142256,0.7122269255513958
2018-10-03,-0.21126327689542368,-3.2802558802343618,-2.43087592549327,-2.159608897713594,-4.109892989352515,-1.363060666494631
2018-10-04,-3.6137145085792244,4.2146853789500005,-2.9237991817579467,-6.874956376672136,-4.533373853541079,-2.3852830796859514
2018-10-05,0.3856391997573372,-2.906787900153096,2.46040000042842,-6.540435524043198,1.833129147257373,-2.6681114672028716
2018-10-08,-1.0329066781397445,1.1552130733716304,-1.4007540085122616,5.77299162715792,-1.1937502914603493,0.3063031253653259
2018-10-09,-0.2262298825730702,-1.4798057284894361,0.46186438252091566,-1.7441801570842186,0.6859307695460837,-0.4541918611438267
2018-10-10,1.368136561212796,4.440826423780653,-2.4102737824999942,1.1054457319539468,-2.304233706808567,1.5440154906845027
2018-10-11,-1.5047210754708495,-2.5480720951037705,-3.8689561516788817,-1.2975164387677651,-3.114621282479979,-2.1553257346415555
2018-10-12,2.286394606064901,2.4703172862243994,0.8093726591328343,3.5622284954448746,-3.113709762731187,2.323964183406524
2018-10-15,1.3220011268831433,-1.894165828638883,2.9463872938958913,1.1717296021227064,1.6264477165111035,0.3819527333492445
2018-10-16,-0.7619394384240419,2.3296514343160046,-0.508032383392587,2.110121750100924,0.6565928847249713,0.6872770511296089
2018-10-17,-0.9108032330073845,-1.824420888989997,1.4526964750220195,-1.0740898541671928,-1.6766292752082856,-1.2442447418455793
2018-10-19,-0.3469003181631347,0.20648726048886346,-3.0906470456653956,-4.342911401531746,-0.8396363694574083,-1.4302046081609565
2018-10-22,1.5830191396570825,3.69314582477438,-0.5266692227395953,-3.5094907681586185,-0.533116896551078,-0.5658225154691499
2018-10-23,-0.7028881369178119,-1.2993081616024083,-3.286986845546913,-0.7481200165963431,-2.914693434837201,-0.9609350217173795
2018-10-24,0.3728323610927786,-0.263284459054125,-1.1861084759288154,-0.848590120610726,0.2630524619040564,0.7682244334463961
2018-10-25,-1.1770572090932574,-0.6366453120884463,0.9255954344565831,-1.429596901669783,0.24344697213738442,-0.9765481735494741
2018-10-26,-0.38602478222061753,-1.3439661491722599,-2.335224202821451,1.3678751597209882,-2.9088027336007016,-0.9372970297354399
2018-10-29,-1.7795233855695258,10.69223572865945,1.7597628735966042,4.105655050970003,3.996466989126124,2.2018904224825553
2018-10-30,-0.7034329891978941,-1.05896151660817,2.303202104520352,-2.8314114370679877,1.2720143176078391,-0.5116572845048073
2018-10-31,-0.05227368784443964,2.6901970524799035,4.063058764725258,0.40208504486147767,2.287857597671361,1.8453797805683791
2018-11-01,0.023545137521363557,-0.36620051133476883,-2.870018853636458,-0.47114452544444463,-0.12383573030582129,-0.059205267303741316
2018-11-02,1.9480034042938854,0.21204014306870356,-0.6674678513680643,1.7656941580489027,-1.1520212678471253,1.662257430466929
2018-11-05,0.335998340949728,-1.3542106957322053,0.5662534786227358,1.4326860570538225,-1.181124803691247,-0.27480337344830685
2018-11-06,-0.48311355184678106,0.9867117802328407,0.06758311333474598,1.265713764840326,2.2133058038983577,0.057012542759404816
2018-11-07,0.5856320599820108,0.7929718608493008,1.3579225038176101,0.5977616673958019,0.48895212964965573,0.6495763592117676
2018-11-09,-0.6409682419433405,0.2669316864061688,-2.3685926944792657,-1.5530756142361324,-1.6965730890653896,-0.12454893970770264
2018-11-12,-1.251672605975629,-1.2610372377866885,0.7126343041791827,-1.2300557467135875,0.2959385096137357,-0.9730567027500525
2018-11-13,0.34876449325471626,2.4265535122346193,0.22583867950198844,1.8009363099225961,1.0497070638541661,0.9568583199961456
2018-11-14,1.556227483405559,1.5793926219298093,-1.8777145464628608,-0.1364349302518164,-2.806291256310467,-0.05858913595558901
2018-11-15,0.8887753652504937,0.9274478179548629,0.48991171655048404,-0.10018185826734527,-0.41475151504350993,0.3819898392734222
2018-11-16,1.4758237415548159,-0.6621658481009041,-0.8455631762618987,2.785257605952829,0.7341784124720974,0.6169525256907837
2018-11-19,0.4789793621092331,-1.40117900022676,0.13063364050525106,2.0046056205057283,0.8401465379245687,0.7601448561892044
2018-11-20,-0.07200561822261475,-1.241707551858684,-1.5804824183949573,-1.0956540683984772,-1.272055015691298,-0.9959695953136949
2018-11-21,0.3130588666344636,-0.32133713894800797,-3.4768070921420757,-2.154045683773942,-3.5272001239455952,-0.526926949530282
2018-11-22,-0.6563562154756286,-1.3174503632597756,0.2665208170900657,-0.9030299944033815,0.030352336461092477,-0.6915043423200262
2018-11-26,2.2089341312599986,1.221432197475325,0.1127961358768248,0.6256457819250105,1.8509472321802223,0.9675313783931383
2018-11-27,0.6927432662994226,-0.4770579069011571,2.8079364973146337,1.662529973706195,2.391521263297669,0.536288900653692
2018-11-28,1.2233475107828795,1.2265528358385014,4.30427308848278,2.167174546002326,4.954394053299249,0.40475033298135177
2018-11-29,2.0007298790488903,0.8913737675697142,-0.8028309627101438,1.3750875007559005,-1.1769722280647543,1.2102936537020215
2018-11-30,-0.12200273701754583,-1.9464442719179798,0.9681768328540175,-0.0812941931707667,0.39275108451832796,0.1662243580064171
2018-12-03,-0.7117874436377236,0.09855944601220301,0.43446841917194057,-0.9507195411603053,0.718911720170512,0.0643574597191332
2018-12-04,-1.3131160437960032,0.6891829800910187,2.2227344102098145,-0.35883893813244416,1.435122795323407,-0.13092913747559942
2018-12-05,0.6545089424997208,-1.829893524281323,-0.5618453002015689,0.24731723474740175,-0.20387390933299665,-0.7967211865771207
2018-12-06,-0.1024174560178559,-1.0671491769546404,-1.893149648553305,-2.726914564264915,-0.7001462561533667,-1.6855390796155278
2018-12-07,0.5030801468188573,1.3087857408340398,2.1391038459124267,0.9032997764545136,0.12543866366940826,0.8730166187373989
2018-12-10,-0.8943817610211124,-1.6609896602137075,-1.9917972232501135,-3.841059715406836,-0.9723096138319454,-1.9193543511718203
2018-12-11,-1.3979687024424647,-1.0249844683974052,0.7919811183962011,0.6695732392289155,1.2248233820266963,0.5787336945131116
2018-12-12,1.250283858005563,2.085778929746218,0.5930289355862151,1.1798868764949733,0.8399679435125984,1.786392380162427
2018-12-13,0.7672796794461867,-0.11430658939525218,2.8371743947302352,-0.3106586692661062,-1.695742346570317,0.5024418610784842
2018-12-14,-0.2665109232194207,0.6722980464155315,1.1895237630913824,0.4652043662622729,0.3606273533447668,0.1288081033454791
2018-12-17,1.6462261923652077,1.8613359467015034,-1.6500483135878152,1.5914291135722847,0.22867644073225613,0.7672000015183311
2018-12-18,0.24645344456786233,1.0601041586394855,-2.563336985588305,0.5752648267206784,-0.3234092188544646,0.18690239262686426
2018-12-19,-0.5619345938003062,1.1732156871481214,-1.7366312649221505,0.03520048166780754,-0.9759346425525672,0.5371823253533137
2018-12-20,0.6592962040242512,-1.1868949915985194,0.3309039693261573,-0.7344984219637252,-0.7315393984058116,-0.1422374664029169
2018-12-21,-1.2304425274997755,-2.1952277710761914,-3.1256992552959217,-2.5034423561974273,-2.981004827599254,-1.8052009440243655
2018-12-24,-1.4447028823028396,-0.4093614068315543,0.43329899532331684,-1.0043506340585706,1.1973930791368215,-0.8415473312255894
2018-12-26,2.0041798301005054,0.8788103611894416,-0.7627141734927068,0.8446768117519099,-1.5272264862022822,0.6222123071693231
2018-12-27,-0.8151211566899241,-0.056210170643711255,1.9796811633792766,1.9893426837505057,1.045427514810826,0.4655255863871277
2018-12-28,0.8479541394548429,1.4339816429901342,0.022816633554034738,0.47760432684902376,-0.675745684057405,0.7430619064249022
2018-12-31,-0.05653374577326842,-0.16630469967054973,0.3044299224354452,-0.38204366593102,-0.15825143331767988,0.024396301689710853
2019-01-01,1.244296491822916,0.999570105943115,0.9257324066950234,-0.022289875495828948,0.5150236911688255,0.0
2019-01-02,-0.912441273363418,0.23369835383444393,0.6014328887042231,-1.3024125666908026,1.077340813765959,-0.6448744166611009
2019-01-03,-0.7845920699114495,-0.37027582290029004,0.01494005275832766,-1.2337234228171234,-1.2140259542650966,-1.1141996757007222
2019-01-04,0.26754441337359935,0.5368296335999112,-1.2104786015153746,0.5399184093848985,-1.2158028382539876,0.5162885930801941
2019-01-07,0.1511322093610934,0.684546432200106,1.6110852421807875,0.5552239345468779,1.1215556728265907,0.4143632577580325
2019-01-08,-0.8322966019653655,3.385920157226119,-0.2456609967486867,-0.009055354866316367,-0.22918773118414393,0.28175965472634346
2019-01-09,0.6562147502254589,0.5524081697037664,0.9029267875921843,0.5522082243674564,-0.34858911797976955,0.4906430486840696
2019-01-10,-0.39211442139108765,-0.719424880655628,0.5324551731460181,-0.29259448988321335,0.08481575903285243,-0.30907707440862575
2019-01-11,0.16125410137446394,-0.2503319731099851,0.5590911230559437,-0.8532607416764648,-2.4357310694825385,-0.24626132017869784
2019-01-14,-0.48534193171744233,-1.3736667212391085,2.6920146939217515,-0.11383550298904588,-1.5901785131386292,-0.5312723532749919
2019-01-15,0.9635304543403223,-0.1607177793402692,3.5190445532066406,2.995060458777643,3.0084123461388446,1.3895116296032572
2019-01-16,-0.08012721728989369,0.684107327476946,1.4037741079189647,0.5532924520097016,0.1257924910918362,0.03214902508350548
2019-01-17,0.57071851596735,-0.18650151910688528,-0.4682200032990247,-0.12765636402360947,1.5084534450112486,0.1368225934293088
2019-01-18,-0.09614962214586908,-0.6940884761643673,-0.32728605457130744,4.398585452481574,0.33524561862419144,0.01604738994844812
2019-01-21,0.8402676000878406,-0.08063337153214611,1.92213836316808,4.504589883976284,0.4235068117232732,0.5033434010370152
2019-01-22,-0.5725674294769223,-0.7129420683189003,0.04698956976381119,-0.20602695406979343,-0.3562600539611105,-0.3566880660501037
2019-01-23,-1.4256757220684868,-0.44708898219387727,-1.8380357129931912,-0.7165043616439659,-1.3828403084491514,-0.8354123274816327
2019-01-24,-0.1496063585055607,-0.7076906434728025,0.5977693205846624,1.724695884648919,1.3835650763843077,0.1689498655541799
2019-01-25,-0.2973043139385734,-2.0833377051336144,-0.2253931094048367,-0.11624103722023271,1.012344477096816,-0.6382606245884936
2019-01-28,-0.5653693943373006,-3.821374795890864,-0.32858884132538346,-1.3202115977252848,1.7805251452862159,-1.1038398055380982
2019-01-29,-1.273884502406275,0.9605483308780638,-0.0068690219802602925,-1.5371587409354737,1.4193933664200298,-0.08769465552643796
2019-01-30,-1.1129558496221548,5.4922940863316505,-0.27476951619618273,-1.2348745802741923,-0.06806087423624207,-0.003758759858607519
2019-01-31,2.2239131997388917,-0.3962891090320664,3.258028141715452,2.630284616623868,1.6503363279466665,1.6818790618479573
2019-02-01,0.5048151298952197,-2.6889724743551113,1.0006016892634806,1.857935421555057,0.7869541990521256,0.5788983808607595
2019-02-04,0.691242681462656,-0.028213674197452576,-0.15190483465288285,3.2761273795073764,1.0000211077323184,0.17073807867935553
2019-02-05,0.4347027586430352,-0.5358872250088464,-0.13892558431162216,0.05035343002031123,-0.27801150304542777,0.20252110586724825
2019-02-06,0.4067796271213897,1.8857241368456457,1.1194467468577773,1.447877385659746,1.4795425327130074,1.171542803311021
2019-02-07,-0.2543820846297562,-0.1809045475948179,0.09170288538495885,-1.514972130006298,0.39039167609593584,0.06282690714798367
2019-02-08,0.2550308373903576,-0.9898145929705837,-0.4057643903706998,-0.9842063644717958,-1.03219141001889,-1.1364733121095205
2019-02-11,0.800895883037267,-1.4221361504666796,0.2497097394829284,-1.9135890670677225,0.21827878210594065,-0.5007475295473629
2019-02-12,-0.46501840252748394,-1.6426251896896282,-1.6190459070947738,0.25135383942027634,-0.6921881805451835,-0.5271417887377283
2019-02-14,-0.9156284577153451,-0.1016561060921739,-1.3858006375898402,-2.5628685813048113,-0.3412039416885282,-0.7879921603800577
2019-02-15,-0.45256271368834255,-0.5233202602959786,0.2567046505904669,1.6541138781048792,-0.7287528915578156,-0.2014639281967212
2019-02-18,-0.51174012965014,-0.9937137078309788,-0.12130938201215802,-1.9566511146142385,-2.926524929282215,-0.778133902809619
2019-02-19,-0.2799127426802328,1.3284071411582277,-2.260273566228954,-0.32786814843043244,-3.3243595750031663,-0.34395975233135756
2019-02-20,1.1659908700415889,0.5680902655232467,2.2642487819608315,1.5007092915894304,0.5223518711749975,1.236290680397767
2019-02-21,0.35809290914630143,1.767094924514323,-0.9788030470877618,1.0167324343176132,-0.02872450563675688,0.5067269008080633
2019-02-22,-1.1555329549367,0.21347967235336718,0.20450504455260532,-1.1669041133701707,0.5981545831792223,0.016689586186968697
2019-02-25,1.6232800631096334,1.0083982297333094,2.714473555599084,-0.004050480625328312,3.089881259499805,0.8196078963680797
2019-02-26,-0.6939864803081619,-2.0809963236329554,-1.642603000293874,-0.9778502467704175,2.697528743113864,-0.4117591409631749
2019-02-27,-0.8717692364798801,-0.7610493687265851,-0.9764302431325311,0.2663213348611082,0.9515929928132438,-0.2644081343287419
2019-02-28,-0.7025888895175414,1.3311947670109125,-0.12922575831195715,0.6170948632191919,-3.6271166129434262,-0.13094150466157473
2019-03-01,0.27916650556463196,1.1709347364278644,1.0350016602893586,-0.40614786448102125,0.6024484072918002,0.6578642575862936
2019-03-05,1.1399954201057438,2.540585283095953,-1.2670141396528,0.9461258774227987,-0.36583766357703995,1.1409784628572783
2019-03-06,-0.13525250478283457,2.3950543112373657,0.0,2.1936577726755724,0.5784436637143342,0.5965879573721855
2019-03-07,1.0573790598763066,-0.309190385126612,-1.3037219404753997,0.43091648630046997,0.6851394364960628,0.047047817900125466
2019-03-08,0.07995389029511468,-0.05395247932373781,-1.4662419856927844,-0.24798989239007696,0.4668756681768693,-0.20618006804727917
2019-03-11,0.011739219721196292,1.4166297938689398,-0.1544174306638446,2.9200615851784573,-0.3905272886017275,1.2020353532001593
2019-03-12,1.9991139822648663,3.285877178748886,-0.6045853308848437,2.089546399677289,-0.11666163657217954,1.1922438828049886
2019-03-13,2.558733230487431,0.9531282673633124,0.21220259249565832,1.1980414648103288,-0.5938116552340444,0.358369016565141
2019-03-14,-0.08085298534784569,-1.0206684444363456,-0.01413721938565704,-0.4267797431707021,-0.654823024868334,0.013664659273393553
2019-03-15,1.2698121239128835,1.9076977170993104,1.4399804912452518,-1.4833672999937875,2.644129049278976,0.7369987382364052
2019-03-18,0.3750305664513176,0.6956827518171504,-1.1620814960829562,2.148843761323227,-0.8406756172162133,0.30936423551506387
2019-03-19,0.2786008079470159,0.08792914640054494,1.696745989449866,1.9628749134901424,0.0,0.6124495656707252
2019-03-20,1.3780180338057502,-1.3805229785996964,2.312225147198621,-0.07990605604162315,-0.3831272840209454,-0.09842344657688962
2019-03-22,-0.9939093799594345,-0.27997451190369116,0.5615913583828736,-2.450106245656636,-0.46648497841612624,-0.5568018119008533
2019-03-25,0.22627974826436859,-2.1184246732587453,-1.0563895467165185,-1.2893657717644946,-1.066997167665984,-0.8959700017030503
2019-03-26,1.3172129195580862,2.7640217396276645,-1.0200523916697901,3.2315422948245853,-0.08063467623639076,1.1361384503600025
2019-03-27,-0.5148656201531598,-0.22836739730043298,0.26792449700285825,-1.3165006123223466,-0.743933155277321,-0.33266013813597617
2019-03-28,0.14569721501020982,1.8692638046912569,1.1100517403229038,0.7967202013777985,1.6463783227385287,1.0917400749215211
2019-04-01,0.3908331098673612,-0.5741955381631914,2.3448206343973377,2.34191595820723,1.5673021448227464,0.8569610252809001
2019-04-02,-0.7332009453843713,-0.27621338022241204,0.5694759358816581,-0.15446904140031803,2.3453771087678765,0.37748939051200914
2019-04-03,-0.09150379175961731,-1.2715612614095928,-0.803265463451408,-1.0433861131892708,0.0,-0.5912133221091298
2019-04-04,-0.3838335154828232,-0.8543763655322167,-0.7168795268062911,-1.6106791973355739,-3.116445860798245,-0.3946272059030087
2019-04-05,0.9479346302724068,0.46302043543711147,1.5242713754850534,0.06281752710917132,1.67786150085234,0.5858785593421345
2019-04-08,-0.702658966692149,-0.8833629486408756,1.0470318329711237,-1.8206664988238752,1.0960123622550055,-0.5267483083991831
2019-04-09,-0.09390301005545165,2.5962276091024528,-0.8667554789940968,0.39119513740015766,1.0020549093819664,0.5812417192683883
2019-04-10,-2.181646448415764,-0.7427827951634991,-1.0386388139158154,-0.22854705431283318,-2.4503995057528316,-0.7509489773200095
2019-04-11,0.9005964963706647,-1.0527836137641078,-1.328542471361649,1.1566728693240158,-1.0170201693206704,0.10704480058416621
2019-04-12,0.3433240089316669,1.1665237634372883,0.6799427718680029,-0.2747249934525908,-0.2476025767582435,0.40313191867198395
2019-04-15,1.039605779398145,-0.46882259802684123,-2.708120124857072,-0.2196421518688818,4.904454954583071,0.40279653604204935
2019-04-16,0.709998592701977,3.6282592550030746,-0.4673926794028782,0.268628597915721,0.8754023696583735,0.8280400884877803
2019-04-18,-0.49457275638222775,-0.6388264540014177,-0.97358952398654,3.140469628694542,0.8560891707612317,-0.29142400664389223
2019-04-22,-1.0877678248963574,-2.448068162296857,0.5578544003964181,-2.9294075451105295,0.5302137395060358,-1.3473352052831178
2019-04-23,-1.0314674380378253,0.5069667706413927,0.9915974758735624,1.3751157409068293,-0.2960894394973823,-0.15955909670886115
2019-04-24,1.5343350089121799,1.1601452556723846,1.1329177449342254,1.8807037438155039,1.3178381518675675,1.2975193636658888
2019-04-25,-0.7149844571116004,-1.421091045349876,-1.072698305245956,-1.230667398373908,0.5289611729329957,-0.7193374050953438
2019-04-26,0.773144877810128,2.9843298201299717,1.2970942188677004,1.4864345254141043,1.9840649600930238,0.9693568677590747
2019-04-30,1.6002259425984766,0.07367092712571299,1.8089423423736317,0.0,0.9738599352227206,-0.05529726349993158
2019-05-02,1.6548243943246943,-2.932511769473689,-2.7350850017188177,0.8795424529889573,-1.9886698762299204,-0.1991836148409698
2019-05-03,0.5157392385799486,1.580067652674133,-0.98520027609591,0.2704506067473744,-3.7645185867966724,-0.10661208128105448
2019-05-06,-1.6681074543830832,-0.12442712241361731,-0.7186419201161365,-1.6999635615131625,1.2124677759024927,-0.973339879186319
2019-05-07,-0.26195962458203104,-3.6880016290898765,0.856048645587193,-2.989397154187823,-0.2734196195164573,-0.8652133673183404
2019-05-08,-0.6502133756197126,-1.1125534062524478,-0.7176587644013632,-3.2787285689668044,0.04183406943025769,-1.2041345863927244
2019-05-09,-0.708650001019262,-0.2093311468021941,0.23632849546917356,-3.3090993866296214,0.9150409923801561,-0.5075103956069027
2019-05-10,0.24446547240948302,0.9701215995126633,-0.582498665240716,-0.42183984199278823,-1.691553276719615,-0.20261741013145596
2019-05-13,-0.4049645552460346,-2.285137005680604,0.3975865789840327,-1.5265688152301116,-0.330094276401649,-1.1588026384304118
2019-05-14,0.03058017418107184,1.0895721330199892,-0.812867462584077,2.3050939800249193,-1.7099046265821038,0.6624352638199937
2019-05-15,-0.05243352779935595,-0.880662839907076,0.31521154875819857,-0.2816650873351034,0.14574509378604272,-0.5796606308085428
2019-05-16,1.0473602970727525,1.4454289738362824,2.3739796009688785,0.6722908672509353,0.6371147162733681,0.8971910851931497
2019-05-17,2.2266449742420535,1.8823612997924455,-1.2549398466272677,0.16201109525908475,-0.6306953755637168,1.3329435330307948
2019-05-20,2.9740606578029682,4.618933221079824,-0.20723384153029656,4.61573912741684,2.3145430529972977,3.6915407876193296
2019-05-21,-1.177892154450444,-1.8518522864940712,-1.813386732598754,1.0483534654443627,-1.5951877454997376,-1.0073374389702572
2019-05-22,0.08528246491168456,1.2995246071346944,0.06342568457609055,0.04478999338852763,-1.3271625009986576,0.24596922232125173
2019-05-23,-3.061390923058893,1.3568450242996022,-1.2257746347407616,-0.48492882484666433,-1.33064111280361,-0.6887993870017373
2019-05-24,1.7687794730485207,5.087013384871053,1.1625384253889814,0.22114670245592105,-0.29452687486867246,1.6046067214389392
2019-05-27,1.474698757622206,0.868556756058303,-0.15509279666462428,-1.9598224333170822,0.34912265546662713,0.6809330661248669
2019-05-28,0.32596673383855634,-0.27554167548615727,2.8244319716762334,0.9994996347207241,0.9050461411099331,0.03354368016101894
2019-05-29,0.028947510300869617,-2.532820391883017,-0.041185183486947,-0.8083075322766198,1.6298864250019696,-0.5671205333752538
2019-05-30,0.9371709225887592,0.6851036818370071,0.7900492296098571,1.2718665899497994,1.838625190368659,0.7149487319284775
2019-05-31,-0.5820738791909696,-0.5865780804891307,0.5725829063232712,0.030061468911846134,2.341251628902752,-0.19337668306382838
2019-06-03,1.309075894197087,-0.1888128197287342,0.9352623428497964,2.2591469441732848,2.0828017676549626,1.3901936014629301
2019-06-04,-0.1953452238872444,-0.8985669133899199,-1.255619912106909,-0.6285835298058151,-1.8522610793537453,-0.5534114111566901
2019-06-06,-1.180507150440424,-1.801479819068108,0.04080215868351722,-1.7978055363000567,-0.7787155734770623,-1.4798333410505293
2019-06-07,1.00271534893428,1.227077597573878,0.47577025212155455,-0.9379641969643804,0.7225146411137473,0.22712730870713127
2019-06-10,-0.3043670419958344,-0.1200297191655264,1.9483238498444466,0.3232214509478304,2.2802540463909837,0.43847475053773177
2019-06-11,0.33603812640741193,1.2617231322806566,0.18582084769673823,0.7580566713764059,0.9545535964877949,0.35981290613484873
2019-06-12,-0.8719730861125874,-0.7950733732782767,-0.14570379622553808,0.2257132838549225,0.35952560763705677,-0.49641819885031246
2019-06-13,0.7272024561250756,0.3827903957795087,-0.0874608677616795,-0.3678095911003654,-0.3007650394637795,0.06592875347493088
2019-06-14,-0.39268287542308933,-0.4409050682380067,-0.29623409964286695,-0.7308546733901022,0.017745819680126118,-0.7617057296864349
2019-06-17,-0.5379644917609894,-0.8497833661716747,0.013516470593488705,-2.6754312751469222,-0.2350821808863035,-1.2784029548381648
2019-06-18,-0.19611421973193544,1.9193513721143418,1.29630439979056,-0.10137153198762627,0.07337661482544888,0.1657758744313398
2019-06-19,0.45919862581467186,-0.5566708701897127,0.23330333900895006,-0.28491840928789314,0.4020516702126109,-0.0004259905700743083
2019-06-20,0.538665494973456,3.2396378612829846,0.3989869449196437,1.5187575315275703,0.7986749368432466,1.2000205478679637
2019-06-21,-0.5007671849814654,-0.599905855560412,-0.6225883341002159,-1.3302496211819115,-1.233512281779603,-0.9098433505187353
2019-06-24,0.15534047747971513,-0.31336166962544487,-0.62649857516901,-1.3364370658950464,1.1400564199404606,-0.2085381356743965
2019-06-25,0.44458756238707764,0.9779782759631761,0.3487322233305612,2.6496918670823266,-0.33837321177037083,0.8273734808782462
2019-06-26,1.6140331300911193,1.1530091385593355,-1.189672615831916,-0.1311700717290809,-0.5997062886975213,0.4331778503613437
2019-06-27,-0.22690305842424374,0.5243587474493161,-1.1701777300311522,-1.5454222709409438,-0.07319414423194726,-0.05064338279993086
2019-06-28,-0.7533710260584914,-0.8731340967744083,0.19847376770643077,-1.6520799207649262,-1.125389562224166,-0.44504474652159454
2019-07-01,1.710498800651039,0.4346876798793087,-0.09563724702859044,1.256897514374944,0.554503835067166,0.6510389269786421
2019-07-02,0.3801666740798959,-0.5125261567077377,1.189671739747089,0.760515444770915,0.5603865194318658,0.3767209141051886
2019-07-03,-0.21440806176837857,-0.1831638264588431,-1.1756849481702414,0.3167851591135751,-0.6416393941099718,0.054156447933917384
2019-07-04,-0.23497281996179842,0.05733275385986225,0.34187852118849893,0.11304906608999854,0.2234567729646697,0.25174649128327786
2019-07-05,-0.45898912648384416,0.03439749108911094,-2.153183571118922,-1.608262904667268,-3.5471429930834186,-1.1350334557515662
2019-07-08,-2.5400369899843622,-2.3948766531287746,-0.055715449206317214,-0.8944307963258735,0.5686010490330018,-2.138240331360608
2019-07-09,-1.2636885332640513,0.6104700408867236,-0.2926384503044055,2.2403106580558774,-1.9329742591652987,-0.023352472109261502
2019-07-10,0.4035151447320029,0.5600933332569058,0.2445913836790048,-0.09764634078820444,-1.1788988886395124,-0.4932545113165099
2019-07-11,0.7702572907360095,-1.0095080009599355,0.5925392731305212,0.21111793632324627,-0.2679603507193207,0.7305046321514741
2019-07-12,-0.5504386785500692,0.11721486707758633,0.7276516698885738,-0.08192367197090711,0.24018167000887658,-0.26245922523520093
2019-07-15,0.03550879651725847,-1.1122860784347655,7.2376823214600705,-0.343620667765554,1.8077305685108014,0.31031905972733753
2019-07-16,-0.1482352569630474,0.5446450063985919,0.705734400794733,1.3243513177869426,-1.620971676081473,0.6407297199588324
2019-07-17,0.26136175194408917,0.023558148888391806,1.18492741617382,-0.8623283109675639,0.5341849685523314,0.21350634900458854
2019-07-18,0.6027447736032254,-1.424541779504096,-0.18257889074533296,-1.5602621890205781,-2.4229686657569527,-0.7751838235294128
2019-07-19,-1.5029728577094836,-1.9945064464531703,-0.9208955684606446,-1.0183311407124918,0.532461355035907,-1.531878214359883
2019-07-22,-3.300140219122083,0.537500955228154,-0.1273166903498657,2.522013786768773,1.5864622645569648,-0.6397075524881224
2019-07-23,-1.4691690883613884,0.10935963181304409,0.7202919051589207,-0.5427505138426603,0.12083971839640384,-0.13352832106081625
2019-07-24,0.7687352014036142,-0.8374873510267444,-0.4746647216518407,-1.1346144289070548,-0.7408166938034366,-0.5273121293252303
2019-07-25,0.22578376705553183,0.12239961191051751,1.0428524501766567,-2.1920538881602503,1.4831646068763193,-0.16989534831232112
2019-07-26,-0.3827644019112397,1.650374708553537,-0.94398466317418,-1.4372782944709672,-0.8858209899336833,0.28571795564771296
2019-07-29,-1.4490718094509303,3.2711907252714223,0.5654579083015365,-0.2348147718144622,0.993329349021832,-0.8427603929443195
2019-07-30,0.35422056381833045,-0.9316379155162147,0.15792001999508365,-2.481492568958843,2.3075295624131575,-0.9276785013729971
2019-07-31,-0.026618806449096866,-0.17632622063885606,0.11985000256311551,-1.2405991157493967,1.2183527760898816,0.294076968140633
2019-08-01,-1.10610004711722,-1.7781571334202328,-3.1247951498901028,1.200448057554171,-1.162899744903323,-1.2412304371289817
2019-08-02,-0.335302037768892,-1.546564911238535,0.8779151538877095,0.9497073033612136,1.1582289354927555,0.15801101434427256
2019-08-05,-1.5851274516520797,-1.936187813728396,0.1418293100833079,-3.461806113720667,1.9634725223188099,-1.225295228271439
2019-08-06,0.45198302562790005,1.887490098324518,-0.28968077403868087,-1.3163156923062136,-1.4987108390122184,0.7884888857643269
2019-08-07,-0.23297613199055878,-0.4509482656656294,0.2130598525973193,-1.6750834787157332,-0.06546713845165808,-0.847167355513434
2019-08-08,2.2504653127547236,1.469155013820278,1.6299481515700043,3.8714638971895976,2.0172135036095495,1.6300510829763803
2019-08-09,2.1874878268219655,1.3875472110423948,0.13946471263281968,0.8460961026148794,-0.5247688461314515,0.6997556657477588
2019-08-13,-2.7015805683873517,-2.356303511000979,-3.177841610856136,9.69367330893074,-2.083495994089024,-1.654424529912324
2019-08-14,0.4098544439073759,1.7184695122069549,1.3141658641840026,1.0590314440684923,0.22504800936871128,0.9477595331455646
2019-08-16,-0.07849598911233713,0.39540697478475106,-0.032255142826931316,-0.7956748856861706,-1.7827620445455272,0.16682152620135504
2019-08-19,-0.9359287587114462,1.0621644802543129,0.4002123587397932,1.1424183322331194,-0.09702002419051947,0.055219917498061655
2019-08-20,0.6230600241283302,-1.5351987152794178,1.9417662878552733,-1.2880970450636187,1.098025548621706,-0.33382235519596737
2019-08-21,0.23642645257666572,-1.163340487056097,0.8451444722738843,-0.39187018944134566,-0.025182085328012693,-0.8922556475220111
2019-08-22,-2.3249503795007342,-3.1428175395149527,-0.4690744344184594,-1.904077133269011,1.3631352922726103,-1.6242829527789215
2019-08-23,-0.5243765180073523,-0.9270935524647306,0.8169108176523832,2.3340474999989036,1.4304608968038979,0.8192639025843995
2019-08-26,4.320991019707754,4.109758033813193,0.0436111377771109,-0.7093301092292781,1.2724420806909276,2.1100066785376237
2019-08-27,0.16842000618770836,1.6883310725529288,-2.2303951482997575,0.6354552431441229,-1.7484353305328715,0.42955910667956676
2019-08-28,-0.5509026079411283,-1.349727042208404,2.274917822459055,-0.9059638489642419,0.12293782354666494,-0.5335266523260329
2019-08-29,-0.9143347989333139,-2.070475324990939,0.5544995896902716,-1.7058674183489497,-0.25901438346361827,-0.8853786236410199
2019-08-30,0.04489848072295466,1.298217967740789,0.985195657271376,0.5476168715138563,1.1708440849907964,0.6845829640179435
2019-09-03,-0.7630257121318484,-4.271936797453679,-0.07975822751880024,-3.3759184687487065,-0.3540317297905493,-2.044311880570615
2019-09-04,1.6644367044278852,1.3642739368657342,0.8658216104799887,-0.43518555233502676,-0.2753964976584311,0.43295454031591074
2019-09-05,-0.5605604765463457,-2.1383590406137354,1.552430507993252,-0.21228473975919426,-1.3405012557945906,0.029968693161475102
2019-09-06,0.48094659273716367,0.6041094328430363,0.7313767810646521,1.993990138172852,-0.8035251166293889,0.9061643373168504
2019-09-09,0.16475537059108536,1.0476540554498648,-1.3152531865445294,-0.024520702671171346,-0.6666663528980821,0.5193547382711383
2019-09-11,0.07556823515790789,-0.21494763940196338,-1.0855170739013764,0.9981712063522385,-1.3216569002810652,0.29673946046386845
2019-09-12,0.8683901246097303,2.0527231176342697,-0.4511702892989633,-1.9482862844571902,-0.9470629613586246,-0.479356902496042
2019-09-13,-0.5900964367253625,2.657064683016652,1.5801096976123974,1.2599496305527147,0.39137903824091325,0.8476944640087414
2019-09-16,-0.5891654151544357,-0.3023797065856204,-0.1929338914776535,-1.211649668051984,0.3758089435644374,-0.6536749886833726
2019-09-17,-1.4615723838582895,-2.7902365075919144,0.4289078873436658,-1.0984946684523433,-1.2720841014398854,-1.689465993774708
2019-09-18,-1.067220197648333,-0.32447902243160076,-0.16841006874924735,0.6889694041038563,0.7490410937545322,0.21308591630644358
2019-09-19,0.6559322570818482,-3.1926794272707393,-1.1026175178766584,-2.2103519986012454,-1.711450715207663,-1.2531589991591652
2019-09-20,8.950524812555049,7.992743708481509,-1.9130253063539993,6.386506851026996,-1.7364785116091297,5.319112930777714
2019-09-23,4.805775440268767,6.898195558963804,-5.04968627673279,-1.207787430985685,-2.403823902423219,2.8915576657539077
2019-09-24,-0.27439898047331157,-1.2099386806792567,3.885657944044918,3.1875492003889505,1.4336748638936525,-0.10344649056013289
2019-09-25,-1.1245860490767368,-1.519607457533223,-0.17629059056144536,0.06648076634894196,2.139666835033993,-1.2771612287114875
2019-09-26,0.22586693728849916,4.087960302430593,-1.2742037339116163,1.348099497644184,-0.040665320871879906,1.145084856589107
2019-09-27,0.13680901693204905,-0.6084773275012889,-0.04471561358047049,0.9446400531694987,-1.5065454062120898,-0.5081564893442914
2019-09-30,-1.3462357951180115,-3.4505743236231567,2.997934571012495,1.7722853938516137,2.0985990225551587,-0.3296462425282254
2019-10-01,1.7393792625945537,-2.09822147166987,-1.5019037503585686,-2.052923866564582,-1.874414384068046,-0.9983032105041145
2019-10-03,-2.021944349793625,0.6358911487444274,-1.0018225393727542,0.471315608141043,0.014538795272533989,-0.4040562773145462
2019-10-04,-2.766543981836911,-3.1359687008530757,0.9992396428818884,-0.22503849961788003,0.9270415629335504,-1.2307760296977222
2019-10-07,-0.23532650589142,0.5315195963833563,-0.4915234114025169,0.15289979939236975,-1.5220877090536433,-0.43266837625002275
2019-10-09,3.4754178702662175,4.950735738820922,-0.7472649054648284,1.118235146598745,-1.3478370231127634,1.679783285706482
2019-10-10,-2.2472795853427763,-2.976864581482175,-0.07656248417645672,2.868480107406346,-0.7747345434885311,-0.6960833829169011
2019-10-11,-0.14575800766034597,1.1446772975026942,4.054670994987308,-0.744823815452833,-0.8780166134320977,0.6275284833450412
2019-10-14,0.46711302664281806,0.07000086498736291,-3.5223638095502663,0.39921302491394695,1.718774319550831,0.3193315072573366
2019-10-15,1.54849152172718,0.6995560784882837,-2.264327949812639,0.45289657594806965,0.8065425852540331,0.7684353972992053
2019-10-16,-0.1594440869702396,0.7988804695037377,0.410000460997062,0.6011094173875797,0.44666987267190095,0.3123841334461419
2019-10-17,-0.09006857442528382,1.2175467011799057,-0.25277978706603754,1.7597432586621942,1.4764737535953198,1.0672506051552677
2019-10-18,0.7376925159367609,-0.6354972264970837,-0.21442087837120205,1.421414021333578,1.2998839612934798,0.6516288783389612
2019-10-22,0.8381003385894648,3.049339230613146,-16.188049274059157,-0.15531391527131566,-0.2892223481261391,-0.6302602285396697
2019-10-23,0.18557869102062696,0.875540265612984,2.3680084330641504,-1.5380504258076577,0.9115818891259897,0.1359123648397631
2019-10-24,-0.44298108904846645,-0.07690794273070845,-2.3439716881628936,3.163606398679808,0.5748401372021705,-0.18527934715960592
2019-10-25,-0.5743933443926652,3.1555826293289346,0.33050254295985404,-0.3654707307095939,2.062920007617941,0.011230477560042473
2019-10-27,0.7079113401514681,0.09592476437996211,1.7883700618664067,0.21308978463854267,-0.4353260685144855,0.0
2019-10-29,0.38781097755506977,1.671816106123858,0.27743541680180783,2.2869098567660284,3.741106568324648,1.7519938181983052
2019-10-30,0.4708233551496743,-1.3091743311879678,1.529235044533861,0.8213838216144964,2.6402938594692227,0.4857107869982835
2019-10-31,-1.4419105611408578,-1.7191870647523477,3.7844373184203084,-0.9972318780962497,0.7479507460649293,0.2815797488827432
2019-11-01,0.7884120613138812,-0.17277932629118364,0.33548209820104535,-0.5087584461174965,-3.029108015893889,0.11070906504571099
2019-11-04,-0.25805772734245336,1.784750228927523,3.0672962635504675,0.05148128168068755,-0.3157857140137055,0.42638888683566023
2019-11-05,0.21422750251087752,-0.456954758915773,-1.819468496121468,-0.7100610856396905,0.3600784861765627,-0.2018173043904281
2019-11-06,1.3836306747095461,2.636917111311643,2.327265403207246,-0.856751913474163,-0.6063145255534863,0.4099084396871566
2019-11-07,0.5610282703452762,-0.4472718212729099,1.0950406529410595,1.6516820155816347,-0.14392128825432282,0.3844209304726398
2019-11-08,-0.6409807166692705,2.2777169133333386,-1.659486385683373,-0.8981151075472482,-2.535030909616409,-0.8649599006986697
2019-11-11,0.7287237416965908,1.5016810488324817,-0.529547087880422,-1.22450012971822,-1.3615689705504974,0.04450569159482054
2019-11-13,-0.5692750576272276,-2.2242368792613765,-1.8526550419382004,3.1166862072146806,3.695949705118151,-0.6127528029514329
2019-11-14,1.3001489754034257,2.6556855438368387,2.0177849239091383,-0.6486455286339066,0.8353820413455892,0.2672990768123773
2019-11-15,0.313995701224834,0.24065985787189437,-0.1984861916744296,0.553768600682214,-1.0173706704716512,0.1966845520657623
2019-11-18,-1.240302670676685,-0.3000850902059926,0.18468473437471822,-0.7920783406174525,-1.0048474679715147,-0.09205364347466549
2019-11-19,0.780463498819195,-0.9732238458901032,1.0847951781118192,3.4642302200117436,-2.0347530531700797,0.46783297046573136
2019-11-20,0.11400396809619906,0.3039592852008166,0.021042228607170976,2.510348912415461,-0.01184770958214676,0.4941332311304558
2019-11-21,0.7853283017998258,0.6565687796952435,0.0350731809146021,-0.6493823370802954,0.45290477691970477,-0.2558460196964596
2019-11-22,-1.4493409033556337,-0.29102888084221457,-2.8110770823606246,0.5788354792550576,-2.190641821991368,-0.45118811401312353
2019-11-25,0.5020791171860051,0.2012956216008721,0.7068539425000742,0.9731626038605112,0.4730206767286971,1.3374538722098483
2019-11-26,0.3107605010633119,2.5914004309679273,-1.0743309041889249,-0.08322945743469701,-1.6742487300940412,-0.29858001604721185
2019-11-27,0.2627285671747748,-1.0182051903019573,0.7457049068150035,0.6152707355514764,0.3737792249778771,0.5233557820665036
2019-11-28,-1.024692643446723,2.700295635761041,0.8767699153811703,0.6656680481781585,1.1220506822376297,0.4169196368656758
2019-11-29,0.7626481431360244,-1.261693518705742,-0.78365105644157,-1.844580583406108,-1.1601363838469658,-0.7826467690735917
2019-12-02,-0.7215994303162443,-0.33163429674423206,-0.5241704828594096,2.278945140233568,-1.568253788624152,-0.06510929783939412
2019-12-03,-0.8176895263888317,-0.3033789207203985,0.815656908249851,-0.47904775176811354,1.4818807086744545,-0.4481997238144242
2019-12-04,-0.298711504003657,3.906932480814329,1.5035601638649032,-1.659371443160762,1.3408281978401382,0.4085307832292884
2019-12-05,-0.48337500232890074,-0.21728244655910833,0.8464181711990815,-0.11914687763587839,2.059177193981143,-0.20592371035360602
2019-12-06,0.03613918635292368,-0.6248882331364003,0.03498241691954895,0.2611419043358154,0.10842612769268456,-0.8062669529681155
2019-12-09,-0.2487929656241339,0.323942974540925,0.30066645294870575,1.1383377328360922,-2.973715629835083,0.1342112989137334
2019-12-10,0.5270010154458715,0.41783396439327714,-0.37643656442901685,-0.6772205777646145,-2.3101854260996313,-0.6760225785340301
2019-12-11,-0.06005793787589031,0.9173561567707766,0.9096706241010111,0.02880956726853956,1.4432284669393836,0.44995771891509495
2019-12-12,1.1891966294887313,0.3373681420492103,-2.6281332458141016,0.37122318896116724,-1.0284299238056183,0.5176207859728388
2019-12-13,0.019792474505142543,0.31752937610327603,1.3103505872060772,0.9373821684209638,2.491432757064116,0.9597587037832866
2019-12-16,-0.5143159176402068,0.40964967848704514,0.3796161172950452,-1.0297475010531798,2.679535379577014,-0.27095898360001147
2019-12-17,1.0935700842303442,0.3523594618806136,2.198872176744815,-0.24894469950687004,1.7961774740780756,0.9212731336046609
2019-12-18,1.6717845110765683,0.04620400957666693,0.3768858588889312,0.8414793343000992,0.12931421150770284,0.46568344122481786
2019-12-19,-0.27469127010524286,-0.22166271721958397,-0.21847391054330423,2.16390810416347,2.8278531873442425,0.3113311498149862
2019-12-20,0.6129750121779853,1.0921980401622733,0.09577858326932365,-0.6739224770773822,-0.2759030931874351,0.09869417018555371
2019-12-23,0.4395754058025281,-0.8789733579991577,0.608295519667057,-1.7322335743299,0.3958553081404803,-0.07374472230261553
2019-12-24,-1.0173478341386155,-0.036950618196895935,-0.3532597549701699,-1.5877584856998084,-0.7214303562131152,-0.39306187692401684
2019-12-26,-1.4505639371291235,-0.4342802680151192,-0.606751205487599,-2.0078199424308774,-0.6160654964254997,-0.7204522590446127
2019-12-27,0.3581281393186364,1.976794373838131,1.0974753120071012,1.7784071046196503,-0.15667241801571308,0.9833794601157297
2019-12-30,0.5607733421454153,-0.991992453346846,-0.5495802398868377,0.11995530958210932,-0.6959575504344895,0.08206736062803532
2019-12-31,-0.7838211788257721,-0.9283903416050565,-0.23875689967141067,-1.9524726651519053,-0.9847895922832306,-0.7131240742024536
2020-01-01,0.5109598277480254,-0.39898514861715917,0.7795613839455262,-0.2939148597472241,0.27295481255238396,0.1154609211690083
2020-01-02,0.6374355440682544,0.7172846403226352,-0.2917718487143395,1.7024421646347765,-0.45905283387460694,0.8183886337984836
2020-01-03,-1.4260950096041558,-0.32369831147858186,1.5380477544986837,0.12048827390904737,1.9929020294688016,-0.4522789386603554
2020-01-06,-2.164140703127271,-2.440380804183173,-0.9584516911767649,-2.3192207006125787,-0.009061561094225734,-1.9105853072941215
2020-01-07,1.5834666358114369,-0.5326293023772077,-1.482028230933219,1.538473475956681,0.24538698473790532,0.4994592001242859
2020-01-08,-0.2617701745581402,0.5832980347668881,-1.3325963805970065,-0.7510275754972096,2.239506179794759,-0.22899444111396106
2020-01-09,1.121445019288858,3.869171927973536,1.3018514619027366,2.3031317569923937,-1.8135178315648481,1.5845758122611686
2020-01-10,0.8887933559054151,-1.1074472797945378,1.4569500093260634,-0.022605435363154402,-0.0361459644391271,0.33480474426501594
2020-01-13,0.25724981390831125,-0.3054262185244516,4.79577779178173,-0.25521665517835856,-1.0481158655842204,0.5935480807329307
2020-01-14,0.2721764406672822,-0.1856556356758965,0.2714654169832409,-0.9263411071235961,0.7556133325988368,0.2656220260982112
2020-01-15,-0.40714123739075125,-0.37202558865579993,-1.0442728579995841,-0.3628950803751807,0.9062348992497693,-0.15369308543056182
2020-01-16,0.2647433330116522,0.2894119061667588,-0.0716468846699736,0.9220013682865957,0.534377655601026,0.09884063018437139
2020-01-17,-0.7377714181412864,-0.9494610422598249,0.1108115536561316,2.8025256197427906,-0.8799293314682544,-0.0254978804985595
2020-01-20,-1.8190286507749343,0.526236501483246,0.07813055978509453,-3.0771590245370795,-2.196837671170393,-1.0346193941151438
2020-01-21,-0.8407217951044155,-0.7104628886759667,-0.7742740437163165,0.10113986515400963,0.03225810317559752,-0.4474618385662321
2020-01-22,-0.2812549483351745,-1.5441205592004015,1.0098232806879492,-0.035850637237933025,1.6512752950597953,-0.5172555189302153
2020-01-23,0.32234836766993347,0.9276140790476006,1.8371982785140517,-0.42389899652833796,-0.4973147674042444,0.606672363529781
2020-01-24,-0.024100288351003307,1.165445393960307,-0.20398065278619537,-0.34713587987621475,-0.34458006952667875,0.5574584704263197
2020-01-27,-2.518992499845518,0.6368788964532746,-0.5940759652193095,-0.9858322478984105,-0.6480805995521477,-1.0552527912150667
2020-01-28,0.8242754748052805,-1.6844982875531822,-0.012851777779521179,-2.309909858108272,0.6684253671318308,-0.5214967844912932
2020-01-29,1.034154872178683,-0.30292422538993335,1.5038419442295448,0.5503635500726078,-1.3348536816586876,0.6113256399948197
2020-01-30,-0.7929388582655683,1.0634320861660607,-1.139651458785662,-2.4394475157464734,-0.7774044295685067,-0.7724984155365044
2020-01-31,0.02037727994192995,-1.2307378101342414,-0.6084263541053514,-2.2233768818058275,-2.750427615227158,-0.6123414854723341
2020-02-03,-2.731804697015683,-1.9214469689861735,-1.1018902185487511,-1.8524367716204804,1.1279215612903126,-2.1250384719316173
2020-02-04,3.1019493090462813,2.958001993010262,2.664852921637806,2.952011304097568,0.24972263897520275,2.321082268667074
2020-02-05,1.2075208872105447,1.5636827939263576,-0.41885089707577317,1.549345472310426,1.8407805630273666,0.9140500467834434
2020-02-06,-0.3896558420745988,0.46372631789688423,-1.682515295572573,0.6420433652269963,-0.847835179175449,0.40366612301674376
2020-02-07,0.1935664669079351,-0.9508780752609081,0.7713912834374836,-1.6565949006325131,0.38525899493688787,-0.32625431230384194
2020-02-10,-0.1529678010372404,-0.466005214399412,-0.5274651489572291,0.13602012030806687,1.1888266196104391,-0.5525514763038308
2020-02-11,0.024199264198720982,1.086234816221432,0.04525689104679653,1.1946102378822987,-0.39546994783173917,0.6350030388978967
2020-02-12,0.6770775417257013,1.769326061584442,0.969552850855937,1.2080579845188621,0.8057098469726354,0.7705696419483266
2020-02-13,-0.6084666324090215,-1.5109959175861665,1.4339625656758281,0.26185646529290896,0.9766103540410187,-0.21759994314084485
2020-02-14,-1.7762200035712716,0.8872359001057983,-0.7320807028223908,0.9123885002619181,-0.35357211098434593,-0.5026854435148831
2020-02-17,-0.18042787827216022,-0.7695303299885992,0.38145976365364653,-0.6285309660801541,0.8721785651813807,-0.558473346026378
2020-02-18,-0.3204339215633345,-0.07383681171613254,1.0387036781014158,-0.7339819580579054,0.567355299270722,-0.44247626186481037
2020-02-19,1.1498088115258875,0.6651869578673475,0.3510209065005876,2.480573219284543,-0.8755580576457644,1.112365150093808
2020-02-20,-0.8230174145249625,0.40382219441637,-0.430997124630883,-1.1869815665892625,-1.8007179240227322,-0.3715252459506435
2020-02-24,-0.5874612923115086,-3.1352971554823306,-0.14429061862406556,-2.759189218532121,-1.9218356314779417,-2.081386879900149
2020-02-25,-0.7975470485410363,0.20760814708391528,0.32038373100604645,-1.9758351465700486,1.9287689121636031,-0.2662856861702312
2020-02-26,-0.08748175871624575,-1.365471666961815,-1.960137193424638,-1.7226858594041161,-1.5096191960252248,-1.0120477938589723
2020-02-27,0.01667049927926989,-1.5944210634528777,-0.6260052653678017,-0.4130621336078666,-0.8523605043569193,-0.3870376787472707
2020-02-28,-1.8175024392652173,-3.5121757740111947,-5.933019791006611,-4.155120408366264,-5.003552503926379,-3.709607866493836
2020-03-02,0.16560201605937408,1.7797922610516492,1.2778419295558896,-0.9407814426078853,0.05751428162001915,-0.6159751824491688
2020-03-03,0.18651903001662973,1.709142703199218,0.8029121883893486,2.0286418675148354,1.7438660101843917,1.5319647408546855
2020-03-04,-2.7881425179706154,-1.2433082150902885,1.572953458005788,-0.23457104151543007,2.308221935631516,-0.46269501465237006
2020-03-05,0.21760274123348022,-0.7573570156736098,-0.5469600620069182,-2.1310815750807954,2.0089188853434914,0.15998577904186018
2020-03-06,-1.428744873992882,-3.5976245495921266,-2.0739208456669433,-3.0622142019482435,-0.4047115666826251,-2.4806975302821943
2020-03-09,-2.431940763116769,-5.880535311403023,-4.668800664652483,-12.340655510494415,-6.808549800698027,-4.895604333595161
2020-03-11,0.5870299462650275,1.7258257433095725,-2.619066456022201,3.536314270809071,-0.9455962705963827,0.06649981756232659
2020-03-12,-8.304906515260857,-8.59013618481086,-7.988333998017582,-7.849679566965362,-9.410336452265856,-8.301938801064711
2020-03-13,4.748845198006224,5.062843563314323,1.7664708660555473,3.979302233386739,2.059497648690356,3.8065076126893693
2020-03-16,-6.5713206474588,-9.906083694693567,-9.216158504932038,-8.106387233283986,-6.084265272941036,-7.612100106679087
2020-03-17,-2.441219102840464,-8.848350467028808,-4.835808859878554,-0.7581127394801546,-2.26361628388152,-2.504518409052825
2020-03-18,-10.070764904530527,-3.321989714325524,-3.7210508111755414,-3.918628410367031,-0.21712328731386954,-5.556454027271506
2020-03-19,2.1268063989972275,-4.647237100323364,2.1055383724195353,-5.245236726825664,-0.36836765026144747,-2.4247781753128472
2020-03-20,-1.4181257120654545,2.111956336423515,7.267919589518157,10.924049378482348,9.845085303278434,5.832914685846569
2020-03-23,-12.606894824211135,-17.84785056211876,-10.039295235341106,-13.153883405302668,-7.107280035189656,-12.980466070471241
2020-03-24,-0.4990020807389195,4.4014184513174515,12.03343301851747,6.7134156603702255,2.0033539387778854,2.507142402516349
2020-03-25,11.599581662824576,6.880246498363762,2.7805759011628517,14.718033336607217,2.7683851410223337,6.624746894667499
2020-03-26,5.176542889982416,4.212708208577864,6.07063909973129,-1.4830216401272467,2.322441270465081,3.8904356430389475
2020-03-27,0.3717808566916059,2.9068851016008423,1.5085372611468584,-0.05626921961200404,1.8733187243163307,0.21755381634551707
2020-03-30,-8.049095537055761,-7.782839321752066,-3.9834516220668026,-3.2986191615873794,-2.5212154017835275,-4.378053643081891
2020-03-31,3.6373433295549873,3.3024758949423694,2.361557275548254,8.083862761899873,2.6763824417504134,3.8237722713360567
2020-04-01,-3.7417366467357716,-3.8918831155429046,-6.0327230057092285,-2.989894760833889,-6.4262666730311,-4.000467509668226
2020-04-03,-1.9044150297217732,-7.874012044043144,-2.836752728444414,-0.27766076608466417,-3.192390610757756,-2.0596574186770744
2020-04-07,10.10629123132556,13.762419253897917,9.10021066234583,11.940235754753026,7.314731094131122,8.763210467115034
2020-04-08,-0.8034711967410901,-2.1925874522447986,-1.1580557854637297,-1.1566541422510235,-3.929142671378083,-0.4941902407507137
2020-04-09,4.066808062120075,7.446314373071106,0.7362345802987225,2.3319507246163607,3.5591914671520453,4.150883161880259
2020-04-13,-3.210628866881693,-3.516198769879164,0.1807687754190157,-2.5246868367917785,-0.3906867615058651,-1.295567073707915
2020-04-15,-3.57960276970809,-0.9980255240329305,0.25882906659298044,-3.30490368252232,-1.3698827402438662,-0.7621853562688519
2020-04-16,1.905476885946067,4.475332057336834,-2.3785344243452022,1.5828181821324394,-1.100770133252038,0.7562771164790316
2020-04-17,3.472574762696934,9.809928523746713,0.7854427523183327,4.790017722900108,5.253320795718186,3.046328187687486
2020-04-20,3.79544856462386,-3.794427864473371,3.904583480394397,1.6176711680800482,0.6892816907089427,-0.05288143766692954
2020-04-21,-2.455402453891098,-8.151119492038749,-3.0767109991521213,-0.5185801408424839,-4.453851113206997,-3.0274667144095657
2020-04-22,0.7540684958047494,1.2355057831124672,1.3661073801659152,10.20326596941401,1.8329499037513575,2.291941778872575
2020-04-23,2.837605060200521,5.060272184987813,5.8346661432659985,0.53535144984862,6.145810735586088,1.377995587701486
2020-04-24,-1.7697194988249287,-5.128204203576125,-3.1355499999893177,3.362746067484479,-3.1784848342140126,-1.7124941572334906
2020-04-27,-0.8901487007538345,3.8972630700321975,1.0030141376621726,0.8997864965861968,0.9925421408747193,1.3971358975458648
2020-04-28,0.18285286544643675,3.4348968501106025,-0.5867955068978525,-0.11189692904668425,1.2223648716786162,1.0622430648890235
2020-04-29,4.906579915694609,2.945669904588355,2.3989409165338094,-0.08403590394646665,2.506648706324932,1.8383013524196468
2020-04-30,2.527902099964874,2.618444387163632,5.7571651356495,2.7366049987512797,5.709334607962813,3.208830345213909
2020-05-04,-7.865838280583404,-11.074596113698675,-5.842070400069133,-2.1009495865409566,-4.169869893795431,-5.744483901313502
2020-05-05,-1.2513564055342097,-2.1298390662133793,0.0,1.7732568411743532,0.11914765901912538,-0.9458265521601117
2020-05-06,3.8345428747137644,3.1887385006883706,-1.1577817477351204,0.006869070265702604,-1.5081975565511163,0.7093593467121684
2020-05-07,-2.261192623860253,-1.3620434267610837,-0.14266361280151907,3.1627456227698136,-0.6277727702122982,-0.7750119504051356
2020-05-08,0.43783472116372124,0.2821230034751876,1.391077633623783,3.6398097333735002,0.09250639906546176,0.5701697069383505
2020-05-11,-1.4261883792669017,-5.196913084997579,1.2904250091894998,0.9604169617670966,2.2129688767730693,-0.13294930214019507
2020-05-12,-1.5560167013885073,0.3279588877623807,0.6955608225459597,-6.186566943617189,0.7337135023607777,-0.4616242718351149
2020-05-13,2.8950251226232293,5.245940290005824,0.945255870002959,2.1216686251860795,0.0077162748497450195,2.033371253039773
2020-05-14,-3.6597931665331873,-3.150416366133757,-5.186192595033479,-4.042903002774667,-2.42608566254231,-2.5661909373274727
2020-05-15,-0.6210248214227443,-1.4355442944281815,-0.8888742363416413,1.6330662585813283,-0.4967444104309826,-0.06453627874545287
2020-05-18,-5.798564991610078,-7.499235586855823,1.7783395681833403,-1.2779170456423183,2.784058335056061,-3.4322509703259896
2020-05-19,-0.717144182105578,0.6030137683702197,0.707935620990896,-2.210666409824291,0.15678297115648832,0.632982284022332
2020-05-20,3.184248605226303,1.7815732552415309,0.14207662847058877,1.7602631986250339,0.2540136066913279,2.1111396826158035
2020-05-21,0.28584929806731996,-0.4089768364789137,0.39579781037688555,0.5265841064260091,1.92465379676241,0.4378754451001221
2020-05-22,-2.408245318386737,-4.385668652421959,2.9976208433040608,-0.6730164747627332,1.4639472888981153,-0.735758407687026
2020-05-26,1.6153087429703339,0.5669024724403782,-1.7043452339650211,-0.5239225693319138,-3.8285167493401384,-0.11284338094974533
2020-05-27,6.012449620626392,8.934059838039875,3.6588043368267265,1.5097936931840472,3.2063650990626025,3.1664504771761637
2020-05-28,4.60355203045244,2.5090289976747338,0.27641842534387173,1.847041437709307,-0.04988428971773873,1.8803043536468778
2020-05-29,0.6770721913506694,1.560348408562806,-0.9886845541594469,-0.5331963467371748,-1.5940804234161443,0.9504662651105722
2020-06-01,3.782901642781389,2.199142581218738,1.2373459145640364,3.820689217787221,3.6961198263480544,2.5662097319460564
2020-06-02,1.3516896933636113,2.6971177745054753,1.2222023221659883,1.0096219925747274,0.0928861185954144,1.5565527970742954
2020-06-03,2.122869127626581,2.4253698628535547,-0.9250215763211278,0.387446386937107,0.24497976412194422,0.8262288035990828
2020-06-04,-2.010265222288621,-2.522079969655,0.8837957979925148,2.4746189260888896,2.2187980306396016,-0.3225168681009971
2020-06-05,3.159635380257342,2.6879367211123606,-0.5934498976590818,0.12027503223033253,-2.07024012926873,1.1272276241460544
2020-06-08,-1.6886804993446303,0.7278888604133948,2.4589596740382635,-0.7713284082728533,1.1473069590965945,0.24945207587225848
2020-06-09,-2.8152467330570863,-3.1267255879600997,-0.4508489793972559,-2.061156442234202,0.0144724529154594,-1.1881032349997822
2020-06-10,0.4608431906386379,1.2767183443613828,-0.24388501597200074,2.2769322906591283,1.7711691498839999,0.6917728526201428
2020-06-11,-2.344089606299571,-3.3286274999026477,-1.662332612341122,-2.1912554813126484,-1.9489665277929835,-2.116915846006606
2020-06-12,1.4608619743673446,0.8644767856192059,-1.690473916677826,3.323151970504745,-1.361465144550067,0.716020911179549
2020-06-15,-3.3477520770602953,-3.805928301507955,-0.6502389282013299,1.6207107492287598,-0.47071449928148823,-1.5963279394844432
2020-06-16,4.269111539435255,3.578978990580306,1.9853200504527546,0.19509828079049552,0.7832968292563969,1.022038606145803
2020-06-17,-1.125805839499383,-0.29157981295730995,0.34938388404934795,-0.14527289405713573,0.09773708410467652,-0.3313456664817416
2020-06-18,4.156224403005759,2.939026984334059,1.4566990462354878,2.510292455438301,-0.4736571380744681,2.130318755189853
2020-06-19,1.313803780075129,3.352257750526011,-1.169645126112595,6.250388464040646,0.3189173754303054,1.5136275444292302
2020-06-22,-0.4451619720805322,1.0307998871031954,-0.2621956385964075,-0.7530948707836993,-0.8143581888949702,0.6520616350433883
2020-06-23,1.3171340060561976,2.3398044913878646,2.408694827640945,-1.4460489017776301,0.36246205661170094,1.5497691991291696
2020-06-24,-0.9402212334793103,-7.4571303255866255,-0.9019481575522237,0.4038603832578591,0.3390169923590314,-1.5824677233549855
2020-06-25,-0.36320481283649286,0.8330961311454832,-1.9113824700783821,-0.575865468094916,-1.2780349530389978,-0.1591357298992957
2020-06-26,2.692587271310698,-0.5413022638114273,6.809446830177968,1.3825070915177928,5.096478919548786,0.914574014738645
2020-06-29,1.8552808284278743,-1.7187042420869436,-2.1986250137193353,-1.0622044759793114,-0.8117784830174557,-0.6799538608783573
2020-06-30,-0.9479262120444587,2.4337061212498012,0.5739467955958144,-1.1055450290818003,-0.927815030471757,-0.09988732845714887
2020-07-01,1.7591402187200567,3.5851202138100113,-0.5502812888213082,1.9658574846547427,0.4754452552903521,1.2419817334717198
2020-07-02,0.4425839690156863,-0.32962140342694957,3.3747553532733843,1.72152824967009,3.1117813788905657,1.1663452514898642
2020-07-03,-1.4181985166453304,-0.5098479909186548,0.8062622079576531,1.565041413920043,1.9701763443614517,0.5273976044848361
2020-07-06,2.704959493951775,0.23545994721763108,0.17041976580165485,3.5740218067753515,2.8891052798862615,1.4735139974255018
2020-07-07,0.1949230914320088,3.9242649246827854,3.946346739495299,-1.5309403033108349,0.29606965686110875,0.3344590235981215
2020-07-08,0.47051618794520245,-1.888049203101394,-2.449166261508906,-1.3957032943545777,-2.246814212320214,-0.8694762073642059
2020-07-09,1.3149002043580715,0.3794553381265331,0.9035723698875398,1.4599387781195627,-0.6557094904417138,1.0060032721901813
2020-07-10,-1.7645300987729762,-2.700135910200119,0.019187636677564512,2.9491745448410267,0.8165334608452701,-0.4198511095439339
2020-07-13,-2.2486421854205574,-1.8731877525049345,1.9441176405950555,3.0323903128027796,-0.10570542138260697,0.3217889149241815
2020-07-14,-1.9810340525379222,-2.2765731353157848,-1.7313828490042926,-0.9302333707690069,-2.1644360998584355,-1.808349601540049
2020-07-15,-0.5383112560657821,0.07234877246500293,6.090022613970203,-3.80803086481456,2.8522618559518875,0.10229309240368245
2020-07-16,0.8925496464763372,-0.33257110877862317,9.63353226673187,-0.03253872214270537,0.26247238948382545,1.1466161662100571
2020-07-17,3.378654631511746,2.6548689723631114,-0.8616918083166003,3.7051124649564837,-1.521407888169024,1.506059125586967
2020-07-20,3.149918602647883,2.6003462667592236,3.4490442499665264,0.4289334753090346,0.3248302704415007,1.1053321760931656
2020-07-21,0.4854201106284206,4.3525991141545095,0.26222324700273525,2.6902456574927402,0.7768169793193724,1.2706156865764484
2020-07-22,-1.0715518988218653,0.6071885887352968,-2.0122791137901053,1.645919058641554,-1.532583722620573,-0.2656309491813946
2020-07-23,0.3595717753021921,2.9257453753826157,-1.0839896390879233,2.684632687492483,-0.901420646894302,0.7442159858846331
2020-07-24,-0.9996565976651661,-2.6641170436291883,1.6410472183115754,4.293420102521672,-0.6355883989967892,-0.18991484351116306
2020-07-27,-3.5385757779489824,-6.1026640797062885,2.774038019186631,0.46827400604483316,2.289774545671519,-0.5569925698846956
2020-07-28,0.662361162352676,-1.7852228011557725,1.5182608280810639,0.9971134028894602,4.665153119242893,1.51592736988444
2020-07-29,-2.029172030465065,-0.2982175806312548,-0.9035726435033808,-3.721800059402447,-1.4590477376456135,-0.8645614328603224
2020-07-30,-1.310344144390374,-1.7376453695208793,0.7650815932461752,0.5818812960092234,0.1515960153870788,-0.8988714680747911
2020-07-31,-1.6989438227788423,0.5363140570698199,0.47324592659114817,-1.9797516855533548,0.08332905964780757,-0.2585102372305803
2020-08-03,-2.9821851171588087,-1.023636828392016,-0.9420263055870959,-2.810704384866314,-1.1944518595213172,-1.6422215545293994
2020-08-04,3.957083965310648,2.257821704714935,-0.7367710194919552,7.048279076329567,-0.19738757095036918,1.8697932161379383
2020-08-05,-1.353621100418101,0.3418856105537271,-0.5421890348065839,-1.1229356898231568,0.43561405853944635,0.05768586219327965
2020-08-06,1.2797344283476342,1.8597349743050051,2.768087603904168,0.35973906326283167,2.1509404783518704,0.8872554668374333
2020-08-07,0.30268085429669966,-0.22297629719387757,-2.054892508856254,0.5787039457271437,-0.5524168274759322,0.12410024488720417
2020-08-10,0.6514406967760955,1.5644377076129201,0.04731281791123809,-1.239253038533128,-0.5467510042564738,0.5002705259437024
2020-08-11,1.522875838590787,1.045249813707727,-0.3048216761211142,0.6580728510804157,-0.12705216155840526,0.4644978776729314
2020-08-12,-0.27658644014066924,-0.13610197297189153,0.6853169994969655,-0.29057455366703344,-0.9890686325545017,-0.12452735151247118
2020-08-13,-0.4371468534706935,0.3270968497933069,-0.3926788710473139,-0.2608491210929098,-0.12850351375612856,-0.07030344733010008
2020-08-14,-2.3228338493791245,-1.806818161187429,0.25230311930533045,-0.3887729395120276,-0.5455605043955702,-1.0800437378868932
2020-08-17,-0.16433690357029462,-0.3320295854278843,0.408971071338593,-1.062062725118873,0.5017364796891854,0.6145711045349112
2020-08-18,2.299676956680896,2.5957676784880146,1.049611421327512,1.3005868088252326,0.7255875778860776,1.2292057935075373
2020-08-19,0.9559809540390596,1.3259502774242593,-0.852677431108162,0.613628824296919,-0.5793788554289359,0.2024600213507588
2020-08-20,-0.7125332023153352,-1.7892943152790552,-0.4325875291380732,-1.6185434187743986,-0.16613461188016432,-0.8432399987605033
2020-08-21,2.516526223917892,0.9245351453832207,-0.6648289974458765,-0.724831792362346,-0.1886843374176328,0.5250916093857194
2020-08-24,2.8922796959254926,2.4787803895701455,-0.14754220700896603,0.6676812870739068,-0.022245708376689155,0.8341006471886514
2020-08-25,0.23721445072997227,1.577502040810863,-0.9816498633786641,-0.6513156234899009,-0.2424073983406827,0.05058064691958464
2020-08-26,-0.11163388671728836,0.7764934546188318,1.3538095210838819,2.6511664459493822,0.48379605746657894,0.67423225064831
2020-08-27,-0.5677306481896127,0.7319861923813953,-0.39442291524774964,-1.2492467556395548,-0.226339537866993,0.08355606212675504
2020-08-28,0.21579329363261568,4.462022641242469,-1.2459599060601123,0.26296296509868977,-0.4380699110763664,0.7643195654994939
2020-08-31,0.12112382313054226,-3.685634760073997,-0.7110269460404051,-1.6752145228926096,0.8353481779318939,-2.2330747801946216
2020-09-01,1.0261466631272143,-0.9249821129484359,-1.5561201773123035,0.3148036553801692,-0.4828558877193023,0.7266739846322645
2020-09-02,0.6076445886963322,0.3708883039392541,1.0775109779918468,1.9619104892025785,0.8369035746742304,0.5645038251127943
2020-09-03,-0.28656621524324466,-2.459219246258282,1.2499997094393311,-0.7565096512692326,1.516434361716823,-0.06545127600779965
2020-09-04,-1.0257201571005403,-2.664940838855401,-1.7529794927211628,-1.650018369107531,-0.46531497758784957,-1.6794744948559814
2020-09-07,-0.7862108373752341,0.22816012102035987,0.6418976285096134,0.2599651687166249,1.6711945423363739,0.18705202595032944
2020-09-08,0.1755802477117152,0.615969550644313,1.5404447528545084,1.1739881410341546,0.9088855916084215,-0.33201259317187093
2020-09-09,-1.4337592295405543,-2.1559706026105685,-1.2296465811256319,2.574626125707802,-0.8751585229980097,-0.3476927967516641
2020-09-10,-0.5426302452678944,0.8433223305915671,1.3258057921856192,7.0627130022818285,0.15037034685259076,1.5184429863450921
2020-09-11,-1.0912176113284322,-0.05397283127155372,0.601038989089564,0.24848597123710015,1.8424274201459534,0.13276149365679668
2020-09-14,-1.9190542370194907,-1.8353458402417422,3.4577465476474334,-0.7414532343485436,4.94079476582403,-0.21283524468515003
2020-09-15,1.1862519890778689,2.1583666584720884,0.4139420972797847,0.707924374051494,0.0,0.7145947910690342
2020-09-16,2.1625429682796016,0.8478020672743725,1.9644831222321857,0.24578512853594692,0.46563474739864663,0.71820376506051
2020-09-17,-0.9189373764988629,-1.5212275526799601,0.9233875826486271,-1.1098775518562198,-1.679966285988388,-0.7622027291120936
2020-09-18,-2.427084692225512,0.14904876106289766,-0.8753817911664741,0.30232615598928536,-0.44901573418157925,-0.09681588767627147
2020-09-21,-0.7566487342401507,-5.100790319679572,0.7733368424932996,-2.1620208311290634,0.6286001502307403,-2.211225483867385
2020-09-22,-1.3246996469739925,1.0550233098255646,-0.23764522379676745,-1.9815159461112342,2.338415979127717,-0.861286032635733
2020-09-23,1.1444947382559079,-0.7195079129350468,1.2158711757265683,0.8886633923046006,-2.199773435210728,-0.19545871070447696
2020-09-24,-1.6089841002467242,-4.590025764408945,-4.349091349228463,-2.223415211301827,-5.479316956111868,-2.9312272096516434
2020-09-25,1.3198754160886672,3.857594975702172,3.695906472238475,0.9398561501478442,3.8610415534011455,2.2645788482354545
2020-09-28,0.9770080938080294,4.115888202214424,-0.10379719059567805,0.6608546020988371,0.16513344701198918,1.6044868187371275
2020-09-29,0.7920736955626451,-1.6391297221060808,-0.13857548342699477,1.2994800224983116,2.5594449884000836,-0.04586409458945395
2020-09-30,1.510524307986394,-0.6441581301582122,-0.07433304083087622,-0.47659419139723935,0.15671857354282448,0.2241001317642377
2020-10-01,2.6284006171525487,4.073296062527421,0.9323323903189129,-0.4072777266963312,1.249878594322218,1.5061092732783665
2020-10-05,0.6684997031730644,1.0563326568798548,3.051128199557729,-0.586460114859988,7.22623260149633,0.7567643949079716
2020-10-06,2.6697149209744087,2.01018597475926,0.6722559306338916,-0.0836123110233733,0.3141026005346159,1.3826475474619793
2020-10-07,1.5864084166901993,0.5386140799101158,1.0229742142358944,2.1331456161601814,0.7976332041365719,0.6555187284725372
2020-10-08,2.542497447436576,1.267484603603597,2.545598270167626,-0.808430759089751,3.2804071770174525,0.8156676606839941
2020-10-09,3.5030879855196817,3.6129040098562326,1.1977831408838346,-0.25900929804065775,-0.45121240089824877,0.672609032539162
2020-10-12,-1.6132297220771918,0.6351102313294277,2.2858440637216315,0.1611833294017817,0.6061488374663915,0.14058853909966196
2020-10-13,-1.2524327191044793,-1.930452460943577,2.2701247974497463,1.9512474371466526,-0.12193232087007733,0.029752908438873682
2020-10-14,1.088918982381304,2.6624621535602966,-1.7965197500425467,0.2981491556907301,-0.17588273597650694,0.3062533385353339
2020-10-15,-3.487401864307804,-3.8839723488325872,-2.52857721439409,-3.540989336040412,-2.455856969171888,-2.428360085835335
2020-10-16,2.574290418296843,1.3043557162433217,1.7369616920729802,-1.3913425802273838,0.8282924186477914,0.7028949362235082
2020-10-19,0.35018234977404195,5.3016844020342235,-0.14188026014683164,0.01837825709858354,-1.8727436938877018,0.9402769621849272
2020-10-20,1.6949798279407124,-0.5993795197579366,1.0302777915022654,-0.9328125646647312,1.012294213189291,0.2000328507897331
2020-10-21,1.8587562336565444,1.3748287987416008,0.9538669336997208,-1.4518230130416088,-2.321984052491066,0.34337457642519276
2020-10-22,-1.0748435044124816,-1.7606463894734636,-1.680696211567756,-0.8307528248746698,-0.15887166669192876,-0.34512817819539743
2020-10-23,0.2027236610083083,0.9808608753013148,0.48790299491894285,0.28951516479123196,0.5858803970839821,0.28495402835257977
2020-10-26,-2.0148874935809635,-2.997968076843416,-0.8953191772922753,-3.972931922976075,0.052127430300275,-1.3629073304543216
2020-10-27,1.8333253631845237,1.3598780205448913,-1.9416685068210482,0.26614073869350996,-2.159466072954941,1.0337608346965288
2020-10-28,-1.9057777010930255,-3.3906565329439253,-1.3109128475160214,-1.1329646162252849,-0.30223985033450695,-1.34406089457636
2020-10-29,-1.8518350038817744,0.9720896601590701,-0.15790501841084215,0.7681020819432227,0.39851624047493317,-0.5012942184360991
2020-10-30,-0.30744043369185237,-1.8254541137664226,-1.32578086561439,1.3616838158397204,1.2231279477099122,-0.24333734223676018
2020-11-02,2.6783755428623657,6.329605538663174,1.1031710725276644,-8.617674363008687,-2.2609416846431585,0.2297636149117599
2020-11-03,2.690808044481119,6.324116456380069,-0.9092651201294433,-1.4407692284975626,1.1134149919678649,1.237019016319918
2020-11-04,0.7572417303055357,-1.532060643825206,2.955142652714726,3.393844902019527,0.742340145395004,0.8041647267956087
2020-11-05,0.938427690806054,0.33176705599000655,0.9187048660375119,2.184830102697366,1.2268341991589438,1.7785598915690537
2020-11-06,3.0294831945749667,0.9806176004242273,0.7925812989155734,3.79283589890409,0.8098317175202485,1.1819014571289532
2020-11-09,2.515951054545429,4.49412704614196,2.13882862788235,1.062030908858147,0.7073237380519348,1.6104635537461442
2020-11-10,3.9610689141592825,4.5710102660183605,-4.003355969466216,1.6506432459390652,-2.824045897271943,1.364650710436388
2020-11-11,-0.26548837282757143,0.5580097177721566,2.882565969589712,-4.190358592337306,1.4417241012475435,0.9346041508720315
2020-11-12,-1.3129915871719633,-2.0244494569072624,-0.423150350796353,-0.8611988383464331,-0.6231758493852935,-0.45768215253314537
2020-11-13,-0.9404300391300691,1.8565103884377043,0.5770331600784662,0.8282817424165589,-0.5316202862691632,0.2296970330761372
2020-11-14,0.8021504578062721,0.27804441895407095,0.822810790818651,0.2955354970442414,0.5081094073565495,0.0
2020-11-17,2.829092691284174,-0.10269751038101127,-0.8602162498748567,-0.4519789808128283,-0.16100928888307386,1.2126619808373373
2020-11-18,0.017756946928781936,2.312909176236877,-1.1702326490282244,-0.3035264057253628,-1.477862587625245,0.4975051165572175
2020-11-19,-2.438426465113519,-3.7978476949174556,-1.2426220848469116,-0.707022796869683,0.39025161231955874,-1.287266861341374
2020-11-20,2.13192282951824,0.3028761704956695,0.6017674492861946,-3.7326033542495085,0.8854712766792616,0.683930941371913
2020-11-23,-0.6447401383076756,-2.488554269797072,3.30810103865824,2.695444942592351,2.405814845794718,0.5241475198302092
2020-11-24,3.1263392430215697,2.1249394370379537,0.017542851194929376,0.6843562154551508,-0.08076466515192227,0.9956344809897599
2020-11-25,-2.4614119124907075,-1.1501518617789697,-2.1402376710857984,-0.8273656036099086,-0.762264217773112,-1.5070680468092346
2020-11-26,1.700176211355009,0.5500357298061864,-0.21961374900161257,0.2464376375867161,0.7144556253132262,1.0001213639976747
2020-11-27,0.995330976843678,-0.4102584495011552,-1.1857755798467706,-1.167687272233664,-1.5052136985276188,-0.1389836350773832
2020-12-01,-0.5239937472449663,2.4822984418111593,3.4409040998011786,1.3006589240936783,1.7595798867301005,1.0802694687318537
2020-12-02,-1.8384057698788592,-0.9585619504580034,0.26805630975357264,0.16626145265401515,0.8343146924328471,0.03585458429504751
2020-12-03,-2.114509789022978,0.29139354247962324,-1.2665357451354997,0.3012876495613215,-1.4584046460535904,0.15365849299400214
2020-12-04,0.609939450301078,4.192178695692084,0.7279324146300725,-0.8808295399643451,0.6680248764643792,0.9490662358873525
2020-12-07,-0.9634835744681824,1.6731404095218227,0.7800051589987866,0.588161375904872,0.3721242322916929,0.7331133249439903
2020-12-08,0.29511930411723064,-0.4016120583852256,0.8613900355795234,1.81544209301443,2.1770175221441423,0.2785331809333158
2020-12-09,2.2451576915315297,0.6097539986277267,1.8944620511555321,1.6652088427690837,0.48260779122617503,1.0165752285866914
2020-12-10,-1.5171981553983693,-0.8895423395267721,-0.6339247855098096,-0.984245388851579,-0.9427833891352821,-0.37548548058806697
2020-12-11,-0.2200654628341847,1.676702015296172,-0.3896296898381668,-0.05977865860112841,-0.02516629256716918,0.2637558535026452
2020-12-14,-0.7701893436218521,2.007946424966822,0.11606001726012227,-0.7229035880221502,0.5065596546449891,0.32781762806703973
2020-12-15,1.3956269661256293,-1.4739515477468546,-0.8544508502813297,-0.8512073082282745,-1.292152204812047,0.07153791977927426
2020-12-16,1.3943554771235656,-1.0809648136414496,0.9614081544849329,0.11142483306652018,1.9065334765455688,0.8464907059269056
2020-12-17,2.2045998776919706,-0.4000508655526369,-0.5576300228796738,0.4578740983063767,0.8528206057822452,0.4238929390550483
2020-12-18,-2.111940046254146,1.3224986102602365,2.639759978490952,0.299662831640779,0.8033560993857103,0.1444584998788523
2020-12-21,-2.7420668923634817,-4.379768991550559,-1.0505975935754086,-2.6035146333962755,-1.4278481634957374,-3.14049525779333
2020-12-22,0.03278466345850717,1.1728920630442952,3.669411411567869,-0.15465277722100934,1.8562891712610607,1.0346283876607965
2020-12-23,0.18571887229097417,0.6596112584644764,2.666974026578517,0.3691915728186723,1.2619697286795795,1.0010159185716239
2020-12-24,1.559270348826125,1.9757737773870243,-1.3566871959819427,2.587635438357383,0.02060920176487624,1.089253037474136
2020-12-28,1.1273349275310762,1.2754331349910109,0.3438251247124047,0.4588443791750052,0.6891548537438119,0.9015051389166695
2020-12-29,1.0156608086804741,1.6727473971015039,0.8062524657130199,-0.6614123328943622,0.03755914718666098,0.4281594241144937
2020-12-30,0.37136580201602154,-0.00943495850693754,-0.2799223446354526,0.2738569897204224,-0.7234194866334365,0.3542094606974411
2020-12-31,0.2652753990494361,1.191474493992084,0.7218419542329269,-0.5111417600093704,-1.6000595740939594,-0.0014318125132972703
2021-01-01,-0.7832675973655001,-1.411075634519876,0.37026399500208473,0.11082389082450739,2.2880171881368927,0.26284263414808606
2021-01-04,-0.6350672323271911,0.7962268018265606,2.205565998164838,0.16854888203348128,3.797500716131341,0.8160672727110629
2021-01-05,0.7556378622753934,1.0438001576403177,0.43081113370100343,-1.2431809499692692,1.7618575802867298,0.47123808655142874
2021-01-06,-0.43104588199254223,1.7589506942771393,-0.9042979528552264,-2.6372086442706277,-1.3417614471917139,-0.37501320469031096
2021-01-07,-0.30270910957704844,-1.0243281127885417,-1.5560544800833354,-0.16193650715606855,-0.6128267066284221,-0.06291696120880319
2021-01-08,1.0873929026683937,0.17556561341411925,3.957546422236158,1.179908191153456,2.9049160131530583,1.4847223590326086
2021-01-11,1.3830035478288982,0.48889774883735804,4.885283772289428,-1.8849912132535618,1.7799249097444125,0.9583718134137165
2021-01-12,2.0358893475568296,0.6058269441401976,-0.32334579048272083,3.1519401332945174,-0.050341103604834014,0.5433314024232416
2021-01-13,-0.6988457779235957,1.5511024557467445,1.1226529251343376,-0.9325287569892482,-0.5008332035988383,0.009609083312889233
2021-01-14,-0.12917914718423296,-0.57501607526943,-1.2003170452251077,1.1244052227889156,3.1002965025624274,0.21112473403230858
2021-01-15,-0.14298463249693416,-1.8615644460904357,-1.8642706136323128,-1.1807592863658845,-0.5337372604958368,-1.1092344158201595
2021-01-18,1.1215935020788326,-1.8139944854248857,-2.4461910851104607,2.400058685953921,-0.35879046262330405,-1.0558650142566628
2021-01-19,1.3990956428088452,2.494605138126249,0.35058949134183504,1.635631788961156,1.208983611453962,1.6794730817062842
2021-01-20,-0.78797537606351,0.8326545841944366,1.7316737418299644,1.8994120420389615,1.4751529612081704,0.8508265623863087
2021-01-21,-1.1527984334318786,0.3085106174104624,0.018656882168466282,2.1755083370902595,-1.0562666449054348,-0.37112802046228577
2021-01-22,-2.1189330360414593,-3.419575053093893,0.08586486646533498,-2.3720973674209445,0.8934271897429902,-1.4972171647596122
2021-01-25,1.3369613662952862,0.7961882153891597,-1.174631583840824,-5.29859949292838,-0.35726361468793044,-0.9254169343308138
2021-01-27,-3.64014444618187,-2.9179430995861955,-1.8187420265194487,-2.3699189597418346,-0.919063900631889,-1.9060488041877988
2021-01-28,-2.7064545093680503,1.1295089763325494,-1.9062248735346565,-0.973610804158398,-1.9778845415279966,-1.0735650281904374
2021-01-29,1.3890412005769903,1.656420665253533,-2.910977817024729,-1.8438017569371135,-2.6653551642003337,-1.3240422354072856
2021-02-01,6.202826928833272,12.439475927719768,1.763452908389307,2.896371848474355,0.899917710477327,4.742351110133836
2021-02-02,5.674615436274766,2.2441028036477073,0.820842816897871,1.6092566648936213,2.041819823814328,2.567357148195737
2021-02-03,0.9131438362518285,0.8099173383335101,1.0540538884019623,0.2518369724960223,-0.10616439082349327,0.9701122671723184
2021-02-04,0.27303411279220313,0.9560552826507474,-0.41254366528229447,-0.3289107107372513,-0.36247996688566486,0.7146758029381362
2021-02-05,1.1715633632493505,-2.2520884613460135,-0.5667100113047496,-0.028573707480705757,-0.9565837456393722,0.19199973566108586
2021-02-08,0.47883850664578453,2.5156599909561095,2.4723084459866262,1.4398910036617307,1.7780809112406981,1.283480273296811
2021-02-09,0.41116796839932856,0.5956241717404609,0.15343075537856965,0.24084872218028686,-1.1574222267230594,-0.04300136336804483
2021-02-10,-1.8674369761559562,-0.1894716006115127,-0.693221963520152,0.9278352724789718,1.1457982630656893,-0.018530340410816137
2021-02-11,-0.5942755404304445,-0.23728657949145804,-0.29692590882339776,4.122987976524839,-0.2272066860334765,0.4421924647502795
2021-02-12,0.6105514068170281,2.687692728557556,1.3267315491170883,-0.6858973422834702,-0.47410222238231103,-0.06590524229219685
2021-02-15,2.190334434198249,4.068880580507495,-0.011454019035739282,-0.4408277809531125,-1.5967746241861813,0.9984659841533849
2021-02-16,0.6216765866785101,-2.3147189907841037,-1.469852034765362,1.3234224348178447,-0.9889046707796112,-0.008162092525865194
2021-02-17,-2.468265974412398,-0.15189562139653612,-0.7052141892133768,1.1531981767665567,-1.1483553810938574,-0.6827318687430917
2021-02-18,-2.029623822264004,-1.9319916031175777,0.8701876480321724,-0.7464261914458592,-0.5124819621895815,-0.5914312869584326
2021-02-19,-0.9779334082827718,-3.1955338123996646,-0.08894915046162577,0.6093607803909551,0.4742316867158536,-0.9074717063029758
2021-02-22,0.5782698228188332,-2.2754613754968123,-2.0212230837376555,-3.4706500970068,-3.691585560230315,-2.042817459158641
2021-02-23,-1.217697052728306,1.0576390591097606,0.0908873175297309,0.7644068992788577,0.7351709433885301,0.21872625461001327
2021-02-24,5.055085109881063,4.024021084430651,0.6277802463732884,1.8557430387080576,-1.0770770470361568,1.864318245786234
2021-02-25,-0.0031071451289554908,-2.0433785399095794,0.019610735788355704,4.044154289368773,1.6010303275552529,0.7699213013950157
2021-02-26,-4.482069706766911,-4.816866943430432,-1.6672414983176842,-2.730430246442317,-3.371968095611111,-3.7635693247585977
2021-03-01,1.59671594390145,1.773310100426917,1.0931137204049701,0.7622925401761682,1.0330706406862733,1.5995389118723446
2021-03-02,0.5965571713718809,0.3534156257721355,2.9597551037933156,0.2045914129901405,2.809306267404632,1.0672985341787733
2021-03-03,1.1892719991552392,3.5380754858234553,2.9934674891029855,4.563166737352953,1.7546280993369523,2.1884698711632122
2021-03-04,-2.193015733476944,-1.7955815149669707,-0.9824653304438047,-1.192048709941873,-0.3072735690512918,-1.0812930524138231
2021-03-05,-1.4207013271488322,-1.820385015203363,-1.0260447520483273,0.13096926140931942,-1.3657262461238107,-0.9459104528952489
2021-03-08,-0.6862857672767841,-0.2297205804161928,1.4468009013630656,0.5691601099067745,-0.036545267815935034,0.12117060677612201
2021-03-09,2.8298806495982376,2.8040413394158303,0.7336746337486488,-0.0022835550829936047,1.463248742402956,0.9507775601791391
2021-03-10,-0.4320011362846543,0.07998758802758577,1.6796139320043313,-0.41533260801029925,0.6555414000684712,0.5060099883821945
2021-03-12,-0.24425969506191025,-2.038048218878319,0.4897103259979385,-2.0325758521369086,-0.4233120810945401,-0.9479506235763657
2021-03-15,-1.50133462096258,-1.5256465078162806,-0.09093400818560582,-1.3426301194842893,0.2681451999176909,-0.6749419963093084
2021-03-16,-1.079377121308489,-1.416735049645934,0.7571564194156055,-0.3935696880355666,1.4317756022417027,-0.1275984104457617
2021-03-17,-1.1110122474207174,-0.9160444967376224,0.21675780641836617,-2.1541468821019594,0.0932355408239216,-1.2685759862868795
2021-03-18,-0.2908875926480259,-1.849037697880429,-3.5977041255366715,-2.250220047979601,-2.4558523382731345,-1.1102973071742905
2021-03-19,0.4359436382006976,1.3912994128073786,0.5496818941579829,3.6284908582839392,0.45115616106579104,1.2786942826028547
2021-03-22,-1.8931549722088659,-2.2500660080398527,1.9599169631903335,-0.9414244489375223,2.6047714552264845,-0.0515437423697751
2021-03-23,2.110067846157593,2.2582578250278873,0.05473194677689808,1.217047517065839,0.4137715859299673,0.531673999743143
2021-03-24,-1.4232004395200892,-3.2230433185434726,-1.2978092548442177,-1.9257481293607936,-0.6841477711632349,-1.7911176994211853
2021-03-25,-1.0447650784636942,0.7136406855032362,-1.4736762573229645,-2.7279890986648736,-1.8022206624625725,-1.5430189146808937
2021-03-26,1.9100026634377043,1.22474570198301,0.1799135960149023,0.16069069838253736,0.0636093132235116,1.2733031929623273
2021-03-30,4.18427534529644,2.229716329616993,3.6746128663507127,1.7371417073195117,2.9917056827420296,2.328481586755049
2021-03-31,-3.864970113628674,-1.5808584483690047,-1.2452186426610612,-1.2910825184212382,0.6110402855571628,-1.0400699094332388
2021-04-01,-0.4619484370570581,2.113035903495275,1.2535986154475598,0.9360490793702381,-0.40436959997762756,1.202457416691849
2021-04-05,-2.498759956148844,-3.8946798286189743,1.7831441668898718,-1.4466969308413513,2.3349187051668885,-1.543986054802604
2021-04-06,-0.6449991956489098,-0.9365482176953766,0.08156948613937676,-0.41654077534934997,0.7965625340257354,0.3122067245233451
2021-04-07,0.4825690783932135,2.076342899811179,1.3571384754922144,0.9348382174599212,0.20522421864250795,0.9231436965811968
2021-04-08,-0.9950298298022409,-0.16446794031914624,0.6747332610572254,0.12482167488176987,1.4046008032445378,0.36945688638336804
2021-04-09,-0.7712278062616762,-1.8207017706478146,0.08334593541718949,-1.1618888011341921,0.14770421139584933,-0.26187118170183377
2021-04-12,-3.847362033334867,-4.883422065129528,-1.0617241180660764,-3.5770960564216914,-2.278567262626774,-3.5325589304007643
2021-04-13,2.4358880490853885,4.094314663049237,-2.005945071876025,1.0804999071297727,-4.38928301327527,1.3556195506029933
2021-04-15,2.12447611511537,2.604360473894074,-2.6053276061767994,0.6470554963806219,3.7016261091469937,0.5284484560774683
2021-04-16,-0.10139266508164546,-1.4342849872492014,-0.5144134353199936,-0.6274690038686082,-0.7393788479090113,0.2496282165007191
2021-04-19,-1.1374326920105426,-1.2699615333241265,0.6500592618297052,-1.573419256182973,-1.0437533273629063,-1.7676978554819645
2021-04-20,-1.4868276437353445,-0.11612269350532722,-0.8219989629879021,-0.028920389144559966,-0.545584376743613,-0.43908230349990474
2021-04-22,2.235150999286284,3.5950762919782386,-0.018503071142894623,0.27614264671864674,-0.8188696632002723,0.7676757575422188
2021-04-23,-0.5869883917485108,-1.5970324032088756,-1.2804292919760818,-0.10752971910334974,-0.29817913526507533,-0.44981330537942066
2021-04-26,-0.6611772529233395,3.710834742420621,0.7309766518057481,1.759125383929483,-0.27981065244733205,1.0016518287169873
2021-04-27,2.4131523841302904,1.2942132744792056,0.3684244989164309,2.621467523001475,1.0061779268114357,1.1601643402658013
2021-04-28,2.648224701981605,3.7745332438134716,0.5561918377011921,0.4349667132993007,-0.2522264444213551,1.4433855260107098
2021-04-29,-0.2911614780084393,0.016089967807775274,0.025805019985303268,1.3393106205087157,-0.2832775212836425,0.20418099664161193
2021-04-30,-4.088288409801832,-3.371150792403277,-0.1474475653500229,-1.4599498914314335,-2.555177673612663,-1.7710812045177438
2021-05-03,0.15223406811246676,-0.6244772796541675,-0.1698197954129066,-1.7773836865486725,0.044464413597933294,0.02085134632017205
2021-05-04,-1.8452425554491114,-0.8714036098934841,-1.6752377618413639,-2.1668706679636607,0.4198523792660058,-0.940610742344028
2021-05-05,1.0263936121836403,1.9017874211277652,0.9101860013879026,0.1826157973742193,1.5066377572086287,0.8370959153933599
2021-05-06,-0.12119294205931164,0.895849215078881,1.4983059166826074,0.5676885389032993,0.5088230090801504,0.73164109749706
2021-05-07,0.9886380873487033,-0.1808895921624032,-0.6646545231247858,0.03883913427247254,0.689377698019733,0.6679247748155426
2021-05-10,0.3604934247384728,1.0130060798184681,-0.9611490090471464,-0.2873092101495889,0.4021489501386366,0.8041422748121585
2021-05-11,-1.1480069782082825,-0.5544092847211135,-0.6643955758993902,0.3608207181227341,-0.7279854037599343,-0.6130201191218876
2021-05-12,-0.288556648307281,-2.476015943422283,-0.27430471234521914,-1.0345909928087593,-1.1208829217879135,-1.03866808073666
2021-05-14,-0.9038974081403195,0.42874612782968224,-0.7987980024498631,1.2623226592734627,-1.1692019940637843,-0.12724250884564858
2021-05-17,3.8504516737391636,4.403145262050301,0.9875541445828473,1.1897948617754395,0.5981024225819365,1.6715760481972541
2021-05-18,2.5308156164232987,1.5394619337919524,0.7973345313989189,1.4079034113802624,0.6205377785092336,1.2393443335275034
2021-05-19,-1.2527950590488945,-1.2239526643965326,-0.2238647072716593,0.45777214382187736,-0.22012755541033213,-0.5159432408138875
2021-05-20,-1.7418679273507487,-1.0952177360948667,0.17201292311455063,-0.5833554534718677,-0.7138176880843838,-0.8256776060930671
2021-05-21,4.501687775171548,3.8554999453224825,1.1349393800249796,0.8638037675632759,0.6699091501559451,1.806313567497475
2021-05-24,0.8448393802457987,0.7626929936093818,-0.4761958052724169,-0.8439335430865724,0.03246999947537077,0.1476108604989923
2021-05-25,-2.053052221539864,0.4556934350555597,1.0051427840603422,-1.1331260899110296,1.548997756770265,0.07073438653115716
2021-05-26,-0.1284541826669705,0.33831880254793223,2.6182593858963488,0.3514738252777594,1.4290336179943797,0.6115021504864648
2021-05-27,0.3791261029794324,-0.03831923580773777,0.35784396526883366,0.30710770371507046,0.6807164001502386,0.2378821196545866
2021-05-28,1.4028779298712157,-1.4105011148449864,0.19967161878682305,6.006773869067494,-1.1446623167780334,0.6376433707514062
2021-05-31,0.8247749318613051,3.063522338158986,0.26618226871180095,3.1267889784595715,0.4946346560355197,0.9533088035724946
2021-06-01,-0.2737649894023697,-1.9087123861060484,-0.4699722939989659,0.3980959052071631,-0.19466183991367902,-0.05101904286871628
2021-06-02,-0.5093669792575195,-0.2692053406048056,-0.6163464569474919,1.4915353489114214,-0.7469087608780733,0.00867158252806366
2021-06-03,1.1004039439873825,0.2930667980876933,0.7979016488903312,0.3816041454581587,0.3770522477557492,0.7328450625387672
2021-06-04,-1.2890061193908453,-1.1610906618618078,-0.28785205044031814,-0.8666534475562426,0.07958524574185333,-0.1281017305247989
2021-06-07,-0.07329286412749436,0.8557688775473249,0.28868303046278854,1.6845399681906237,1.2548719070227365,0.519458149199914
2021-06-08,-1.1201235458641268,-0.8947878834051348,1.6766643170667006,-0.5746562932705035,0.5324833419779962,-0.07333060957773752
2021-06-09,-0.1854040019278913,-0.9807100313285577,0.16632599001309423,-1.7881384786961663,0.003124465870363302,-0.6654976944212576
2021-06-10,0.05064980074618308,0.6760156892624769,0.6359069831925135,0.3678309309496752,0.5171489532442175,0.6549286916079033
2021-06-11,0.3578631845595259,-0.7339217612532312,1.586752722538698,1.7345510651147311,1.77195508261625,0.3914130633349666
2021-06-14,-0.4642348595259582,-0.0865122047077782,1.029791618113074,1.434623424975201,0.07790297410412705,0.07911718082738162
2021-06-15,0.7300224765347751,1.5980342060176067,0.8277409468919972,0.22716899931645163,-0.41511325865971616,0.3630213545097627
2021-06-16,-0.37913496183111794,-0.8058129059648311,0.4545805948430237,-1.7066707809352044,0.355518723778947,-0.6408632752808119
2021-06-17,-1.2461284340650858,-1.109202937540088,0.992834973417489,0.18312255117078902,1.325452991488274,-0.48295020472909345
2021-06-18,0.9344489077468987,-0.41074041549565843,0.5350091705145887,0.45133442167903937,-0.6163603414176544,-0.0513069646403852
2021-06-21,0.6014250656841691,0.13481647948998532,-0.19955144742858089,0.5212018910764282,-0.7339366315622042,0.40265882096546246
2021-06-22,-0.329130553242063,-0.06336059771272495,0.7698241848497211,-0.5140180076164236,0.8585185993431832,0.16670371193598932
2021-06-23,0.1145607155016437,-0.9748788702336086,-0.5754395150707858,-0.9165547224921688,-1.2056345363201326,-0.5439749231269109
2021-06-24,1.396835145584019,1.4967267315968869,3.728844028327871,-2.3510918247348744,3.440245256082619,0.6597840798329813
2021-06-25,0.5875501164106289,2.357846416900866,0.9620127957958191,-2.277701301566848,0.2134287634748544,0.44266891189239654
2021-06-28,-0.4455163191980027,0.20030718736860909,-0.15244935263557524,-0.876699626896138,-1.302954988077898,-0.28782098242977616
2021-06-29,0.013323766394246483,-1.568487147760722,-0.5566927429137447,0.08628894671345311,0.12288412536813897,-0.41891404314852165
2021-06-30,-0.27629671218636354,-1.4372841871598152,1.1356149167190521,1.0944542813074332,0.14665947139360647,-0.17112919035373597
2021-07-01,-0.7443712346446696,-0.007928250343081089,-1.2904933230014626,-0.6017058153317767,-0.12702368496307903,-0.2639697229908089
2021-07-02,-0.4271022848511441,1.4900542502775949,0.47422792454998586,1.482393700334228,-0.48032678911087423,0.2691338986766656
2021-07-05,1.0166074461453123,1.187028120912359,0.7111937203693408,0.9934017957263119,-0.13382104044503684,0.7133188273225066
2021-07-06,2.624631919302156,0.37817286681633977,-1.0608283339187285,-1.181289049304357,-1.767532611489786,-0.10167521731027085
2021-07-07,0.3127557619401422,0.568992492634135,0.15362934525047223,-0.6941832675791293,0.38775394442855937,0.3881617158977724
2021-07-08,-1.2374122883908267,-1.850167384976109,-0.24607127987164024,-0.8269972151991212,-0.5022913322408118,-0.95562557277451
2021-07-09,-1.2134594399773047,-0.5218916505267068,0.1377519068402,-1.022644886820645,-1.5451921932463142,-0.24224839292732447
2021-07-12,-0.9986529922071608,1.205874831549858,-0.9629548190874915,0.6228284189230715,-0.469107786541334,0.017844744498685117
2021-07-13,0.9986472119943635,2.8936128309597464,-0.1873610094966227,0.7485214630338577,-0.17381274779122435,0.7630985495128417
2021-07-14,-0.17977530432081723,-0.09024808653480543,2.068033066176267,-0.6524721153241986,0.8470640461852419,0.26308921169333477
2021-07-15,1.437477436495227,0.46663911118731694,0.24733379361048247,-0.17497462916328255,-0.14342326062606325,0.4431072328003882
2021-07-16,0.10850277831961908,-1.071245373398444,-1.6036322304597395,1.443066541153537,-0.2544771062297557,-0.0050225736783704455
2021-07-19,-3.3730677101028506,-0.6663611511477763,-0.8839854873057162,-0.6367155336019614,-0.31926420302574865,-1.0738912280361723
2021-07-20,-1.8932825055131053,-2.134481783031028,0.5415980305526258,-0.24535998308110596,0.6657072095541894,-0.76369809214345
2021-07-22,0.38458816354631775,2.188818063427256,2.590243639562173,1.2847562756536535,0.32909196077230973,1.2279233123449584
2021-07-23,-0.41071291416718836,3.1557162619357815,0.01571466885454953,-0.7073065680990642,-0.108821962498451,0.2022238326785386
2021-07-26,-0.5683532971109573,0.01478440444713236,0.8456829343304051,-1.370093668239003,-0.4762364210338266,-0.19929055322251976
2021-07-27,0.3624695687692414,0.1034379190998802,-0.08415883588694939,-1.0520787446300583,-0.45655964007508265,-0.4929081202650898
2021-07-28,-1.5592905410149793,1.1218556600701923,0.1903061742984269,-0.8588891800488829,0.46653850205276015,-0.2352898858342667
2021-07-29,0.06702195111558673,0.6514923049368848,0.7100230569818455,0.7804212794590981,-0.06255725223377473,0.4395444954646832
2021-07-30,0.5781715298923906,-0.727275680676509,-0.4019742563818651,-0.8742114258261213,-0.8870961430040403,-0.0976039499086867
2021-08-02,-0.2663956163742154,-0.16117282047601877,1.3070396658094507,1.8277430911487258,1.6401391789189201,0.7746000136419795
2021-08-03,0.847011523541541,1.3208155085940643,1.4495340654507416,0.7358115752247096,2.0345283182754414,1.5460955882416139
2021-08-04,2.1328482968336004,3.5124523696172805,-0.3594622866888719,0.7663836607062935,-0.333350587061676,0.7938242467802281
2021-08-05,1.334203858501315,-1.7071363363301506,0.26072857153782714,1.4497951521936114,0.30544240648304744,0.22018725316477195
2021-08-06,0.525303748469863,-0.6833164627716437,-0.2026005732622349,-2.117837166899106,0.7871602649364817,-0.3461233501561467
2021-08-09,0.7536923215808677,0.7453624715197948,0.7938466754565221,-0.5696418918308743,0.3897717335124007,0.12347307242392969
2021-08-10,0.2493629963320254,-0.27744297103396987,0.8386996691933435,0.5247534760279171,0.3370522505843798,0.13439090538649445
2021-08-11,-0.8423803127345586,-1.0486560055056326,0.017890581006008155,1.400836601246458,0.30896987982023116,0.013208706805212245
2021-08-12,0.43146095259618544,1.1246440286239112,0.7183024081878653,-0.32116291781412176,0.2257528322891611,0.5045395484346349
2021-08-13,1.6517906634791357,0.4919105094167042,1.3375933655116912,1.6654734837552532,3.3310889674463606,1.0064482340847336
2021-08-16,0.28830087017615025,-0.30504333878725864,-0.45556199581240353,1.2979756029776413,0.2757430134513683,0.2054024277023725
2021-08-17,-1.0420873757985727,-0.2063624695551658,2.185536356052453,-0.4255770571309325,2.306405257023081,0.31122785775283823
2021-08-18,-0.10892756471966303,-1.8397108570757381,-0.4708254477501117,0.38813082077147065,0.2110750280167828,-0.275360231817956
2021-08-20,0.1156591346403335,-1.1041558366611914,-0.02885631173807912,-1.123059785888969,-0.029504837317284593,-0.7142898400624986
2021-08-23,0.6502670090550833,0.2938070463540887,0.33469719907843754,0.6563572311676369,2.1885264948022343,0.27931806783987323
2021-08-24,2.2464970114213667,1.7211144062424744,-1.029486313590533,0.98734565498797,-0.6653245309504507,0.7768362083601765
2021-08-25,-0.09301079326867745,-0.4895980515488674,0.854248662780388,0.8655005621936773,1.267582036279702,0.06045728309951315
2021-08-26,-0.16694710351549125,1.1214771519425737,-0.4523238894880044,1.2644092441621124,0.35122169879868714,0.013525983096518424
2021-08-27,-0.40842578167505916,0.13594789378377214,-1.093926820067903,-0.1367385700161705,1.31538592892122,0.41052615884800137
2021-08-30,1.2787079362635012,1.9864318283934201,-0.6291019741968329,1.923761514847544,-0.5067010672209937,1.3519836521704187
2021-08-31,0.8385176630702595,0.7566675756434105,0.4946928744251844,-0.5329789360864479,2.3005371936846375,1.1880446175423387
2021-09-01,-0.14544139549831359,0.1182120089493699,-1.681864769287722,0.39633360532171924,-1.8883012814684408,-0.326573477436376
2021-09-02,0.6269400330297215,0.7292709106578865,0.6764985706417814,1.2042139761767823,3.278663968830342,0.9246783727399066
2021-09-03,-0.8149830257020652,-0.11722634949430377,0.6838017318496536,4.101270985450123,0.1381347805182065,0.5190230833697296
2021-09-06,-0.6567080077754861,-0.4349044553177417,1.7493274559262417,1.5532844507936128,0.2589618032437402,0.31287476677577253
2021-09-07,0.2267399321721486,-0.5893213161456634,-1.3725117777103724,0.6307645588253807,-0.9371855424837205,-0.09035189246697772
2021-09-08,0.45562937777063883,0.5649257467871927,-0.7851631922222935,-0.391244722011197,-1.0941182050675513,-0.049530929832686255
2021-09-09,-0.49479654755388847,-0.09709450502485284,-0.09743944178424169,-0.23649139617607506,0.4570807831568713,0.09075978909154347
2021-09-13,-0.8319355474483481,-1.7841099721313203,0.01772224347860174,-2.2283266144153657,1.4229475843700046,-0.0803098507419775
2021-09-14,-0.4500068344216679,0.007068166002865972,-0.33984395094749376,-0.13071687443247937,1.0545309728549945,0.1423151293159064
2021-09-15,-0.11301236843548335,0.9753290007700866,1.500437381324371,0.41590101037043414,1.7666385786351935,0.802354538262362
2021-09-16,0.8501287459253826,1.7988456143034348,-0.5375308988752492,2.098124071305607,-1.2959884403678568,0.6281634763507293
2021-09-17,1.4231279128477548,-0.9694671974695979,-0.6432717915328068,-1.5505320633798725,-1.9329630892848892,-0.2515647600612625
2021-09-20,-1.4094829309798218,-1.4094254927830452,-0.2039952642802323,0.1589575075318539,-0.11363991784564265,-1.0705054879733056
2021-09-21,-0.5064521829141966,0.2605465543535912,1.8129557694958498,0.43226042111650376,1.0317730531485436,0.949017386246398
2021-09-22,-1.1759445186441009,-1.194058959903499,-0.09017097986967482,1.0729121157351251,-0.020705551488653384,-0.08740239935656202
2021-09-23,2.3668449823702975,1.9407111625691975,1.4939557611594045,2.4439522624630783,0.18382711431743637,1.5746528367181822
2021-09-24,2.0095459310066177,0.8298499611588683,1.2223574704502749,-0.2891770183343523,0.05299428611771351,0.16972499684944076
2021-09-27,1.4704460582459111,0.9751751107591078,-2.420842198656936,1.6816241225302342,-0.8873148088054617,0.010644538279747096
2021-09-28,-0.6184248611867171,-1.7602723187301494,-1.9783284249770605,0.9348661049114027,-1.5063952691181326,-0.596468249015425
2021-09-29,-1.3126503405444079,-1.0667266901717487,0.30525514869361725,-0.79275111938929,0.33737068609711596,-0.21015082285871234
2021-09-30,0.06900989300029359,-1.2191822781470574,-1.0075353960870004,-0.34021416998575305,-0.4311868046772749,-0.5259376020738893
2021-10-01,-0.7680480118950173,-1.2128090101264366,-0.5999465888657851,0.17664145443605506,-1.2011431490222768,-0.48869834497958786
2021-10-04,0.19271311666528845,1.133833440667642,0.8167593998916756,1.2857959689840381,1.1554570881887605,0.9080467581137563
2021-10-05,0.6117003139816557,-0.4427324136746069,0.8369335074207118,2.0753910864635294,1.5901097837893063,0.7407660919946268
2021-10-06,1.2190940186761257,-1.0902353232021267,-1.1371701271884582,-1.8913793765966913,-0.5843643442219437,-0.9892144870289554
2021-10-07,-0.27245757622289535,1.8419034837052983,1.0426863680973897,0.49025981854153855,2.1517190905951944,0.8180302016037588
2021-10-08,-0.4874463589099154,0.170901230420184,1.9426543700212573,3.842709614081996,1.098156157743535,0.5893622760496431
2021-10-11,1.9436679055295336,1.4074462234087148,-1.9085288620853125,-0.6962967357565408,-6.353453273279097,0.28359561343596074
2021-10-12,-0.25707402682854097,-0.6589208866169982,-0.34300212019289233,0.5711259658344625,-0.8885957684201862,0.25632525445875576
2021-10-13,0.6013800651089474,0.19053522237630904,1.4271733398028452,1.0176849712699498,0.06431990814255162,0.943759784921161
2021-10-14,2.9278961899793066,2.4438170890501265,0.3832259928820969,0.20223856550032338,-1.007335829586764,0.9734787740718787
2021-10-18,-1.01338953749458,2.4955418680532526,4.452850373010242,0.2666352872415123,0.98850645419708,0.7552396132719963
2021-10-19,1.101603422767794,0.2683039269528287,1.6739733050796346,0.8956084992473246,-0.3564180592635968,-0.3155307734996393
2021-10-20,-0.8793832436868487,-0.2140704844281749,-1.0866350594832541,-1.1512242708952458,-0.6961744175680296,-0.8260625212080042
2021-10-21,0.14637048425392152,1.2938311196653451,-2.7020215510701995,-2.884761256869739,-2.115647839472823,-0.4844908296702255
2021-10-22,0.26545833954574327,0.5029717891675833,-1.930259852201488,0.18683960600891503,-0.9525610161942533,-0.3476668084567369
2021-10-25,-1.4130539304821332,10.852111629121207,-0.7122934677773252,-0.9743291523955921,-0.16863806583241603,0.0579633328010587
2021-10-26,-0.2564819353821357,-1.4613416414256952,0.6587662324604393,2.277253907377741,-0.2963037557988657,0.7889480889700096
2021-10-27,-0.6020251349854511,0.6751896714096262,1.4820639319105933,-1.2645413596645394,0.20529132593405386,-0.31448386638428527
2021-10-28,-2.994888275112051,-4.347292832138738,-1.4488490362219109,-1.09612286095504,-1.9514484951589584,-1.94223384240636
2021-10-29,-0.6745809111553092,0.4194173535538859,-2.12160849161942,-2.3993745433847247,-0.6984617036808971,-1.0393515763905459
2021-11-01,1.418328723639295,0.23065988536941084,1.9367483046871747,0.061103531911665954,2.3147625677627515,1.459965505750782
2021-11-02,0.0903276155638455,-0.3669546779282218,-0.12647327431846156,-1.457953306751647,0.22437707484042058,-0.22700482713416958
2021-11-03,-1.5746060663628714,-1.8727678007332882,0.27092370566879076,-0.6877775367245986,0.23104795329866867,-0.33400508475575075
2021-11-04,0.7904166782488842,-0.48986305519312934,0.36417779742690115,0.6140266155610918,0.46959300172773055,0.4913376165984751
2021-11-08,0.3952352445576901,-0.24932162871417196,1.6854974453302862,0.12405770290262463,-0.16815907781606576,0.8469704042186388
2021-11-09,-1.7497228471746729,0.820342062681001,0.2877681620520711,0.7893897162919661,0.0842211644414892,-0.1344921435271762
2021-11-10,-1.0812538771625357,-0.7183217587447888,-0.13487274986857534,1.118287164130427,-0.6104556797926541,-0.14991358050348014
2021-11-11,-0.4468645671071858,-1.2101470601857511,-0.39364468370113315,0.18236102832889234,0.11195835506634388,-0.7970140510272006
2021-11-12,0.30355495456786397,0.667576794279201,2.705809681062532,1.5090699076909075,1.0851040047477056,1.2820606684330382
2021-11-15,0.27366619125135383,-0.4249227439189873,0.39041524296479224,-0.5900310855582513,0.7728137816787051,0.03700663573213969
2021-11-16,-0.5939959093516856,-1.1961852635220427,0.28817659740487667,-2.3236746190568813,0.08723059364010854,-0.6087981951756416
2021-11-17,-1.111118601505845,-0.3599172785706095,-0.27060616494046785,-2.1406687565442506,-0.9700973859623874,-0.5586294529162039
2021-11-18,0.5618058433295436,0.2101760129301189,-0.45036355669229033,0.37741508078645847,-1.311786131941295,-0.7478195643460861
2021-11-22,-1.5623090753574154,-1.4287643879494882,-1.1239681500198162,-4.429297133509857,-0.49771098624913357,-1.9603372100156835
2021-11-23,0.01321367624960157,-0.019955327068232886,-1.2788497435051949,0.9349583762341407,0.169126196189473,0.49836979327988473
2021-11-24,0.164955470630046,1.1105984611329722,-2.3547538784461475,-1.443930273824845,-0.6047396998260846,-0.5044681737814694
2021-11-25,0.5203974203287887,-1.2036271995057413,1.5565909419860358,6.019800999678138,0.07549231916363919,0.6959452503032093
2021-11-26,-2.362461043597741,-3.841279094326866,-1.785300488802899,-3.2230691056910565,0.027570907783736054,-2.9071254187753914
2021-11-29,0.7617987310417185,-0.5261721163043465,0.27782926414048337,1.1978802609043715,1.600022786319255,0.16151341742889347
2021-11-30,-0.512909319953958,-0.5637726894660022,0.9609004667532783,-1.4786105787503723,0.775277746250258,-0.41485991949720136
2021-12-01,0.7431941268335907,1.8688396070778879,0.13136690447901334,2.5609080531429074,1.378526433857763,1.081664117042136
2021-12-02,1.4023306665455149,-0.7283076564905344,1.9447092098336949,0.6424882602693138,1.8195335963377968,1.3674571102433752
2021-12-03,-0.7996080188562682,-0.8444196515426161,-0.7264356395203508,-3.0046260755386855,-0.06723648276810712,-1.177768586739425
2021-12-06,-0.6441893465931714,-0.9423375754572527,-2.319132339515906,-1.8955634358767348,-2.8581940652313675,-1.654091957599968
2021-12-07,1.4563058792301575,3.537458608179622,0.9644127128195512,0.8147764255906687,1.3601700155013052,1.5636548581649423
2021-12-08,1.8417854983406423,2.5522199875315676,2.4362490074764986,1.5219319377924645,1.1828651856410355,1.7060948527881648
2021-12-09,-1.7344647988882689,0.21237988518163498,0.5760383816413084,1.5859543451571145,-0.6934361271707101,0.2696066593683266
2021-12-10,-0.2816168118137119,0.39734419206316485,-0.2381725915837518,0.10177553097237002,0.9731550601983718,-0.031677089480919296
2021-12-13,-0.7487438473214758,-0.5276982790351048,-0.8299046480266914,-2.0049211641515963,-0.7465415445421675,-0.8169055116863166
2021-12-14,-0.5757234027786606,0.6167049510762856,0.4298952542392209,-1.2242446842934296,0.3920048876081772,-0.24959111813221968
2021-12-15,-0.16306847252280932,-0.8436072271673201,-1.0244445226743615,-0.2920028232110683,-1.4749777206384374,-0.5974060321640162
2021-12-16,0.006661403056718029,-1.4755625089674207,2.156596363317087,1.2935970777573358,0.3150996090932612,0.1567816750529749
2021-12-17,-1.803206912788824,-1.7338076176169892,2.7799706110245515,-2.63945285657442,0.07677509814612016,-1.525945397337003
2021-12-20,-3.2178142638122242,-2.5195505124604,-1.2054706393892611,-2.696038211013896,-0.7658316081383787,-2.1842546279377872
2021-12-21,1.1328280404951707,1.4648799103601062,0.7059819842806903,1.4885449250567673,1.445087799239242,0.942870544420904
2021-12-22,0.23580202726591892,1.7283336632117008,0.7231258163615584,2.3731849032084362,0.6221718269831422,1.1007170994593363
2021-12-23,-0.0761080962424443,-0.20469515618006806,1.803035319840407,-0.03591546095096376,0.8799813777886856,0.6909306212627531
2021-12-24,-0.36009060798892767,-0.5743220467146815,0.3176095099926002,0.31919611622694966,0.2238622226085507,-0.40327548791804224
2021-12-27,0.8270204120633284,1.2240370034197534,0.1422104798597168,-0.10746486066030014,0.6864924210747692,0.4851870910828504
2021-12-28,0.6892701603654627,-0.027165404292939233,1.1708631492185262,1.1876379224062816,0.282757628339092,0.8603409174043453
2021-12-29,-0.4757661447636785,-0.013599328260449628,-0.1297692365086256,0.17095578815642387,-0.31972358833272096,-0.11402602889762914
2021-12-30,0.5261953704210454,0.0,0.3871464376648204,-1.806449513995112,1.056920210397072,-0.05606259494814747
2021-12-31,1.2247570853671341,0.6048686179685347,-0.2694348144040237,0.38361800977906313,0.12319245609606622,0.8724831757606522
2022-01-03,2.720718882561979,3.3168917271539256,0.5668111297535416,1.5074848438910493,2.1239370860276274,1.5653315812207858
2022-01-04,0.5856536613160879,1.0657818507749495,0.03687388487414456,2.256808265310095,1.7549817451304017,1.018687423526421
2022-01-05,2.374802066403281,1.9667463214074532,-2.869689756883731,0.4678356417559648,-0.6126635473529207,0.6739585234692091
2022-01-06,-1.6039881886157015,-0.3806961196951564,-1.4555774920386622,-2.150144631131956,-1.3856882899891176,-1.0005417462796928
2022-01-07,0.7014094184036423,1.0445400124923898,-0.19253402379525442,0.806975458702186,1.2094857525111191,0.3764183651131514
2022-01-10,0.5546414541822697,2.206106912971739,2.009032779834441,0.08208401114324637,0.6837926126551208,1.0700318921871732
2022-01-11,0.43292940755785825,-0.012326482261448835,0.2620599600274387,0.7198542515134188,0.9291607723083573,0.2913311252602302
2022-01-12,-0.5906980448293742,1.6159779670819718,1.1775276194885498,2.6694476774689058,-1.430089207584273,0.8673115731830494
2022-01-13,-1.8405038043341149,0.11533442554281237,1.0306461944822098,0.5632536512278907,0.9845062033614127,0.24956237305924223
2022-01-14,1.1223838284119436,-0.5698987937420519,1.716050144057002,0.14594866740118562,1.8022495268089411,-0.011232356375068253
2022-01-17,-1.5306028550631678,-0.08538940470314005,0.5260829101539688,0.5218640573959155,1.2852348139330338,0.28675682661627455
2022-01-18,0.5093665505848444,0.46380476504466195,-0.9667511329965461,-1.193067559289318,-0.7103406843613991,-1.0653690567923424
2022-01-19,-0.7062253999744583,-1.7616249027424535,-2.7957722320503087,-0.007940881367296537,-1.7308616365056984,-0.964224043394124
2022-01-20,-0.6223520293512697,0.20405724243521828,-2.321861531049385,-1.7508735930403696,-2.2505145449522757,-1.0112406160797005
2022-01-21,0.8350051041344564,-0.7096526273921544,-2.0836600982568676,0.016144313627886042,0.18163011952931907,-0.7875745304668613
2022-01-24,-2.2969365520678853,-0.7520150852583951,-2.738422228027637,-4.033719200637398,-1.621225687348593,-2.656790518738339
2022-01-25,0.09417607864425914,0.4007781287924006,-0.8435115163258344,-0.19556300701415452,-0.03845996213995839,0.7513491221694313
2022-01-27,-0.8803441955139935,-0.8732025518853881,-2.5288209550977103,-1.4811007420607925,-3.2003572359138532,-0.971173291462768
2022-01-28,-0.793239966764081,-1.6988600672025456,0.4527531115086303,-0.09624140928131686,1.1180436963111218,-0.04793161771092791
2022-01-31,1.5342389599400041,0.9793212082261693,2.965255855097726,2.1726696551898517,1.2520066276097586,1.39107178709299
2022-02-01,0.76058957698939,2.7256623671100932,2.0648470936462493,-0.33099906154820946,1.7236648758164996,1.3667938611870323
2022-02-02,2.284551668814472,0.42576213701255305,0.8492949001382977,0.20388184506612284,1.4615872511611006,1.1557838585399605
2022-02-03,-1.0351280402935426,-0.5898563913689037,-2.7166801422857434,-1.2921975816892806,-0.8194633975363574,-1.2362248664229525
2022-02-04,0.5708308139831253,-0.48210840065887606,0.14666986295897022,-0.9116990185826901,-0.25361820141271973,-0.24998826581151823
2022-02-07,-3.6646978908957406,-2.316620027718541,-1.4990359339511983,-0.60908711500689,-0.9410397576232521,-1.7281112927623465
2022-02-08,-0.42911030425374364,0.7756817341576072,0.13410306032823893,1.6809766498064205,-0.9407247594467982,0.30876976246183574
2022-02-09,2.445536874234766,1.299681843085887,1.1646204541861938,1.1650875045371878,0.4567910986324142,1.141215233034587
2022-02-10,1.836267378215628,0.33633215608253053,1.859213499848833,-0.1027985610689175,0.26060351541847826,0.8133901085124018
2022-02-11,-0.4098106512792965,-1.8249607767190312,-2.7266274857597472,-0.1952816812607283,-1.9998025990237367,-1.312629691281364
2022-02-14,-2.972641413502919,-4.691454844945708,-2.2743771552978242,-1.5927566748771604,1.0500688633105382,-3.061622289529342
2022-02-15,2.992468573915108,2.965374651159003,3.3319519777142093,3.395276792063373,2.251094360621164,3.025912638397754
2022-02-16,-0.13506899338964207,-1.546298441813243,-0.2847668781378987,-0.20678095742558966,-0.1231220621724205,-0.17432697608654735
2022-02-17,-0.6102676814501162,-1.7930672054311425,-0.49038572591538765,1.2660651252605515,-0.7579207866261761,-0.1016014719190439
2022-02-18,0.38832246203039933,-0.19324393757608194,-1.0349058940318678,-0.7816458760886436,0.25634804374787823,-0.16353356196504576
2022-02-21,0.6447005861949462,0.7410814687184519,1.3913770579007112,-1.0105654521864293,-1.963682708268888,-0.40315569581070854
2022-02-22,-0.7489737968868093,-0.41751600892945273,0.21089268377456616,-0.4541820982489675,-3.5758429068324937,-0.6651566067580439
2022-02-23,-0.6487032109630309,-0.8917911834357528,0.49008880616789874,-0.6257843598698409,-0.6301743857492048,-0.16937094155936583
2022-02-24,-5.4300729585959555,-4.995974383306878,-3.7123094488743846,-4.983057739917152,-4.549941311330919,-4.778103847083647
2022-02-25,2.5856075550525492,3.2018702295485646,0.98025402231805,1.2501438255039021,3.501296442621382,2.5261660109649586
2022-02-28,-2.049999372902578,1.7327564171037313,1.2392219205914934,3.3100554769635915,0.9500628659008914,0.8134034290366632
2022-03-02,-3.6459177435504975,-3.7498385292181857,-0.7460746762974368,1.6528479103726346,-0.22650197596384425,-1.1191633122935585
2022-03-03,-0.23649572845905187,-2.3151629208940316,1.0600085745765764,-0.8442416230941885,-0.04934344554170522,-0.649757722841704
2022-03-04,-0.3282252913585748,-1.4678564960827978,0.14236594028687044,-2.2179760785547398,-0.5656796818656162,-1.5317032007332254
2022-03-07,-3.0515971210220427,-4.985095848500077,0.9603677694801416,-3.698042660268641,-1.1193392763944487,-2.352668473994779
2022-03-08,0.22645755651322652,1.7208483151312848,2.2042089586132407,-0.18086118373124016,3.3013706577077473,0.9474776509483585
2022-03-09,3.264794744781052,0.36842252907773876,1.9767170237915632,5.30531324632586,0.9069623671637661,2.0726290088294297
2022-03-10,1.5716596286913465,1.3708756655832266,0.6920975891386183,1.6205758684085358,-0.32070367496889185,1.526738719047449
2022-03-11,0.29441265971625885,0.19214732726808847,-0.21359225221552203,0.288430317619226,-0.6020602516504381,0.21421537513466316
2022-03-14,3.2753253098820823,2.692129598645998,3.7705732755459076,0.821124351589475,1.2183458687563542,1.4482565042708062
2022-03-15,-1.28591482660112,0.1723682352805067,-2.7185659770023074,-2.290335419650069,-1.3478065169910125,-1.234645650331223
2022-03-16,1.6959345516710078,1.5272165449369046,2.7238560806748024,1.6882085518748813,1.7251658456711283,1.8745100484606647
2022-03-17,2.20280058856408,1.709037631539756,-1.8418491165744677,3.260040557760613,0.4608905193728807,1.8361988356508263
2022-03-21,0.4357957476467167,-1.2984273393082169,-0.08357393517952616,-0.5762358297724313,-1.2538328862728654,-0.9802202470463706
2022-03-22,0.5146378154982312,1.048192837771511,1.8537040231584756,2.583692953305494,2.0473112840115437,1.1561223252155806
2022-03-23,-0.9972295831593425,0.013923754720690518,-0.7947396278761065,0.31803785084867364,0.30940151152329953,-0.40339354552280104
2022-03-24,-2.4742134220716583,-1.9629584283612167,0.7637120264110786,1.553633861832715,1.0087777786493612,-0.1327893706893679
2022-03-25,-0.8144812500316512,-0.7029371026589293,-0.5379753755986649,0.6670238453342581,-1.1307244868638655,-0.4049875890900112
2022-03-28,0.13278811744172891,1.5874215696994654,-0.14120670658566148,1.0054517560909249,0.006752090429062996,0.4022619949862971
2022-03-29,1.3260565147910297,0.6968334546516131,0.6456994674760574,0.022881857965750818,-0.06337020752893441,0.5998187274997013
2022-03-30,1.7323394408447212,2.180903146096158,0.9517615064364104,1.9217905181637462,0.7070587304455422,0.9982465582194733
2022-03-31,-0.44685850390412396,-0.08208222685825994,0.15230837593915858,-1.4291265824622812,0.22512437894943726,-0.1914477162001882
2022-04-01,2.424585786398792,0.8147195503672489,-0.17305888315021223,0.8008307927710234,0.5026873983821512,1.1777965258592316
2022-04-04,10.013291381822986,1.4057696928412744,-1.0821830930922816,0.29556495274511985,0.3086068196698655,2.1671841339984343
2022-04-05,-2.9303564403036386,-0.6429087245026444,-1.1604164608530088,-1.4134381448801414,1.1789249727014006,-0.5317557796472028
2022-04-06,-3.5690934711360534,-0.026953002039220575,-1.732844305421244,-0.26654848804472664,-1.5584068405393836,-0.8339180323571727
2022-04-07,-2.198799249518335,0.9371581036227372,-0.9760262864482061,-1.7640184607684017,-1.8959456009391418,-0.943974110495216
2022-04-08,-0.13845642458364393,0.7681548855227094,0.19878010247458278,1.6635355299687182,0.040715550915915166,0.8208759390795572
2022-04-11,-1.221404576507923,0.7026326326663224,-2.6479632482989124,-0.20835960883912596,0.29166209559710055,-0.6151497975913078
2022-04-12,-0.17711222501570756,0.5595072927657485,-1.3642442925087317,-1.8829930090292546,-0.1433919339631995,-0.8183810641252287
2022-04-13,-1.9116186649780542,-0.20945775486705953,0.3500876574527467,-0.3670489821699485,-0.7897312333005613,-0.3117481628350238
2022-04-18,-4.744183279930592,-0.5838086235159023,-7.271745411327379,-0.30569123759056627,-3.6565258313464466,-1.7281188010147552
2022-04-19,-3.8159795557767495,1.1216642151360645,-3.663496876849104,3.8111534144094517,-1.5915275782132476,-1.2519178806467801
2022-04-20,0.9015123949207338,-1.4028423665201073,1.6453196563998684,2.9404065188097794,2.445357250497193,1.0490244596548015
2022-04-21,1.4804660620897359,0.9000019231707457,1.9588148901291458,2.341419404091205,2.020070015490072,1.4941678252146096
2022-04-22,-1.364286093942202,-1.928239558150402,-2.0601654012598614,-0.8374960292806821,-0.4436941080311563,-1.2686452605167986
2022-04-25,0.7487417606891977,0.6085675226743525,-1.5358490070055075,-2.312615285658337,-1.7812909111625586,-1.2695122564301942
2022-04-26,0.46129331949431585,0.2060715047623285,1.2747424351963188,2.9925790567869592,-0.05355275072213006,1.4560121616207233
2022-04-27,0.03645107607683773,-2.2620239392840413,-1.7836692627343997,0.09727626459143934,0.42017138482373095,-0.9441443610115341
2022-04-28,-0.08744500354589402,1.4184849804204758,1.9191177075799537,1.4937058872261266,0.6486531028429887,1.2128508890934642
2022-04-29,0.9662088487783604,-0.515293541353079,-0.9509797105601736,-1.0497107718317022,-1.0490337049790521,-0.8263240381694681
2022-05-02,1.3794634222491942,-0.30942364755736085,-1.693723484196219,-0.3512328939138887,-0.12123547124407441,-0.19559171203674675
2022-05-04,-3.39816439963464,-2.260459373873158,-0.3536627670906678,-3.1217839164050187,-1.7685534567332128,-2.2936183451936376
2022-05-05,-0.2249410495337889,0.6282298770979855,3.230106453680892,-1.958324078020779,0.9669944056432511,0.030284821366977077
2022-05-06,-2.6128096561970793,-1.3103785782860866,-2.6685298971367066,-0.7667672939029702,-2.299747133574803,-1.62684216398562
2022-05-09,0.1707688210526026,-1.2373875562367687,1.782428519576662,-3.9055236600171517,0.3641553534817765,-0.6666182687180999
2022-05-10,1.606249985792707,0.13373742783766573,-1.1048539972023486,-1.7333361302393602,-0.18432273302870783,-0.3790968888092272
2022-05-11,0.5629946228610017,0.40769691962823096,-1.690269835956526,-1.024374459590871,-0.7779008792791142,-0.44919933245182175
2022-05-12,-2.254141074876004,-2.576310801611903,-1.1756962953209937,-2.0373042699946664,-0.09817639581098936,-2.2211752141785834
2022-05-13,-0.8978965297351982,-2.651616672729473,-0.2916293187228636,1.1336137713180205,0.18336110324550514,-0.16352232651188903
2022-05-16,1.0647690485747985,0.8341270106687615,-1.017006875591464,0.024735036885426,-1.115724991242717,0.3811230572117186
2022-05-17,0.6819484427533107,3.9531547460450733,1.9709858287697335,4.2002964805427645,2.2151500655209544,2.6321935902047233
2022-05-18,-0.007615073724409616,-0.37324987454818714,-0.6091763639863523,0.3637607932041931,-0.08114136583098341,-0.11685620062508173
2022-05-19,-2.043537003980256,-2.4103970383367423,-5.436649636068536,-2.30464929626083,-5.417836189484582,-2.6532725334179386
2022-05-20,2.6339222739455437,2.7886447057491326,1.9619449839671566,5.830999165742501,0.9518910001581116,2.8891038794289337
2022-05-23,-1.2831538433605294,0.2113935006983647,0.9105620983646201,-0.6687133235142584,0.8730783853066804,-0.31630222318707046
2022-05-24,1.146472037365065,-0.4078402998652031,-1.8659691637457954,0.34331742206423765,-1.0160244924872108,-0.5522754266735541
2022-05-25,0.7468004496757885,0.734301703729412,-2.1200626839871894,-0.14717281172914598,-3.0113419153011023,-0.6161219184365629
2022-05-26,2.85220188739721,2.123790844440876,0.9571290874853977,-0.9532867218301599,1.872037103216595,0.9007387318995308
2022-05-27,1.8548425216574405,1.5511299687469338,2.6264952170906852,-0.46384351084240993,1.064491450246563,1.1273847198922216
2022-05-30,0.6824349309459965,1.1759982523673829,4.478747183588183,3.4833678252843114,3.493999474989251,1.8893205092962884
2022-05-31,-0.8990107073319709,0.5811476857217945,-0.4765759685860349,-1.2064870017026053,-0.32292935191141625,-0.4612433983534836
2022-06-01,0.4247850706930789,-0.02654897016545199,-1.6659876817259889,0.03228933868282269,-0.27198305816463764,-0.37264067061659745
2022-06-02,-0.6989900734202137,-0.3853152119545622,1.9918141795324473,3.4478774309994575,2.0207368353425625,0.6370004993115463
2022-06-03,-0.34655565515692155,-0.7269119225674414,0.9084764179817517,2.0262210675348724,0.5010222772088069,-0.2628050201467391
2022-06-06,-0.1340279581928394,0.32916969306366894,0.5487569338774367,-0.42993219390021764,-0.2674051449092718,-0.08893953501298846
2022-06-07,-1.1498450534212057,-1.5400044796669676,-1.526103183658245,0.1878861767953044,-1.9892546863407357,-0.9245946006475991
2022-06-08,0.35226875271594515,-0.7820414648794127,-0.44468981152140374,-1.7563714649198148,1.2326343641018367,-0.36609606157923524
2022-06-09,0.753250454220078,0.44549501020885174,0.999999175197952,2.7422335669952558,0.6741772064815077,0.744972774168895
2022-06-10,-1.9307547818443127,-1.7400103843994263,-2.521444399902517,-3.0192083905837053,-1.9608524231470303,-1.6767698414100085
2022-06-13,-1.8133273322058274,-4.444453648906144,-3.5414507497108283,-1.8918662085848914,-4.175705043024935,-2.637974911520913
2022-06-14,-1.1005605543529695,-0.3633551557318704,1.126727698353469,-1.3068503801605735,-0.28110980145389375,-0.268160945598539
2022-06-15,-0.34680766332206847,0.2552798706559667,-1.2738420132064832,-1.2099827628784143,-0.1323485178213457,-0.2539344381356057
2022-06-16,-2.0000656836020925,-1.2731769577295382,-1.7578419127305733,-1.3981535673703749,-2.005442354614273,-2.1128447854290244
2022-06-17,0.6594932734342862,1.2306326368043408,-0.7085671512448211,1.1718633614985041,-1.6900028495428154,-0.43682936266399297
2022-06-20,2.512104274117477,-0.131015045112981,1.9354383536694941,-1.8127233098691575,0.76078481585522,0.37042135956451006
2022-06-21,1.0891382753569712,1.4796870717427524,2.5280066599294937,1.6142037380578511,3.1984891681747563,1.8804337854487096
2022-06-22,-0.4713563489501471,-1.3647429271853029,-0.8724732885526554,-3.037820162214544,0.34248230132865043,-1.4419265085317434
2022-06-23,0.3683381029526256,1.8278455548273342,1.0575658988057235,-1.6223677292273142,2.663702691637737,0.9300447519609234
2022-06-24,1.3968544192500598,2.0453400485489937,-0.7814264240702529,1.4239678660338262,-0.47449402336920965,0.9166472588529428
2022-06-27,0.1809796407667097,0.5466329109601098,2.3246053081670714,-0.29599143763696656,0.6559145742615291,0.8458990377725017
2022-06-28,-0.7631414116713753,-0.9827790976497996,0.37637961110237317,1.406132548368988,0.1040825551545721,0.11464333961117568
2022-06-29,-0.14489775290641438,-1.0629355236896787,-1.1417707858322967,2.075004472980524,-0.8332867415873135,-0.32239710103227903
2022-06-30,0.3013744867993884,0.6332382688893023,-0.09226471979746353,0.6007433925277805,-0.7111136957769215,-0.11930812414028269
2022-07-01,0.4265451896270811,-0.46662187101490504,1.1970792184832213,-7.20243256710944,1.4691653877564548,-0.17870563085186086
2022-07-04,0.14034274911194355,2.3014453613042773,0.5813124224401944,0.20758625258028296,-2.414693903851206,0.5288188249805481
2022-07-05,-0.22497181431893054,-0.09025680320677854,-0.8098174358614263,0.8099660992723967,-0.579609988636498,-0.15471713984448465
2022-07-06,1.3788142900654998,0.9034627727193989,1.063719706052768,-0.8794987470781446,1.3820165583937616,1.1318189707300252
2022-07-07,1.790348549570453,2.210905149714737,0.4726307316786249,-0.9847245883338296,0.8311003528470362,0.894949203151052
2022-07-08,0.09314817266343756,1.8463600553896953,1.0509297575335586,0.1381964488760712,-0.6812916887743548,0.5436047866567373
2022-07-11,0.647757054786191,1.8261120436777079,-2.727074022953613,1.359038051036765,-4.644069410623652,-0.028356592763323363
2022-07-12,-1.0205177371204188,-1.2475684964546874,-2.345304934339354,-0.14233763518933795,-0.9345644962140298,-0.97249750439381
2022-07-13,-2.439281993850473,-0.881681940859258,0.4066389700505324,-1.7723974913045892,-1.4896125389803117,-0.5707292501522909
2022-07-14,-0.500789145310998,-0.10621391860616836,-1.0799980052556224,0.8243786269621634,-1.0558309044972458,-0.1753655232310969
2022-07-15,0.8141810492720447,-0.1594902787841468,0.10499195218840462,0.19398134999686345,-0.13837218510013294,0.6935957686387662
2022-07-18,-1.064579295636292,2.7688974212390693,4.16330811895731,0.8514592589026648,2.3008020922243855,1.4287304158276504
2022-07-19,0.03710826878060569,1.1204791450742047,-0.3859299256880999,0.6130550675821578,0.35089768630827134,0.3811764271124396
2022-07-20,1.261079209008975,0.3138260236633439,2.098836752108957,2.7040333735107946,2.9454416795454907,1.103388850696918
2022-07-21,-0.3150039338887578,0.37032460526811306,1.1614887696715925,-0.6672093671831969,0.39497538646204866,0.5108719746296009
2022-07-22,2.3332609991405073,1.7875391660932882,-1.7352732781223401,0.675712664176098,-0.19827792435928027,0.6877295960614926
2022-07-25,0.2944320524606914,0.10623585851621264,-0.17925559555440618,-3.3039127467183294,-0.13405756847004735,-0.5290199311757782
2022-07-26,-0.2040552153968478,-0.574356218109584,-3.488294275242698,0.045454454347226836,-1.6057344756545966,-0.884795806776506
2022-07-27,0.7641187622186463,0.527449561086879,1.371335736310364,-0.09498580889308883,2.341225051151663,0.9582177441437301
2022-07-28,0.8864989873186957,1.7613903929737829,3.1508030987057234,1.5666391784460831,2.2468923046944145,1.7293731123692924
2022-07-29,1.2245613029199687,0.49104057370736864,2.1286551424116285,2.130556095170255,1.2697364989835869,1.3505953826479233
2022-08-01,0.8332127817793245,0.5863693768964895,0.08710885617644326,2.6061504135886704,-0.09388563007969308,1.0595531668439406
2022-08-02,-1.0994757722201598,-0.6861743531556552,-0.4803302221531691,0.38060496311551617,-0.21220011932787664,0.0311327663805816
2022-08-03,0.2342259252397394,0.8621251538677877,1.4576348921864435,0.8395764015151075,1.4490613853215928,0.24618083588656692
2022-08-04,-0.11858423874792079,-0.5516587843981902,2.158234797456693,-1.3217825621616552,0.46263922829112847,-0.03537116074355806
2022-08-05,-0.3387049264312769,2.188358444559091,1.046936833141321,-1.473613546262209,0.3010579777635414,0.08917270739845495
2022-08-08,2.4526072420997247,0.4500764497866738,0.1701065519210676,1.3082130448188733,0.27933066818923713,0.7334364671648164
2022-08-10,0.2906917776384299,1.4098718460690884,-1.0466898030700666,0.597948158228534,-0.5986200614749193,0.05506610997998429
2022-08-11,1.3230438036377024,1.2901334409392007,1.0920754933225307,0.3330042392604371,2.034753031304981,0.7085929368824795
2022-08-12,-0.03700785262542583,1.709903990587902,-1.5957189072460132,1.6170662741185282,-0.6121487585353469,0.22170219505635025
2022-08-16,1.1446640645654593,0.5546705576439104,0.1474098882249475,0.695029259729707,-0.260177785026916,0.7181519343531395
2022-08-17,0.515921219648674,0.45493285941924366,0.6138634987670644,0.522378076202723,0.2476022880276485,0.6675923198833145
2022-08-18,0.11921033719897167,0.2094405418874956,-1.4505904812830428,0.18136191329032325,-0.5836524303204693,0.06826699360520383
2022-08-19,-1.2336915365137147,-1.6608201370130304,0.8939112688746365,-1.7829799557843584,0.1331055727211039,-1.1029475746944017
2022-08-22,-1.5203885832846376,-2.085252749937938,-1.3430555531646404,-0.2773741217590997,-0.9215041812627445,-1.50773300473388
2022-08-23,-0.3094405094591357,1.3669768944744476,-2.110238306100065,1.542261222523611,-2.085238255706501,0.49626821755044404
2022-08-24,0.48095663156353385,1.0880859581481994,-0.3177052849664075,-0.2663696448222064,-0.8905008067284115,0.1561611079505143
2022-08-25,-0.5431603261921047,-0.10878433112730956,-1.2585184854039033,-0.2916784972466502,-1.1412122921076073,-0.46861822192667546
2022-08-26,0.017059581336043017,-0.17195102887912483,0.2239549080334191,-0.5338262991564591,0.12429040942478764,0.2080255529346653
2022-08-29,-1.7541528110547655,-1.7224503690183912,-3.9302075426115635,-0.7773004064434597,-2.7822710651092653,-1.4009988924553851
2022-08-30,3.2444148939505757,3.674706684305784,2.134432254412011,1.5514011713304798,2.509152031990647,2.578426378902554
2022-09-01,-0.9386999476441726,-1.4594915859421853,-1.9257351278366253,-2.939784287027991,-2.474186744890694,-1.2190795272107646
2022-09-02,0.9068392825062999,-0.22300627813818252,-0.7649220783866317,-1.1677963482192633,-0.041526271168501605,-0.01910505934481499
2022-09-05,0.6428809455007789,1.1519884067325847,0.5712592481584622,1.5530668324494235,0.09584785429213039,0.7203850071011875
2022-09-06,-0.38126193950160925,0.13598923808073593,-0.4242916494045068,1.052598786850889,-0.20264945795918088,-0.05774531254664206
2022-09-07,-0.47336034242219105,-0.8430932004286462,0.17524658517149572,-0.5814698085291781,0.7211281069812836,-0.17671004916441913
2022-09-08,1.032185430279231,2.5793128757318318,1.2520140498989196,0.14136871470593615,0.6365817297978582,0.9892512965589573
2022-09-09,0.06675467986640982,0.27258882329683765,2.422237857515297,-0.6227194834202643,1.5143389110594985,0.19439347917691308
2022-09-12,-0.33696669741316576,0.6601917939253132,1.6240688476422571,1.1189895091858082,0.786312972823433,0.5775695663245095
2022-09-13,1.3089542231651485,0.3086445503271529,0.5695815990002684,0.8352388572605562,-0.4193741875726409,0.7454201929980142
2022-09-14,1.0276988856070757,0.8900992229825988,-4.501767820750735,-1.1985911908203084,-3.373744228497799,-0.3669097671756161
2022-09-15,-0.5200690174960498,-0.054451678943945314,-2.8873478536174724,-0.9909705323294493,-0.5143617320134353,-0.7017960667916379
2022-09-16,-1.8379656060965366,-0.9263340866734526,-3.890974687955251,-2.477865790358935,-3.081180478767709,-1.9384853148544656
2022-09-19,0.6598509366431582,-1.08899154845149,0.9622041359793831,0.13005419193392598,0.6680901307616338,0.521368859248672
2022-09-20,1.2045799249665867,1.9517373806454907,-0.12586887093744004,0.015973988163797692,0.3796744219018766,1.1008809885230342
2022-09-21,-0.15452827454478513,-0.16361622613921822,-0.8138228308766426,0.2757004891896564,-1.286050528862137,-0.5495005437451739
2022-09-22,-2.130608461746397,-1.2947285412334142,-0.6752528205569375,-0.9423357243887431,0.20657543788558108,-0.4997577656902563
2022-09-23,-2.681685835883185,-2.341156317843407,-0.18275340831187536,-1.8744187825700531,-0.8429174118592675,-1.7155677232420508
2022-09-26,-1.3484066170059261,-2.4029568386151112,1.0838999336348687,-2.547655949056571,0.41415750562221465,-1.7951321762256445
2022-09-27,-0.8972122672065153,-0.9871571124837719,0.9635986566926213,0.7949967625179744,0.7697769266286514,-0.052305085220449854
2022-09-28,-1.7187110966403907,-0.35774837511022284,0.08251669915053661,-2.6624967782432507,0.6031227349801327,-0.874917846539458
2022-09-29,-0.5181594769000153,-0.6592019382841596,0.2832133827637584,-0.30653051432143474,-1.2633016637497274,-0.24023347691036756
2022-09-30,2.8212896537912258,2.1447913741665214,1.0581613279786017,2.255618510721069,0.24189363399371722,1.642575596626905
2022-10-03,-0.5734097057072618,-1.5835335052172494,-1.393771293674062,-0.34696805171055,-0.6523566633751532,-1.2109264448790458
2022-10-04,2.816318218100111,2.275019064810535,2.5578584592999887,1.8442563242829113,3.557851789213773,2.291367093271912
2022-10-06,-1.101170133594409,2.051516239952589,1.8014681485998052,0.368822287904913,0.34939229450576814,0.33286441360573793
2022-10-07,-0.43146198969993277,-0.3275236161559114,-0.2714480982337175,0.4231898499209352,-1.1944201370149066,-0.09895331040011834
2022-10-10,-1.10427789173152,-0.09063492905219128,0.7890049129866572,-1.0915372672779755,1.750483213233367,-0.425364584114718
2022-10-11,-1.0141350304020857,-1.2645392796248545,-2.6561352209509614,-1.9910281793957707,-1.5712646937742214,-1.49323831999304
2022-10-12,0.6532685846212472,-0.2584449961627766,0.34414058747398446,0.7358265042692436,1.0164663132522733,0.8246145339619648
2022-10-13,-1.1490899192839188,-1.6986308971775332,-0.6159507339479786,0.31785911525819,0.08221748519883221,-0.6380083772817624
2022-10-14,3.257736110088172,1.9505728379301868,3.8277482778380945,-0.5078154903229049,-0.13372830859345042,1.0070888003887335
2022-10-17,0.5246819989619844,1.7178976194624607,1.0649461526583526,1.6050263379610463,0.6664129945297637,0.7337586960815656
2022-10-18,-0.18665988011514756,1.3217367908440414,0.9228312768409852,1.7643960967858252,1.058903367065156,1.0117285874136073
2022-10-19,1.025048393254635,-0.5351861906871314,-1.2136536746901294,1.7399202766688049,-0.7266238702593131,0.14468379208691928
2022-10-20,-0.6752855768728416,-0.38672046453118725,1.0400832288684603,0.26866477452669457,1.135536959791028,0.2952174549244013
2022-10-21,-0.7040407044892727,2.081813394755705,-0.02665260825538418,-1.1597337718543876,-0.6302878360021191,0.07032337856462956
2022-10-24,1.560554684621951,2.111007744176563,1.1562711800432224,0.3337932455724779,0.7745266250141603,0.8787356376761757
2022-10-25,-0.694704614845576,-0.13495134220715688,0.5567240199910284,-1.5444345454498132,0.01266312525056712,-0.41961220267050514
2022-10-27,0.24121933878422652,-0.07026352743363384,0.937194790466167,0.3931803985476545,-0.14863069184410937,0.45649078749665506
2022-10-28,0.2956519210415065,-1.7903494221784944,-0.7021094245292181,3.0597917643694794,0.18526308040949235,0.2810605244745412
2022-10-31,2.6050677264746858,0.09363242537370198,1.6124242130426847,0.9282954483097683,0.9452278993509866,1.26722303955642
2022-11-01,1.1057717946648005,-0.011015482409759692,2.2989544595446887,-0.7746356810989341,2.084156518098279,0.7395053222392978
2022-11-02,0.06276662608337702,-0.42922769004529737,-1.252373182865052,0.6245422573760928,-0.5521995588345319,-0.3447197631545107
2022-11-03,-0.4391589063759582,0.4366135753036682,-1.4517646354357927,0.37319737090240057,-1.0781313641536006,-0.16673473084335422
2022-11-04,-0.6898700678417136,-0.36868843016362174,-1.0942168723503398,1.471521025221012,0.3321225453847054,0.3570168155688336
2022-11-07,0.7781458393856022,1.3476194112374884,-0.4326510486203694,0.5341780713762567,0.5066222688139721,0.4727586225111935
2022-11-09,-0.029817900568540612,-0.7629388568930584,0.2487699517506492,-0.09973377872911637,-0.5458239814989163,-0.2516139235956394
2022-11-10,1.0872631637979246,0.02196663067215443,-0.6120942054949952,-1.2096681843701274,-0.3233932502875736,-0.7093725904609771
2022-11-11,5.666510975863348,-0.4556918997502768,4.537433032589977,2.3051517147371747,3.4408044177828945,1.7833173247033374
2022-11-14,0.2420613171849162,-1.2795741320805853,0.9680966591437246,-0.4844519109514889,0.5896016333951204,-0.11198455015547504
2022-11-15,0.2445745964495316,1.8716124714963867,0.5487958229072332,-0.44865320953212384,-0.08695960181909212,0.40509242609507723
2022-11-16,0.8585619569076774,0.20839793233387027,0.5520620987538916,-0.573389887195197,0.68262465814386,0.03396111515991951
2022-11-17,-0.9033008713901225,0.6786342067181206,-0.9608171616294792,0.25846163667015976,-0.18922615679919375,-0.357149639481924
2022-11-18,-0.26264129051948304,0.05979573857988196,0.37797800953340843,-0.05387231001509063,-0.16573291125142608,-0.19761337135545398
2022-11-21,-1.0254715208320553,0.11408541253490334,-1.5815229779534867,-1.7996865820702368,-1.7930689077366058,-0.8067729540576885
2022-11-22,-0.14712118353724657,0.24962442702274323,1.074485243831358,0.5546840312501855,0.957834453322226,0.463933015368867
2022-11-23,0.26017981939803203,0.4059731186716542,-0.1198739166265006,-0.31187141069813906,-0.20058846070475367,0.12634580983039712
2022-11-24,1.6258651532188528,1.229180701709276,2.9466672839484342,0.862320384502091,2.171791805392731,1.1870949889830174
2022-11-25,-0.46149671436301887,-0.910694841413584,0.3589335618315648,1.4927607167442902,0.28105679647476567,0.15500019600884762
2022-11-28,-1.0756325778131792,0.7631945080532221,-0.7489446960454393,3.4363669373043138,0.16519835924839743,0.27008413120686026
2022-11-29,-0.14996491605799855,0.9974419355433417,0.3480271037132221,0.17173001319328307,0.06186147544222642,0.297912654375021
2022-11-30,0.6633835352506168,0.6495891010001253,0.36218737132185375,0.7060674714208792,-0.1927995441809327,0.7535634625419174
2022-12-01,0.6869983547153069,-1.332765148619286,1.3547857644320649,-0.2947221571163672,2.502373951672987,0.2886735334004964
2022-12-02,-0.7656659599519888,-1.0210639555648937,-1.1586566125084352,-0.04224030253605626,-1.0501812436144453,-0.6187396179402005
2022-12-05,0.36400296549246036,0.3223690488842301,0.11295076633421886,-1.4583997009362304,-0.38527302548981845,0.026482378562620035
2022-12-06,-0.11159408947049032,-1.1728731649746527,-1.6374517401412936,0.2889082486970507,-1.1836059538971044,-0.3117513659096294
2022-12-07,-0.04345018651006338,-0.05419681826120959,-0.45879762294286364,-1.47571031628142,-0.14031660159206094,-0.4411902750398933
2022-12-08,0.5619592838340015,1.0573152815511744,0.9124909522493896,-0.04718106084309337,-0.8889001654932671,0.2631912360927746
2022-12-09,0.7131798943972756,-0.21461515027696443,-3.1385858184345916,-1.5155058128545562,-1.7251123795090306,-0.6058782405979346
2022-12-12,0.7786406238042609,0.04300992124457448,-1.4082902173979006,0.15330299535458725,-0.19131108045510326,0.002977743269738653
2022-12-13,0.2768131725635614,0.28485806014066917,1.6126028459144903,0.4554011770090405,1.3890177479801258,0.599279386467999
2022-12-14,0.8463120265442603,-1.2004962861693391,0.4611579695037449,-0.3618956487477343,0.9978883525579407,0.2810661073194387
2022-12-15,-1.8318435796226828,-1.4049368768559,-2.4629730952533624,-1.420383376559664,-1.7903045021406494,-1.3150934355333654
2022-12-16,0.4810542751261915,-0.7482347842906689,-1.1879287415765494,-0.49451559882992546,-1.9621185167201793,-0.792295301794177
2022-12-19,0.3110542089795443,0.4933440991879534,-0.9755395107616249,1.3135309128707418,-1.1789145924794742,0.8289956688926514
2022-12-20,-0.6900794435712121,0.3585404570672468,-0.0033288191298330716,0.8656258830148866,1.3085351125993627,-0.19081205394395617
2022-12-21,-0.9673079256458439,-1.9182133792160827,0.14927860103388646,-1.4226777778540534,0.7583495427598397,-1.012771964355863
2022-12-22,-0.3430986364138966,-0.17932040626919,0.8280553706404348,-0.259246647391298,-0.2707851609934919,-0.39425027358517273
2022-12-23,-0.8932750844121928,-1.3192576635067899,-1.6392399827250936,-2.932731753745743,-0.9617295275546778,-1.768316025411787
2022-12-26,1.9904241080742624,1.6270301187051084,0.3540172823215171,0.8732353447360452,0.7604284110967363,1.1669632893506865
2022-12-27,0.10126071008480508,0.8340860329480781,0.82866547532503,0.818121518829984,0.20291770758109617,0.6533654614990558
2022-12-28,-0.07971076132433641,-0.18876188200512845,-0.3102467791317953,-0.009828538973433165,-0.07363960277567694,-0.05405150382313817
2022-12-29,0.7056188817808673,1.012291814185562,0.49000495425641777,-0.045177714495425736,0.3576722455121306,0.377983170092433
2022-12-30,-0.8011886943931845,-1.894171770618358,-0.6161189675287337,0.1533293089142962,-0.3686543886268323,-0.471107793689185
2023-01-02,0.03376995894464052,1.3021320462560437,1.0475995470668353,1.1267469270610286,0.1458935824750318,0.5089583355357918
2023-01-03,0.6538899811422416,-0.12189067817974797,-0.09514204520866265,-0.7317890201611221,1.529990298959194,0.192892762485819
2023-01-04,-1.7872785723291873,-0.249628021149495,-1.8226027281033175,-1.5056541086578945,0.0996345091358597,-1.0399069487028845
2023-01-05,-0.642843745249766,-2.218882214329354,-1.3112135971479977,-0.1786759229847168,-0.10709815341246598,-0.28154392892826285
2023-01-06,-0.3313162669814407,-1.0294010980957502,-1.8099144597647276,0.9088914755346567,-3.0065426656254557,-0.7375503705446151
2023-01-09,0.19443798348677266,0.37351912031959866,2.481865532556604,2.3611567044850457,3.3753115671884437,1.3536251708490266
2023-01-10,-1.8278605623900712,-1.3740258665397742,-0.9902531034608475,-1.478737637659211,-1.010565954771725,-1.033350475095851
2023-01-11,1.4410491695017624,0.574680575576858,0.10205855557583465,-1.2605669837063682,1.287132505694566,-0.10299775022909463
2023-01-12,0.5342962337059776,-0.6521991425843421,0.6355080792773693,-2.159418693140025,0.1697360322082897,-0.209547554088918
2023-01-13,0.0781544457294503,1.4872500070354455,1.556819155549749,-0.16182070465916576,1.2056229988469669,0.5510095918388247
2023-01-16,-0.958976468780881,-0.9388059983873598,1.4531278458413288,-0.9523355387854981,1.0456083979923925,-0.3438847072569362
2023-01-17,1.4886657212961563,-0.011554065554919557,0.9177085036251809,1.4197386617764707,1.330195525247868,0.8854568511824201
2023-01-18,1.7651788817774072,0.5028020935323951,0.38325516747472754,-0.16540392012276417,0.3433724606622057,0.6206556323560042
2023-01-19,0.41531581722040745,-0.38528172034711927,-0.4206046567000743,-0.10710121433844533,-0.49852818945156363,-0.3165367099256078
2023-01-20,1.0248777656307828,0.4849048788615251,-0.8674980745828287,-1.1892873936601212,-0.2964545203940627,-0.44289753051891534
2023-01-23,0.7315206549565856,0.15511299282924274,1.4716032022168424,-0.5056011283092077,1.5402152110178813,0.5042276095628795
2023-01-24,1.338830691126769,-0.10898400239008899,0.25193364341902225,-0.5904447110402389,0.6266894407772838,-0.0013798013043020418
2023-01-25,-2.763200533823351,-1.7743383617106923,-0.5734962055196746,-1.382495755661306,-0.19061342077202337,-1.249297962501228
2023-01-27,-1.9925403509013395,-4.454563971079828,-1.5456881397570288,-1.8971169352065331,-0.5452295353949532,-1.6074246906178757
2023-01-30,-0.10211614075045228,0.7709141192779656,1.2934815173257341,0.9583390705027117,0.6625560385181473,0.25334426073457816
2023-01-31,-0.6597921047346578,1.0200449763709818,-0.32817286793235256,-0.25001266513774434,-2.18282959847631,0.07479862801675896
2023-02-01,1.4998422653446752,1.9293191303783486,1.1312194929496089,-0.5926504857227677,1.4782693027057814,-0.25959245256645946
2023-02-02,-1.4869014327655972,1.1734153496253619,2.1049471860820512,-0.5534516041554638,1.5271331587914272,-0.03349392530399564
2023-02-03,3.4583997123435406,0.68772132071373,0.988172513210217,0.08809886098366526,0.6328736375360133,1.3835596307890219
2023-02-06,-0.4250210504975649,-1.1692480960014517,-1.847577237232212,-0.7535505833041412,-0.6418133986510255,-0.5010133160870178
2023-02-07,0.14831812446076675,-0.11128189472682237,-0.47455817781301146,-0.24010473071055527,0.3641633204426009,-0.24261514654264627
2023-02-08,-0.012082353006293012,0.744648605533138,1.7985008851727935,1.997063436687796,1.3693071972009196,0.8475536424681795
2023-02-09,-0.2085744086513186,0.19788394205546567,1.6661576821494828,0.1743248168658562,0.5894688754623401,0.12170079483646568
2023-02-10,0.396833736148694,-0.8073895683793464,-0.522588895110021,-0.8234149732109342,-0.09321464612970232,-0.20649578680046465
2023-02-13,0.07542533844717703,-0.37476987782121274,-2.555102694334066,-0.5691789162710181,-1.5589629509985992,-0.479375070002519
2023-02-14,0.925625846952749,1.7222080518201732,1.6459989266921715,2.356500191190092,0.5082572872766589,0.89443537049958
2023-02-15,-0.2031455667262816,0.6356191032114156,0.2385139317194307,2.2644042844642387,0.5871328400417708,0.4796470794436125
2023-02-16,-0.36220362903054415,-0.155025587225599,0.29741170925139393,-0.07812022760469439,1.0622890684968134,0.11101336008929596
2023-02-17,-0.501736751262094,-0.7821059645454875,-1.1237231306483242,0.41768184255819296,-1.5991685299947656,-0.5081567689351307
2023-02-20,-0.9390652970157176,-1.222982352572155,0.5461388131865252,-1.0572776364152547,-0.39560076128187793,-0.5550518480140765
2023-02-21,0.3749247615342455,0.2464464602578209,-0.8132043906017961,0.8159324635661491,-1.0409046174384207,-0.10031264929920569
2023-02-22,-1.9617408340286469,-1.750168833579635,-1.1205965357447334,-2.2677896241544704,-1.432906656966626,-1.5280363131582653
2023-02-23,-0.6783603139725036,0.059582600137164654,-0.7107262371864875,-0.4792078452089177,0.3601078136245439,-0.2452434977984641
2023-02-24,-0.8919370336641252,-0.005956214239244417,-0.003244531101675996,0.6842657569599897,-0.3910383330575473,-0.2595429723749043
2023-02-27,0.24860009274014772,1.9888105137274126,-2.6666000200816664,-0.6649305592730914,-2.017389771259115,-0.41854114458053093
2023-02-28,0.4206185326662615,-0.1810012871006239,-1.4410842579895,-1.9131263099029794,-0.5702467897279462,-0.5102715736285734
2023-03-01,-0.09690294292811208,0.16962010821333084,0.5714207360549839,0.9192547043646693,2.198987759891202,0.8492348770636093
2023-03-02,-0.8510490653121594,-0.268602070812507,-1.597540790644536,-0.7615625797998349,-1.8976731876692021,-0.7392168719804415
2023-03-03,1.9849275328350569,1.703761021897665,0.4856666497323525,2.5515360033077306,0.6232170569881124,1.5728598629827895
2023-03-06,0.7054962233488782,-0.09211763520051708,1.9029336974935251,0.9767738600485298,0.8886628821876963,0.6655523618366965
2023-03-08,0.1997224250525953,0.5012955969329491,-0.9784638721586969,0.3591278190557823,0.5501388947059205,0.24250512391459367
2023-03-09,0.00918924304993407,-1.8518349763118058,-0.8240023889355408,-2.403469429508709,-1.5794730977522708,-0.9282249899975281
2023-03-10,-2.578650557922413,-1.553843693789625,-0.5978145502713805,-1.5492204934267395,-0.1753036822934928,-1.0045664635585094
2023-03-13,-1.2652232790888784,-1.6910952953423042,-2.476986598640629,-1.6446257477411574,-1.4725476415936023,-1.4851035931626178
2023-03-14,-0.2677732402189714,0.23540651670534984,-1.0521822472434939,-0.3742542344080779,-2.041447694301679,-0.6470680525861194
2023-03-15,-1.4350933544700295,-0.5359293886406435,-0.02465851310985423,-1.7092029656685104,-0.49924908151649516,-0.41746837386849034
2023-03-16,0.6485600391579638,-0.24215227458791455,-1.0953474815197484,-0.49841993991989186,-0.4345186309440918,0.07924286811309411
2023-03-17,1.3370530658462831,1.4989590073348769,1.1822527281656336,-0.12578281609042508,-0.17897276428658904,0.6738129621978839
2023-03-20,-0.6930851859334508,0.023924574535527654,-1.200101035750445,-0.9828599933404125,-1.1323240754442465,-0.6529243219992265
2023-03-21,1.133345696073751,1.9068648764325902,-0.9225952522876724,3.1095854333573314,-1.183446823732004,0.7010642946744028
2023-03-22,-0.2310977555670335,0.9150619876524102,-0.10427127976471162,0.3040093968908142,0.795184853303299,0.25953757489405316
2023-03-23,-0.8027660130556336,-0.5521977115496735,-1.0581015719172027,-1.265051589857824,-0.19641560955376836,-0.43726933046436267
2023-03-24,-0.15992550723162857,-0.3565355999941344,0.4437594698431191,-1.979705113914032,-0.13282630585982336,-0.7720933328590696
2023-03-27,0.43570540253548007,-0.434063407250862,0.6011566136239432,1.5544862093416212,0.05769733115814635,0.23988383407489433
2023-03-28,0.813417982725384,0.7128416129819515,-0.8171584576835311,0.4670325415409238,-0.20499118619348167,-0.20016838613549082
2023-03-29,0.48095659933817814,-0.43871436391250684,0.43192902931654675,-0.5916364607381541,0.7381574507832722,0.7609856589321451
2023-03-31,1.369833755681893,3.084599541260502,3.2091124270474225,4.311544847468007,2.134482848376651,1.6337198944623932
2023-04-03,0.06211965829221455,0.7466583608761068,-1.1975122994222653,0.017148541054456956,-0.18400856304375823,0.2206297973761151
2023-04-05,2.6823131732574224,0.0905138708599873,0.9001815938564306,-0.24018820523238338,1.2437239959090851,0.9138954817361267
2023-04-06,0.7619020737319016,-1.0852341193163584,-0.11591644005567447,0.6707157481502746,-0.5895135627951409,0.23978747854371818
2023-04-10,-0.47409805914390146,-0.7485710961610437,0.4008755033776179,-0.7089510069890004,1.3257871827272227,0.14148632219350699
2023-04-11,0.2924600206801742,1.5487422696884634,-1.502514970904023,0.49465891322022504,-1.519879905810817,0.5574768321964241
2023-04-12,1.2986152166622356,0.9354750440098591,1.5752182933043146,0.44083767321785317,0.8665485441944121,0.5083967961446945
2023-04-13,0.44809279885462683,0.9942043775149401,-2.7375265371304636,0.3771411523800783,-1.6287831842989542,0.08757724412713497
2023-04-17,-1.524418861213006,0.2558442298307151,-9.422689865779022,0.5073142692260113,-1.5475900002137943,-0.6795512150830185
2023-04-18,-0.4229960433819846,-0.4937272869142584,0.08343867181974662,-1.1446770011677598,-0.27868360001302994,-0.26373533282438855
2023-04-19,0.3675535081873571,-0.5519329679942175,-2.155870541518057,0.4977765064411388,-1.3143807003981434,-0.2344283016240789
2023-04-20,0.3722224497289206,0.2803055986582814,-0.7141703132042099,-0.25297237977472964,0.491947760596112,0.03234746363958152
2023-04-21,0.16148517618836955,-0.9783096590157858,0.32287971044084873,0.12574204524973265,1.8053037321449361,-0.002260708945023282
2023-04-24,0.8091579518148873,2.156599827882233,-0.0855427349167881,0.3831568358379389,0.4413326237272752,0.6771973756565242
2023-04-25,-1.4216786264625192,0.9616038852321651,-0.11415832712088347,0.7654621927436267,0.037784273612673225,0.14568576938982503
2023-04-26,0.4596927906715953,0.1642072974024078,0.2163327627959566,-0.5871020042669928,0.6974076779413085,0.24958627615121465
2023-04-27,0.5502995730081839,0.37159578204595256,1.5233452847668083,0.6329111764607598,-0.31893150585969865,0.5695152810193838
2023-04-28,0.3926370541957436,-0.07621571692121298,0.5215776255615534,1.8278881956901971,0.9818269304616711,0.8370013603697934
2023-05-02,-0.020752383945388253,0.484930398823491,1.9716610427205294,0.8490036338145712,0.0046557204012920295,0.4575166931912511
2023-05-03,0.34967688419134113,0.08133688257911942,-0.649732200224562,-0.8582320292536694,-1.226935298751397,-0.318502836487633
2023-05-04,2.04648772509477,-0.12460927181285886,0.346694318211771,1.1528424551509264,1.283073093248288,0.9173717607303677
2023-05-05,-5.912140907696683,0.5696052371628291,-1.1346353676177645,-0.25530981871192404,0.31047398838492946,-1.0232406865540389
2023-05-08,1.1564644951804537,1.1812873137121205,0.5162437336557746,1.2347630862277859,0.6159779099425222,1.0814123118324304
2023-05-09,0.003042417574006251,-0.3731688063964733,0.40297890221825394,0.30948473947995936,1.0044426985107213,0.00848003817193188
2023-05-10,0.4621432834716055,0.17657077654420483,-0.5863006949506033,0.6876347522725146,0.10810070546030115,0.26908205008338015
2023-05-11,0.06658423053456097,0.3365292029022582,-0.5659907178814039,-0.6528849390231795,-0.14147637361845433,-0.09882342854272697
2023-05-12,0.8831379202385081,0.500417815129417,-0.867772867144978,0.16326764032985608,-0.23917235287616023,0.09728797753729701
2023-05-15,0.4796777510611472,0.19599638411362807,1.0560472530475096,0.19723680321963588,-0.5878959954873308,0.45891205221868514
2023-05-16,-0.573408631576966,0.06344367294917053,0.47286162437985,-1.4241193644684236,0.09522369672902986,-0.6106338807060685
2023-05-17,-0.5372390971689955,-0.7396802274819425,-1.3762650000623822,-0.5909209148014072,-1.5177205652419534,-0.5728269488420423
2023-05-18,0.39977588274568987,0.7611662845503631,-0.07219454401183878,-0.2152185340360102,-0.2758182835322254,-0.2849053652701161
2023-05-19,0.1154950707094482,0.8240874912828211,1.837892805974617,0.32455051475459573,0.7187829313593852,0.40513721791914925
2023-05-22,-0.3552042174608139,-0.41392706920573286,1.8835219159284433,0.5344041438350988,2.3534987648001326,0.6097761825706316
2023-05-23,-0.23461466244922846,0.3209459829420336,0.5608056618052748,-0.01831807665885199,-0.05002045844131331,0.1834600568861644
2023-05-24,-1.307108112847477,-1.337318948898858,-0.10768229215696312,-0.5825974844694715,0.19109845053446595,-0.34117947119577385
2023-05-25,-0.38371436515367563,-0.08505690061907378,0.4389001026885442,-0.012285865672989615,-0.2982014792385468,0.19551116867164708
2023-05-26,0.3851924037403087,1.1544433573335233,1.0043313529298326,2.7275220580957216,1.0748583637470333,0.9726420827874671
2023-05-29,1.2192087250243233,-0.2682167704745053,-0.23150150333024477,0.5625269286254841,-0.25683804996829984,0.5367798508963517
2023-05-30,0.0764358357949968,0.1898359250035897,0.7189691850692848,-0.0257814777295029,-0.12500572392915021,0.18925684396833287
2023-05-31,-1.582405986447244,-0.08421092050244772,-0.41923641348923235,-1.9861547931480983,-0.8051105199541553,-0.533701950132548
2023-06-01,-0.4252473783811328,-1.374918603811237,0.09103903951235282,-0.26924142419729735,1.0487533193497267,-0.25169624936233204
2023-06-02,0.15586588142668667,0.21899540926275662,-0.230430703427853,-0.3268106083120448,-0.5535331956323497,0.2507044360454902
2023-06-05,-0.1307216824046331,0.9166991676498704,0.4233975760049802,0.8980925039984156,-0.5052004678800626,0.3223787573137793
2023-06-06,-0.3116381431420234,-0.49115744712715514,-1.9547637272970597,0.0847816227970366,-1.7209562262663458,0.027699431442118616
2023-06-07,0.518942898347019,-0.20166659815457066,0.7779460503777091,0.7582491833489469,1.3179578282622284,0.6849851638528914
2023-06-08,0.06219176202988397,-0.24463298076022877,-0.477124039446164,0.060048589460359736,-1.174081306140362,-0.49048192636628185
2023-06-09,0.11811705641993075,0.01598526316100024,-1.3135437964209462,-0.7080922370581777,-0.838875738992062,-0.381819725413457
2023-06-12,-0.6084657571394314,-0.22386549834884084,2.053801993705906,0.0886367262362242,1.1715681654603793,0.20524046550352004
2023-06-13,0.1686646299066119,0.8120140475498694,0.9984872255409005,1.477372771755836,-0.09853735437285183,0.6163502439319402
2023-06-14,-0.10915046449966326,-0.3974391163783064,-0.34102476275365,1.2297471896821177,0.22660256950248758,0.21238341844009856
2023-06-15,-1.2298953520846867,-1.404550542685401,-1.045839183304631,0.027434377253854336,-0.33313131200495283,-0.36149041015322014
2023-06-16,1.3084343953198907,0.8202077628228333,0.37692314429895735,0.9735269827714887,-1.2871914328733025,0.7379048352023077
2023-06-19,0.087343733184575,-1.1828345751229596,0.1819054037882406,-0.9932523380422498,1.1181384670116312,-0.37475183921172883
2023-06-20,0.20883486389893235,0.25998060137910617,0.7264352350485614,0.2076989578942534,0.5388761744158144,0.3265717567498605
2023-06-21,1.7480494353985687,-0.09183500528787691,-0.3107267860819385,0.28156531446468236,0.9449383999170724,0.21337637466720683
2023-06-22,0.4891173665776849,0.11354190092442984,-1.3699145047778694,-1.1231199531836045,-0.6046051567159205,-0.4539443817404343
2023-06-23,-0.006088765041767363,-0.2430485743541766,-1.2914038887020585,-0.8183579694703513,-0.6839492215320986,-0.5633615236065759
2023-06-26,-0.4837178448058421,0.42772530945986986,0.42292951959586045,-0.7635138816335596,-0.8301550299573135,0.13768299134766515
2023-06-27,1.4093118389381099,0.9326613106699799,0.6927353413215487,0.03608391361475949,0.24142058184759563,0.675190341711196
2023-06-28,1.0581264325232542,0.14422487032395015,1.110101663951446,1.3238729727606646,0.5660790807411331,0.822107281232487
2023-06-30,1.5064278203594794,-0.3040205312426769,3.2589660860453673,0.8203202371324547,2.699469486672701,1.143527476356887
2023-07-03,1.0814709947685408,0.8506220902052775,-0.1347702530885675,2.5664181521793505,-0.9069594057434904,0.695709243369369
2023-07-04,0.488416807248937,0.22811668460513967,0.8585064056988445,-1.0303175395952602,1.1169529002943213,0.3438946519135566
2023-07-05,-3.176713611200066,1.4078543269195887,0.159847902601018,-0.16416939625095717,0.3354545866980807,0.04899685388621844
2023-07-06,0.10159559558904352,0.1461422899325493,-0.25236077831489734,2.0990548582994206,0.08885511738339069,0.509321758125636
2023-07-07,-0.8716404351534979,-1.3550223692754493,-1.0194252304349893,-0.1951741657859496,0.19110529200916382,-0.848835445771845
2023-07-10,-0.23789999984644705,0.21133365532113313,-0.0789308894245333,3.852126693989333,-1.721103381387823,0.12466303397029588
2023-07-11,-0.4859776832767726,-0.36377012372427187,1.4633283097334582,1.0840808468737029,0.013739238929888486,0.43139300324381846
2023-07-12,-0.9372672608804922,-0.05821093584642556,-1.1344891938178114,0.11031599854052221,-0.3819787940919528,-0.2834429471475497
2023-07-13,0.499092087873132,1.1965270820810892,2.3850436974889755,-0.8942220765861486,2.474024664541541,0.1519230385574888
2023-07-14,0.20717800715730483,0.45516294842793403,4.457550389779108,-0.08385428862974775,5.211689986804169,0.7765114931427508
2023-07-17,2.091822899490814,0.9009913394695035,-0.21039125207495957,2.043284228289588,-0.6529722807689153,0.7511013251041421
2023-07-18,-0.0833896756565311,0.6968105249395284,3.6719527346764425,0.8492033447503822,0.14749601707686466,0.1917706853032497
2023-07-19,0.45305267752877576,-0.20503344200254459,-0.016944999424250984,0.758748394708042,-0.7664056918512796,0.4248282371482448
2023-07-20,0.21660402920866684,2.275416068592806,-1.725480692299164,-0.12110379429881579,0.06501433821153313,0.7361412439498949
2023-07-21,-0.7697957840256842,0.14061672559801952,-8.133839039061607,-3.0955965321050605,-2.7430506305951563,-1.1719737128305097
2023-07-24,0.15814634348962908,-0.5015010172426115,0.3754873203502207,-2.0226502605910968,0.7852579840857077,-0.3679432292985618
2023-07-25,1.0843506645171308,0.2721699170411318,-0.1496471291181578,-0.06431705396791054,0.12960940048847291,0.04193703428323481
2023-07-26,-0.34775196538470166,0.17594263611870886,1.0677395235543008,1.6252203718226443,-0.3191795668342601,0.4964339187534694
2023-07-27,-1.0380290959410843,-0.6222153522534302,0.3187989730152996,-0.9302483541473006,0.25379133664438225,-0.598637830087223
2023-07-28,-1.772112567195494,0.6008625898881403,-0.9348544905995904,1.0049183326137134,-1.2216906748725664,-0.07044597937843067
2023-07-31,0.46851439747070955,0.2107917152708083,1.1339072118512483,0.8465684135275486,1.9684732324695364,0.5484562836559181
2023-08-01,0.6692061040070918,-0.3756296691902583,0.7007375356339329,-1.414143693526848,0.8943534952465582,-0.10251191770254131
2023-08-02,-1.3084549374985155,-0.7641628949174861,-0.6116318858834902,-1.0683527099125012,-0.33024098700171756,-1.0489749274959825
2023-08-03,-0.7223419567584877,-2.2240265446288654,0.5490710223426731,-0.4203017356581795,-1.1829184805819182,-0.7420685416911321
2023-08-04,1.4459745028875481,0.5699494294067575,1.0298314977649659,1.359114887821189,1.282373571224471,0.6983389270114548
2023-08-07,-0.0574997471075922,0.5306495442880532,1.0628674037284958,0.5698217102555692,1.1761119670166575,0.41144018676027017
2023-08-08,-0.08175189469609156,0.4356156365475039,-0.20100612872194779,-0.6022760006429206,-0.38603481724387434,-0.13497354646058168
2023-08-09,0.03636218654032852,0.0823064816080743,0.30211646569484607,0.6597344160514718,-0.2333952103586001,0.3152707884763739
2023-08-10,-0.8876146409878882,-0.8841361707721651,-0.3800925058555893,0.4454929300863997,-0.5891695318831713,-0.4556268458015711
2023-08-11,-1.0422539931054131,-1.1668952457285497,-1.2418201345792967,0.4218539775034058,0.19463830719688158,-0.5874136161590715
2023-08-14,-0.48801923757675336,0.7031563909102978,1.5818242014368877,1.1817253835036734,0.030451935142417064,0.032169565781225984
2023-08-16,-0.29177524450589853,-0.3178619440594277,1.7903646616899804,-0.08148998717038003,0.24783481302335097,0.15667570139761278
2023-08-17,-0.5540895485096065,-0.5070483885683541,-0.48993465456934615,-1.442634379172003,-0.6549167041709159,-0.5124582584125403
2023-08-18,-0.4100749787539937,-0.10508055441775799,-1.611697997238215,0.7407464578846668,-1.9981042009668548,-0.28452826260957353
2023-08-21,-0.07857807110028814,0.47862110373453337,1.1952691626043732,-1.0911472024133229,1.0260913088419477,0.43215209131937105
2023-08-22,-0.42780728076019514,-0.3350080680411094,-0.11741244285475849,-0.023806423577066305,-0.5732521490557918,0.014693555773015454
2023-08-23,0.2464057074685444,1.559870871707969,0.2992097986119102,0.11114598146422239,0.4760361229926513,0.24515199000461063
2023-08-24,-0.46009467532073245,0.21720322811009662,1.1115396428903912,-1.6810815772554277,-0.3089860784439402,-0.2946964680621278
2023-08-25,-1.1270786983861525,0.14964477282763955,-0.24584750611909012,-0.46172711648426734,-0.19040012409767826,-0.6236153774081932
2023-08-28,1.040666211866248,0.01545914100038459,-0.31336733830983343,-0.9966174806111505,-0.1700409354580379,0.2089194238900971
2023-08-29,0.7954387433224852,-0.28850239418506396,0.1412718676387259,-0.9575413560518165,0.017774176391083252,0.18957584743610756
2023-08-30,-0.7294316320476613,-0.9144835155273645,1.23445362275878,-0.09503221131553774,0.43836499337990276,0.02480956863764039
2023-08-31,-0.4592315234593358,-0.015651064380028945,0.02089583775479742,-0.4569849924133895,-1.0070972874668405,-0.4840350603388277
2023-09-01,0.2068121536719758,1.0378103819796758,0.5851855625437885,0.23473568753371588,0.6673103771626998,0.9426710188917609
2023-09-04,0.6255273378584336,-0.13936352458748802,1.4717562875967038,-0.08082370539206352,1.1629986255744518,0.48108337016425917
2023-09-05,-0.6090155247990947,0.10854871755041628,0.9419256366881568,0.5351265864950383,0.3174042024598478,0.23605960187407238
2023-09-06,1.308020337539162,-1.1255636991688855,-0.09805868659970018,0.21041352747233066,0.016026972801630457,0.18467726478093027
2023-09-07,0.9620867137301481,0.8511692282040739,-0.7614636165135358,0.13588799093822157,0.7390827106045661,0.5915032360780392
2023-09-08,0.7790859931508409,0.5074330155314888,0.23190505043462206,0.6661128933544758,-0.38636101658350297,0.47091903665750223
2023-09-11,0.5174355219866644,0.7933606355341905,0.4661060356307978,1.0783541945472264,1.1258129206623613,0.8900143420050854
2023-09-12,0.3125459471292169,1.252233436121486,1.6695643259922566,-1.444685955439473,2.8773507226659056,-0.01575482868895195
2023-09-13,0.42763093335194124,-0.0706681599044412,-0.1832146688294567,0.500238133857267,-0.3616616238494741,0.3841345269944396
2023-09-14,-0.06083776038872113,-0.2121607256543978,0.5739627897596966,0.0917955115361746,-0.21859539807064232,0.1649208239910216
2023-09-15,1.1473637954585225,0.48091639943985687,0.3085917396638882,0.18546716928957707,1.0744104713866554,0.44396138771742866
2023-09-18,-1.9677990795375133,-0.22670988648242352,-1.3098900927223323,-0.8706901786155852,0.21815240610782993,-0.2924316846098174
2023-09-20,-4.011553185526873,-0.30802302853574215,-0.10389355744816475,-2.2286460966342903,-0.002770454888634255,-1.1518249945432046
2023-09-21,-0.6618863491912319,-2.821255307562476,0.7716881529193698,-0.7283355718578854,-0.5754089690948261,-0.7991939166498319
2023-09-22,-1.5257291418574792,-0.9381897878916079,-0.37290032484035285,-0.41652717995269706,0.5117942704621292,-0.3449417659114995
2023-09-25,0.08825077855956209,0.6366454741162153,-1.4704411834736808,-0.615731566428035,-0.735363689398949,0.0015288066889551644
2023-09-26,0.4343532331058775,-0.7999140199543842,-0.9157727039260433,0.08759266801756649,0.23900763311908158,-0.05007261720755274
2023-09-27,-0.702374569425912,-0.5902875064218716,0.4347344013943877,1.1270125544390774,0.1004097812662419,0.2631619198663282
2023-09-28,-0.2062989133320814,-0.05301328662079552,-1.87799967109602,-1.4690325779737057,-1.4640630587443026,-0.9783629666773708
2023-09-29,0.1706480072770633,0.986635185167728,-0.2778721573682974,0.46698500490549577,-0.23043092256205266,0.5877516917168757
2023-10-03,-1.1957084260876827,-1.2186208915733188,-0.10101751284918858,-1.1449981929621433,-0.4180290761383598,-0.5578424654468894
2023-10-04,1.4256769277172898,-1.090075064993612,0.7217512911072976,-0.17254313098632457,0.6801717187570722,-0.47443072713306833
2023-10-05,0.40535170265385556,1.1612268950905724,1.3223962452786786,-0.0021567799659449882,1.4585492989011906,0.5641584105285702
2023-10-06,-0.11069504200766911,0.46235579640281355,1.0420633029434967,0.1685207544365408,0.8929113108492093,0.5512707366051472
2023-10-09,-1.1603241843970102,-0.6982642704670194,-0.21979080945574436,-0.8520161447204799,0.4680621057262302,-0.718194675884698
2023-10-10,0.5671850104887799,1.3424236354965702,1.3351906926147628,0.4416294037153712,-0.25974490625243485,0.9096802976240159
2023-10-11,0.9673099710068689,0.19974421481010474,-0.05016567235731628,1.587683523392247,-0.5235736187568341,0.6170692128707245
2023-10-12,0.6657635584231159,0.12066043653702341,-1.9338831161928027,0.18548348349867183,-1.8656882255475904,-0.08757409120068171
2023-10-13,-0.909772659243524,-0.3091446665399178,-2.3439077935730634,-0.004238323786065479,0.7988404696944507,-0.21698099802970328
2023-10-16,-0.4004612085889758,0.010521785883765844,0.20962680072882378,-0.2234732526769645,-1.3105905473420498,-0.09772027556287366
2023-10-17,0.7583698049601351,0.26276710688695193,0.5787364817952723,0.47779947453441274,-0.4824056834944468,0.4041709427698992
2023-10-18,-1.3917610196073293,-1.0640600216184182,-0.13172637266908316,-1.3268251149556654,-0.5645928600025107,-0.7086812741337156
2023-10-19,-0.3158599811007412,-0.8476813746809309,-0.47897971657262506,-0.7680679691565051,-0.6497520926364686,-0.23588102112443998
2023-10-20,0.5181828073343331,-0.3205981664499147,-0.4464221370123478,-0.30570735150484696,1.1257066687200057,-0.41808960845935994
2023-10-23,-1.0999470993331206,-0.30018735049485157,-1.3032019931125571,-1.5614886044486465,-2.415203405104782,-1.3350307425555652
2023-10-25,-0.6341144642971974,-1.48933110101509,-1.4813196932982886,-0.2319640753185026,-0.5879273209740687,-0.8277236732921023
2023-10-26,-2.211823972750715,-0.8132207665582425,-0.7737002815652927,-1.3928537075740377,-1.5737264439472098,-1.3853064912347501
2023-10-27,0.3929232008675232,0.45121497159612556,1.5373768217489925,1.7651053253678883,0.42557497938737754,1.0075700327460302
2023-10-30,1.0856466119273156,1.331142657441009,-0.2390541856793993,2.061082653990143,0.8236493747947105,0.49167407696648624
2023-10-31,-0.5790818060890213,-1.0325448069402277,-0.6281419723984993,-1.0637840928906295,-0.2900669447908122,-0.3202606982899536
2023-11-01,-0.13544474131712558,-0.142025465895268,-1.0413787836122013,0.41523504048512905,-1.1309619540753824,-0.4740624572936891
2023-11-02,0.15259172492716466,0.6454817713270389,1.1815578028066431,0.9924151626194977,0.884191403981216,0.7588523257266999
2023-11-03,0.4740151489057043,1.5055135475954717,1.3794068224859624,-0.021554159244552284,-0.2738021503769117,0.5087980838331285
2023-11-06,0.7245129101870029,1.2475944284396911,1.025897525635755,0.8320058796743801,0.8758904345273377,0.941990339899168
2023-11-07,-0.4851130764716327,0.2802812830674961,0.0712484881642883,-0.6498467313714062,-0.28991314539797974,-0.026019195847870602
2023-11-08,0.28912659424644716,-1.3025991873122922,-0.9470962340365152,0.5206983744271199,0.32933385848354924,0.18962926582819506
2023-11-09,-0.39555038931956554,0.17097900337725846,-1.164626283597714,-1.0852309749265876,-1.0084358657574066,-0.24789373698150818
2023-11-10,0.3937574424292656,0.1333662405282876,-0.43278802376355285,0.1882637219176475,-0.41822898651537876,0.1549283945833313
2023-11-13,-0.18102470633807322,-0.4421491335208638,0.3433575240944009,-0.01295783505529391,-0.05696620192354729,0.09369804014345284
2023-11-15,1.0478297023486904,0.7116462345646335,2.690100032625109,1.8080870998923526,2.183647347260309,1.1926753508604282
2023-11-16,0.2625522659761348,-0.541921868299633,2.438848706014185,0.18035002584666504,2.7480116775173924,0.4561522280999375
2023-11-17,-0.2154723407434611,-1.5117524941396399,-0.508674539146059,-0.2181551378920954,0.13149824905769325,-0.16897597201204206
2023-11-20,0.006649056126240005,-0.04338418346901962,-0.06608633185934965,-0.2632018677136805,0.48965051322382713,-0.19157289123818977
2023-11-21,0.8470588394721368,0.5046304694722004,0.16705855689178595,1.257788610447208,-0.2670793672649441,0.45394734754240496
2023-11-22,-0.35574079884544973,-0.3617266226511595,1.3064581797789687,0.39093801546323803,0.5683385752910608,0.14380348265852216
2023-11-23,0.5784927396784267,0.027091209512675185,-0.586496940622383,0.30566422375315483,-0.6203566712199682,-0.04971574875239915
2023-11-24,0.7099232380886278,0.6933905049745892,-0.8176735204939778,-0.06679695993379031,-1.458001776897544,-0.03686890844358803
2023-11-28,-0.22518761265932774,-0.4196218321550371,0.36872875664999416,0.020890582888544174,0.37747633112819035,0.4799264638990497
2023-11-29,1.9952270535462002,1.5234960404230558,1.1714159559114368,0.2631209625822972,1.2564533117011,1.040238911355451
2023-11-30,-0.022444510546959506,-0.4948893503180729,-0.304884357213564,-0.9684649125605738,-0.7442255120998276,0.18187545137213768
2023-12-01,-0.21811638549662504,1.256752256528837,-0.19584287673650724,0.7087507058043396,0.68958168783817,0.6692941610506598
2023-12-04,3.471779227943994,4.700537824159667,0.8297105854408571,1.0817323940885748,0.022785016785986656,2.066816900376933
2023-12-05,0.8885303220051988,2.244756583831231,-0.7102169548026782,0.7251440757797489,0.5452098550625006,0.8135565760247543
2023-12-06,0.25250263003944173,-1.0064683281426956,1.3996456722397133,0.9578608332192262,2.052895467831828,0.39606432442005346
2023-12-07,0.16279702311776667,-0.42362130240977125,-0.5697621732149272,-0.16456922559496823,0.29966662856621973,-0.17455990623970186
2023-12-08,1.3953221436922014,1.186183580729927,1.7224878739813931,-0.05291549068306978,0.32639658977826613,0.3265370504707432
2023-12-11,-0.133074725580129,0.6182956522255756,-0.17770987798646498,0.14660582020378232,0.4466879063000695,0.1320935183362959
2023-12-12,-0.9933404861302231,-0.13764612638004214,-0.8364074489991102,-1.4353491100136284,0.8015759001851697,-0.43196070141755527
2023-12-13,-0.22634532628721393,-0.177217524117268,-1.8326107798005253,0.4084051943815892,-2.13910450571404,0.09542158562574343
2023-12-14,1.1803192985777589,1.9479236581555037,3.61973940911291,1.240778923904351,2.0508926846272812,1.2250087289956912
2023-12-15,0.3878483405834299,0.3627992889872367,5.125061436528289,1.2763098206618473,5.283259984165545,1.2932779200891975
2023-12-18,-0.05131528114894479,-1.5374976142527919,-0.890155145425553,1.0177841437828183,-0.04662934980945721,-0.17710126840955187
2023-12-19,-0.16910860217107526,-0.5874058222082978,-0.38673231767835103,1.4716492003557846,-1.1142130314065302,0.1608374856572503
2023-12-20,0.2480419456206695,-0.8666162353669349,-1.405383708514596,-1.2098856702907224,-0.9472803466787694,-1.412146609423337
2023-12-21,1.792392797838449,-0.22351188970646252,-0.026037362580710877,1.4007907416855092,0.19709153755924635,0.49597940765233606
2023-12-22,-0.9396947805928924,-1.0055777053228576,1.7513048159157663,0.0975592165063377,0.9636845205136524,0.44389265566107117
2023-12-26,0.6942512069148865,0.08045854576024247,-1.212490485239437,0.506817335668952,-0.7439827360682605,0.43068759341071683
2023-12-27,1.2392722716437987,0.7185280002051986,1.4993933447577712,0.34134030243240243,0.4123167550497575,0.9952749920727699
2023-12-28,0.11448336574508833,0.3641786979211803,-0.283961452448378,0.7228914051542468,-0.29649106327974684,0.5723881307796219
2023-12-29,0.23456606362246557,-0.9245474592653902,-1.2638760147276162,-0.7906275927161754,-0.17105418663382332,-0.21717930740454694
2024-01-01,-0.6523332163595685,0.28095500093687775,0.5476748501668238,0.2050317565037041,0.46659562527073817,0.048317180721269004
2024-01-02,0.05888843352037654,-1.7160359384537083,-1.0926024577898485,0.8281024461512132,-0.7320605831445226,-0.3500136051024061
2024-01-03,-1.541992926592517,0.1832653250732008,-2.893638239796925,-1.0874019967349269,-2.4172918202275073,-0.685186637566948
2024-01-04,1.0729871622110254,0.315021169030949,1.523492611857824,0.516761314101033,-0.6758141480337598,0.6564470186349425
2024-01-05,-0.5115721031214604,0.6635209609466175,1.3122297511541037,0.42555317297459094,1.9390250930559016,0.24101822286055619
2024-01-08,-1.1146172198728266,-1.1774198787885548,-0.6362074990494571,-0.780367992130282,-1.594469323457992,-0.911070868564301
2024-01-09,-0.7785073063901637,-0.2291224538666925,0.4268598090160669,-0.26475651835438097,0.3153598323232698,0.14804820050666745
2024-01-10,0.33020713660183443,1.357491199494909,-0.6146753978608088,2.6971545945415842,0.6273902083425709,0.34277152411805734
2024-01-11,-0.4196937011994306,-0.19132642615389273,-1.690896051325097,2.6300947772074146,0.6059658496296638,0.13183031833516878
2024-01-12,-0.4730127823385888,1.2460277992043078,7.934025978585191,0.7960075435434977,3.9418515446201896,1.1426492637705898
2024-01-15,1.9254184457035306,0.6327800040920151,2.439913048806308,1.7071106552575044,0.5408470008332333,0.9267074694848665
2024-01-16,0.3796093584898408,-0.07921342377305018,-1.2438655412595478,-1.3987131296874233,-1.0886861336846687,-0.29482333845447517
2024-01-17,-8.435823885252491,-2.7055157142308883,0.5301602309842446,-0.9493519580024645,0.6034431225555803,-2.0894393512082443
2024-01-18,-3.339832046152602,0.4685442591762845,0.14632947544368502,0.4682012239050959,0.46335745199135303,-0.5085271508735612
2024-01-19,-1.042964288698256,1.3027866497856477,1.0105923575354225,-0.036549294992371806,1.7403700784194287,0.746195718645537
2024-01-23,-2.9442808304260493,2.9873919890690326,-1.027601660832289,-2.842879948539434,-2.150614396855166,-1.774084294273448
2024-01-24,2.0002131059821737,-2.9007356447924293,2.024779598828852,1.151617895516277,-0.42636149587944594,1.0129971071150878
2024-01-25,-1.4424106217574617,1.0758613107528125,-0.37602586830270956,0.6845748689584319,-0.8199185322968705,-0.47240537554001927
2024-01-29,1.37640786351243,0.6386495594510988,-0.7489064328051631,7.019202245224365,-0.24408405153205637,1.8030591452244726
2024-01-30,-0.7115055564845263,0.04919626305357472,-0.31088729216208755,-2.7916800826681687,-0.011837953217885833,-0.9913698102483215
2024-01-31,1.263577004900407,1.106300878453248,0.5722347973813102,1.3497792627487293,0.40520470879619186,0.9460025419002926
2024-02-01,0.2598144070736552,-0.2917920317946021,-0.2317961763201315,0.001757932671186957,1.0010601988396095,-0.13003033741542103
2024-02-02,-1.377559319599586,-0.11218013360194679,2.190632459807862,2.1764296027886765,2.9098442328786778,0.7205988175093214
2024-02-05,-0.0898995105422129,-0.048825028618726396,-0.36317693890973723,-1.2811219482966152,0.1764900415067716,-0.37568550808078083
2024-02-06,-0.05190769835371478,0.28334428032312786,2.50413966265135,-0.7800462687801102,4.094840379462483,0.7243402101531293
2024-02-07,-0.9798462105621519,-0.4140666869466014,-2.06422972241721,1.005047344215071,-1.2717734832890626,0.005014315737827957
2024-02-08,-1.8811768378976246,-3.213815610092685,-0.09742232432914388,0.5529874015297365,1.2416229063478834,-0.9692017110872975
2024-02-09,0.0391887982368333,2.163143675135437,-1.3444897269013767,0.7326965683905007,-0.009671212157769116,0.29722318898448563
2024-02-12,-0.9689274550093496,-1.4445420892997718,0.6439729343466816,-0.5750482688546277,-0.314482786240855,-0.7641419430735708
2024-02-13,0.32013155613928035,2.3792738819669257,0.2648627761835387,0.877883789938716,0.6989006183562907,0.5884480011507653
2024-02-14,-0.745796739601956,0.28437230719080553,-1.0893012683745096,1.1108443676987934,-1.190502222005685,0.44519922849619586
2024-02-15,2.1675454822285056,-0.5915692768368563,0.6091608654847924,-0.7273645854000144,0.07561710670418442,0.32371361888359207
2024-02-16,0.4137042787938361,0.6491903811203681,1.5092326585060878,-0.6816925896236836,0.6117021225006569,0.5930843022260657
2024-02-19,-0.1972010983429584,2.0034156104917766,-0.11165138177439138,0.9191657235465334,-0.5934655170352854,0.37000088082788096
2024-02-20,2.6250764107825786,0.47905349429686606,-0.8530697692070821,-0.20183338909782744,-1.7824919899768088,0.33766555730090353
2024-02-21,-1.0417344205750023,0.30511888816016075,-1.7623444204203809,-0.22603421318484473,-0.9713013123270442,-0.6392700010330099
2024-02-22,-1.3619080318770682,1.02190630085357,1.558374535883722,0.9572788452789194,2.395093918591873,0.736332185814148
2024-02-23,0.07395517104253901,-0.13173390857179612,-0.2676439204524317,0.8014184592298523,-0.856355032879863,-0.02137959201901074
2024-02-26,0.11966768727453836,-0.6689931963037132,-0.9959071055466229,-0.4217955695542952,-1.2598363950364733,-0.40809285088362346
2024-02-27,-0.15116485224028198,0.5691395885042638,0.20782035180890723,-0.11260916098824181,2.583053259318868,0.3448994348646428
2024-02-28,-0.7569505779666863,-1.3205045520498504,0.45984604171069865,-2.0210008325691198,0.3545096917781043,-1.1135927809948543
2024-02-29,-0.4257154760713755,0.5735156235050942,0.1585592092028909,0.35552197626391724,-0.5790318658827842,0.14418556686905948
2024-03-01,1.9488318100628454,3.297852151011993,-1.147028154327423,2.144366808541376,-0.018315126292411943,1.6192168700068565
2024-03-04,0.13629182346182045,0.5014126765154892,-1.0575821122919438,1.023701342599459,-0.3333937685541799,0.29925402887358565
2024-03-05,0.568859645961628,-0.3936378357810799,-1.8751529670861355,-0.4776469739736444,-1.6810749798567115,-0.22002905070378498
2024-03-06,0.12145419791167456,0.8317611033817229,0.6878342390394643,0.18664767112457348,1.3010560963397255,0.5266971542034149
2024-03-07,0.24261373126204244,-0.8340119875751784,-0.06800235387723896,-1.6017932140460212,1.0899825552658005,0.08676673462120199
2024-03-11,-1.2654689288487453,-0.8502264633173606,-0.9805509087163378,-0.8333811572690752,0.33466542143001377,-0.7153178801771132
2024-03-12,2.2237109343644867,-0.17150114069252043,0.7715804045242081,0.6017321374223394,1.6956385747494584,0.013651886684606929
2024-03-13,0.05823272459013484,0.6593211754846395,-0.096102249771568,-2.9313565099640226,-1.0316609635193652,-1.5132725270416536
2024-03-14,-0.33895343010850176,-0.032284959029726945,2.6002407580095976,-0.04888471763835334,1.412386911243546,0.6771215952804832
2024-03-15,-0.19238438477157116,-0.29993025951773333,-1.1673690147020022,-0.925613232791167,0.27687107562364144,-0.5567468627318717
2024-03-18,-0.4543315205414955,0.07868248871067962,-1.9186046935813938,1.4983453782571932,-1.5820324326866753,0.14688778023679294
2024-03-19,0.2281937403999068,0.25434247626974216,-2.570755237457556,-0.9882018608837861,-4.219143987208529,-1.0802196640288697
2024-03-20,-1.2626313047453985,0.05074175183936713,-0.41627696373164325,1.2980250727125275,-0.16092650978249967,0.09923428906801757
2024-03-21,1.0272214714400318,-0.24895380908326326,-0.01606643975446964,0.5004161720336242,0.051639619728227615,0.79146856998078
2024-03-22,-0.20059716211758838,0.7857354838963326,-2.9491340492937224,0.27912890122081535,-1.5618181307024082,0.38524885010076115
2024-03-26,-1.2093950374142182,-0.6053546205052385,-1.0736534690085398,-0.9243784098813213,-0.854017200145607,-0.416580634029895
2024-03-27,1.0733822662921666,0.004629694305102738,-0.5895583025008921,3.556867292553645,-0.9439179776980722,0.5405716783151604
2024-03-28,0.4997510403258021,0.8811943827436997,0.9569628714581446,-0.46890415903863003,0.9216704454841684,0.9187001078543977
2024-04-01,1.560879925730152,0.580817027930669,-0.17356663835048636,-0.07233697055262223,1.0435146370203041,0.6050979178091831
2024-04-02,0.6562413278587531,-1.6778206206626733,-0.8425385833935928,0.1464760747007965,-0.8412603108509553,-0.03872860275131451
2024-04-03,0.1452567366525992,-0.3699590047929191,-0.14835919182473178,-1.0323074649119857,1.6349939599253904,-0.08306302403686683
2024-04-04,3.056055287614323,0.15317912898360486,0.4085939642211933,-0.5894875971114488,1.4187030358502772,0.3565912488363576
2024-04-05,1.4368989241138053,0.42175806323667686,-0.5111944856500905,-0.1931177032471365,-0.6007496032788717,-0.004224679746289706
2024-04-08,-0.19037653994998793,0.34612210091993223,-0.1622673111028594,1.7721450440681963,-0.16838164140731138,0.6778164752814453
2024-04-09,0.12608270930112297,1.8304869551967418,1.2290967439610778,-1.5023871684024193,-0.654493488491037,-0.10390218270411866
2024-04-10,-0.7878314137259257,0.21227141718238585,0.7994297585370624,1.088040785492117,0.9654119808857775,0.49044741142307835
2024-04-12,-1.1325733112820813,-0.4506879978635081,-1.4633863313893491,-0.8397700983963752,0.4203470000039955,-1.0301592814249916
2024-04-15,-1.5964898189457566,-2.3587600031993006,-1.1180326593507428,-0.15847512239508532,-1.5044603714377103,-1.0963897188301042
2024-04-16,0.9734483233895697,-1.04790502534019,-3.6576785734586226,0.06315330845154676,-1.7355281941794698,-0.5594325260972033
2024-04-18,-0.9640636618370113,-1.0871084437369505,0.3393681261050663,-0.09722404490967174,-0.27885045518286633,-0.6865245850318225
2024-04-19,2.4486618230647794,1.1180115535289303,-0.5636756347907501,0.3960831579741253,-0.9269942243189999,0.6871768688606394
2024-04-22,-1.247308458483487,1.8177602047736663,1.5234668465816004,0.6615090840900173,1.003620564306007,0.8551965982977361
2024-04-23,-0.30419290161484147,0.3312931243521833,0.6735339373698856,-1.3869624014868687,0.2613320610097558,0.14147135985376202
2024-04-24,0.271956277284624,0.5961901257896862,-0.8076712421356991,-0.6270052120062264,-1.1265292450484021,0.15379287654238016
2024-04-25,-0.06284386714442425,1.5500385476161727,0.5381656151723258,0.6757805531611982,0.5520542252331673,0.7496929606716884
2024-04-26,-0.06287494703812735,-0.5252506415941771,-0.570047841179655,-0.5085633694074887,-0.8008245852693108,-0.6663626980883297
2024-04-29,1.3047983560999787,4.716123808978501,0.31462317505175363,0.8588388197732222,1.2783207088607362,0.996662256880243
2024-04-30,-0.6145737341784807,-0.8404091795239377,-0.9897120686541583,0.13480647310561977,-1.2802834511352001,-0.170251731563964
2024-05-02,0.7992888203055326,-0.9518433685932415,-0.429433316427541,-0.03067085032111283,1.1163078664852444,0.19177127972140884
2024-05-03,-0.8255820957810966,0.2281855553415646,0.13081939824388655,-2.2195003295895632,-0.5151073808800422,-0.7609859296553445
2024-05-06,0.2007059103041664,0.37213611145590075,0.6778120826045564,-1.0094119657954703,2.0203545120544453,-0.14749338156797576
2024-05-07,-1.083637004209359,-1.256214519160026,1.055467307834701,-1.2715634020197708,1.476633157855889,-0.6246985595782073
2024-05-08,-1.5602622692396984,-0.7862961146466452,-0.9472853669704628,1.2183710606438636,-0.05025493192780672,0.0
2024-05-09,-2.370764520440427,-0.6500411950864482,0.8582666130863004,-1.7218423426538232,-0.4211808995812971,-1.546911781190452
2024-05-10,0.6932751683361271,0.12100156550680641,-1.0176700971486818,0.9540180779323171,-1.67415640837012,0.44494691449390444
2024-05-13,1.2066211712099095,0.9802610430296399,-0.10176654715039479,-0.33572841312036195,1.3842169789633596,0.22149680905385605
2024-05-14,0.39168485936049713,-0.6604590203501792,0.08779059347148177,1.2386827299672554,-1.1804136296454049,0.5148324587705533
2024-05-15,-1.536677714591983,0.3391132920440798,-0.333384160231176,-0.26758565755491404,-0.5331641875575888,-0.07786004689536163
2024-05-16,1.5119970504954061,0.5959021296128908,2.3521953191736777,0.6407604267281597,1.2602490743074846,0.9157377676264788
2024-05-17,0.26365124242591076,-0.04862872203033053,-0.6226901472135338,0.7261382286290585,-1.7136739434891801,0.27785403439750667
2024-05-21,-0.36199238837579806,-0.8447651487809904,-0.7027605719264973,0.029601298051340486,-0.36254345108061026,0.2802051667603722
2024-05-22,0.027415532571728463,-0.8787168497187303,1.4398616618533033,1.7077303280160772,0.3088909091987224,0.3051615474950031
2024-05-23,2.288922920033065,2.1060249711895906,1.2097941352281927,1.738956419771931,1.6035946209906893,1.6366619608483068
2024-05-24,1.6481357665961927,-0.224780835376992,-0.49580034767470194,-0.39030928284150557,-1.1288108019468113,-0.04593757337192361
2024-05-27,0.6920644688955591,-0.18991685417575344,0.42660101051927857,-0.9457826453420637,-0.06366032645211961,-0.10737589261899938
2024-05-28,0.18328648540426595,-0.25227202632134293,-0.29224940392357235,-0.6854253936252164,-0.18585128446549914,-0.19317094176221072
2024-05-29,-1.4505026062158644,-2.2139288154805814,-1.0974364827134986,-1.059255978193685,-0.9440331762562648,-0.8015115627261094
2024-05-30,0.43425870962625623,1.061702186360347,-1.6196364474939884,-1.1053153643843294,-1.7759167791243202,-0.9515599658179275
2024-05-31,1.102422255469948,0.6599743519312806,0.5323572584158054,0.38952465246684387,-1.7438079733613998,0.18697799732139142
2024-06-03,2.6541674437006613,3.474408094374093,-0.07106600858994838,5.587589380157376,0.8689777366025497,3.2542317695352763
2024-06-04,-5.664032783470418,-7.633615451023735,-0.8713370566912237,-7.485139657931561,0.32814085807864046,-5.929359941641077
2024-06-05,4.628666948701321,3.471927368626093,2.615434977260067,1.6800579588873044,0.8465571402672678,3.3624236760035675
2024-06-06,0.5090799458291162,0.15783962180786482,2.947348213868972,0.76368018301054,2.240789661008913,0.8888049244237806
2024-06-07,0.8751652213627503,1.0176589449839346,4.167081613015022,2.6788141380951203,1.6590968118317173,2.0539931466807104
2024-06-10,-0.7658705245482844,0.1872128827091979,-2.20722433765953,0.09864397107328671,-0.9052392797371911,-0.13289382574128705
2024-06-11,0.22416949788497398,-0.4983088916150846,-0.2667084611811088,-1.0007403811325588,-0.17103757768687222,0.02429314342191624
2024-06-12,0.5975199033989131,0.12074223072249257,-0.7053278744034053,0.456513344663545,-0.530901323355859,0.2497312914139238
2024-06-13,0.4192645832201469,-1.0897280870879489,0.5891474386540141,0.13154384400813068,1.2135863599668228,0.32564994745150067
2024-06-14,1.0216791152332316,-0.15352799722230248,-0.33804176390901386,0.8394474980019551,-1.1887116404416198,0.28505279152657437
2024-06-18,0.6825686437567091,1.555644701799208,0.6246306154304548,0.23519502148101612,-0.4423177803609568,0.3933450786960613
2024-06-19,3.1129382910621395,1.9236747784193708,0.8777173229963964,-1.5107785783289307,-0.3512522106444482,-0.17786131162043084
2024-06-20,0.6936678673735708,1.0791378704155585,0.26796956045893605,1.0317629239700032,-0.3800856987247858,0.21687361796223215
2024-06-21,-0.21564940878732175,0.15992242042897065,1.1416071968000985,-1.3231871575590248,0.6205139022390505,-0.279629951309035
2024-06-24,0.3992216702560114,0.9882167511345852,-0.36209074679575126,-0.8750593308440746,0.15875090519050783,0.156375661610908
2024-06-25,2.3289908110065705,2.380134886179297,0.9691183042215501,0.8793045715250081,0.5672311835061894,0.7793879853915442
2024-06-26,-0.5755713328143508,1.6736949670295154,-0.08107116348573529,4.117530565730987,0.4533142333203566,0.6218040121837909
2024-06-27,-0.31442759121885766,0.15599585572447783,2.119169483406491,1.0914635166324516,2.0306675730929147,0.7361040898544724
2024-06-28,-0.7281212531948689,-1.664082067187278,-0.41947753870743565,2.276964031814055,-0.7625440290393026,-0.14099020825968367
2024-07-01,1.2709388172890135,1.0211715687762357,1.5350257715039284,-0.3353811926567474,1.8966976806692903,0.5470484349075377
2024-07-02,1.4895582820719344,-1.7535094710057098,1.9015515587712084,0.32208997154759,0.9853684109400795,-0.07497161563467802
2024-07-03,2.198662685196151,0.9238978343461435,0.39172080529601416,-0.8146097436494082,-1.2981004185669498,0.6742306607722792
2024-07-04,-2.346420080274736,2.6131854529188203,1.4286623992380232,0.10306439714371507,1.4047005800581491,0.06444070008029268
2024-07-05,-4.576916632582051,0.0324411723430007,-0.19386265498450017,2.2264699061864013,-0.22754493057642877,0.0892892949850621
2024-07-08,-0.7736085013070437,0.13378024130352717,0.8619409385409282,0.7726916342910117,-0.4636451917730544,-0.013562113637344275
2024-07-09,0.07031424538310738,1.068781679452413,-0.2708192704964141,-0.6636901459187605,-0.19282827110200795,0.4631820986013446
2024-07-10,-0.6354883317945204,-0.4045647801310448,-0.5370673488082067,-0.38044474248314364,-1.9156977216789994,-0.4450911197766749
2024-07-11,-0.25829291093619755,-0.38208445108005584,0.2699797290653505,-0.22565899609079398,0.3721987228543888,-0.03494426502141934
2024-07-12,0.04932494765281792,-0.4481366534927145,3.5729389384056454,1.0169844699170483,6.632791770889446,0.7657573644356042
2024-07-15,-0.03697741022030687,-0.23927431423015344,-0.27456116113501183,0.0313125966622696,-0.3525435499972751,0.3450669707641296
2024-07-16,-0.14487077968391437,0.8089714501488432,1.1130295650522815,-1.3132090988028255,0.22187342159203371,0.10697158254551198
2024-07-18,-0.305597881080355,0.8387867133795135,1.8539404039530138,0.6613877393753853,3.2811028012227794,0.7632129743428306
2024-07-19,-0.4644594116136158,-0.1319619510875225,1.9851509430059755,-1.986862427358238,-0.07315460400996177,-1.0884676251089243
2024-07-22,2.193118118801518,-0.6006606315027918,0.9983557507546648,-3.502887038023872,-0.34978181696470045,-0.08825762723847497
2024-07-23,-1.470272054923072,-1.1602133086018984,1.4385544261362293,-0.851276997821282,0.34983889893267506,-0.12321559717249908
2024-07-24,-0.886676247847229,-0.30568676102581405,-0.16060397330992515,0.5242268948590256,0.09064700190890562,-0.2677831825905974
2024-07-25,0.7823943550437029,-2.052331108163863,-0.49618984940816846,-0.2206367739850834,0.37734462787959444,-0.030312698404566518
2024-07-26,0.09587699364477231,0.7763553474412044,2.9618895381150923,1.1139841643223125,1.5118933224909092,1.756732976027453
2024-07-29,-0.8095648987968107,0.4555915839824287,-0.41513269323745217,0.7339065583135795,-0.1538358437935261,0.00503324972633834
2024-07-30,0.6541853152603805,-0.2679903826789176,0.32333239612791775,-0.45719870763648585,-0.3595193420914189,0.08536433743000504
2024-07-31,0.01237775892657389,0.4506370792352943,-0.4741236205408783,-0.5105232085210853,0.4581676076807595,0.377553501085659
2024-08-01,1.4265820028954046,-0.3951144468366863,-0.8376815011341465,0.6559602753897442,0.26790860151457707,0.23946791656728195
2024-08-02,1.2417571192849586,-1.1197270561260408,-1.6949203631162035,-1.0542560853573302,-2.593746210675363,-1.172293549195469
2024-08-05,-2.615792219306212,-2.001602980519024,-3.8051788259060415,-3.4682180470079538,-2.988516678012043,-2.678645789462286
2024-08-06,-0.9005145163413331,-0.49035356651767614,-0.045662767268961346,0.6028402393128296,0.3886916833615084,-0.26209626510589334
2024-08-07,1.3927088046046254,0.479924152297162,2.315685288158753,0.6026472118986215,0.701237682083411,1.2710162480444431
2024-08-08,1.1826243317269558,-0.6695362142993933,-2.7070029183930644,-1.0718013814954852,-0.6642297686719423,-0.7428747813561065
2024-08-09,0.4565633216899512,0.6010588226952107,1.5833477677016594,1.7372705828472945,1.346909046938416,1.0386864037815746
2024-08-12,0.5999330850315454,0.9641904903886944,1.5050139875346202,-0.9275775864647895,-0.7827383937407784,-0.08412844977941925
2024-08-13,-3.4275015894122407,-0.3794354912067588,0.002767227272237882,0.2053986242250616,0.03099661022722966,-0.8543146999630324
2024-08-14,0.2869285815650713,-0.5734604528247034,1.4353781445091363,-0.12126969292525214,2.3421642854759117,0.019677699987563635
2024-08-16,1.5113815324923063,2.2037554044968433,1.9580299241674703,1.1184437538394487,2.812401596228109,1.6459762490292462
2024-08-19,-0.033697525524356564,-0.9559813904657655,0.3147083779674986,1.031765320610134,1.6745752359806687,0.12835584110202358
2024-08-20,0.37693362618103077,0.3018894437119668,0.39682243989043187,0.5072557760318563,0.7416312047190843,0.5135759339910173
2024-08-21,-0.7266156442994554,-0.39001190061123125,0.02669847639724665,0.1821661683359288,0.6234667208269373,0.28887826964991703
2024-08-22,0.33829649012362406,1.3831623892006206,0.403157970214707,-0.03670710938989963,-1.0875598556294164,0.1667357653657442
2024-08-23,-0.3831359137956514,1.0410515495483663,-0.9652907658707854,0.12349229233368231,-0.8462965565837477,0.046955607782672715
2024-08-26,0.9168837653714901,0.8142930325228726,0.7545342598557436,0.8416767308946804,0.8635863469787619,0.7551387144671073
2024-08-27,-0.13414491055344646,1.0755776296620612,1.2765375715461547,-0.8032478302011592,-0.11769741690180746,0.02858944102370753
2024-08-28,-0.03970162196099691,-0.20385412044174878,2.05252528621509,-0.14329035251872124,0.19788939790574833,0.138300244326528
2024-08-29,0.08858437694554411,-0.15932757055203695,-0.2965368185707362,1.5100440192906905,0.1275990283345685,0.397565940632294
2024-08-30,-0.10070231421133169,0.5974141023067814,0.5353443906287003,-0.742968766443719,0.9297966270817692,0.3337760073577778
2024-09-02,-0.6078578272672663,0.06101545418719656,1.070132039386329,0.43884807416840754,-0.7180801000127746,0.1695950113232314
2024-09-03,0.6392340168691613,1.4431552320012475,-1.1835164427634215,-0.4699072739482779,-0.1924374656704142,0.004550829989491412
2024-09-04,0.2717806042373372,-0.9096747894731583,-0.968447228536784,0.35947909186186955,-0.7335435195250373,-0.3210082017058524
2024-09-05,0.22231686933233963,-0.03234802947924553,0.5565848546690955,-1.4245144871990911,-0.07366174802214687,-0.21270784221717465
2024-09-06,-0.5165797598507216,-2.2492868885859996,-1.6191242080502155,-1.885502353919355,-0.4289691624328129,-1.1650350298901935
2024-09-09,0.5834073973000065,2.2224036183391416,-0.37856952736884386,-0.16214031264586426,-0.16155793738863444,0.3390048695012693
2024-09-10,0.23381970469711355,0.18624467278662848,0.9315720119196014,-0.06324396587149561,1.3102408037579893,0.41986500501236534
2024-09-11,-0.3908149792391957,-0.07678762831900832,-0.11243206946177642,-0.6859303736274303,-0.6322140737059945,-0.4897963449619458
2024-09-12,1.3808620248827896,1.2779679016041934,2.1097806888130677,1.949710400793836,0.8561490341586708,1.887963282727112
2024-09-13,-0.039006813627795456,-0.1437689457095881,-0.3255587234470614,-0.48485996188615266,0.10844703772181497,-0.12761636040355961
2024-09-16,0.3001276878889403,0.9997259774380707,0.3163349711864383,-0.08658534199453838,-0.20673490971704345,0.10746751326089488
2024-09-17,-0.12866060650673639,0.4157273868790279,0.11793524688392676,0.06457687627332565,-0.1683739483032909,0.13709866056039743
2024-09-18,1.5580045676305998,1.596871465840577,-3.093398896488353,-0.6011048005007624,-3.540014235433353,-0.16129951842196455
2024-09-19,0.8083553902282103,0.2833101221360934,0.10834462981323956,0.42536826716885745,-1.1504579575317142,0.15072376499098983
2024-09-20,1.9139563602785792,3.5952014821392098,0.6097645002292928,1.1056847089535138,-0.2618494859378817,1.4760441377741573
2024-09-23,1.0682360381700118,-1.2365074575074853,-0.48800335866024946,0.5013723772059109,-0.3827388571593926,0.5742385099666292
2024-09-24,0.4688053753033605,-0.2496375600832934,0.1133717516298649,-0.2678542792911798,0.06559552145422032,0.0052030021699067674
2024-09-25,0.6249739920195951,0.39815056887591016,-0.17381173981303455,0.30717162285438526,0.08077325767179566,0.24575565157058943
2024-09-26,0.24450650340783753,0.392795368877108,0.26116813058132404,0.267751209611089,0.415232524250686,0.8148714241454025
2024-09-27,-1.7269891971677165,-1.6891813690790847,0.34205940647649147,1.8842459481807738,0.37739630769073607,-0.14152231703233875
2024-09-30,-1.175359606077464,-2.571549308638421,-1.633661835596123,-3.2499608725186313,-0.9329937886001671,-1.4060900852023384
2024-10-01,-0.3377519797501338,0.10997800439911387,1.5328399733734566,-0.7957616967555259,0.4544836955266973,-0.05404401234794243
2024-10-03,-2.5605400197079464,-1.4163653527217712,-0.5749953730596058,-3.949272356471989,-1.286167800564686,-2.119637526098739
2024-10-04,-1.447684234610791,-1.3212899505619657,1.3071715661394423,-1.453472549048096,0.460687646077651,-0.9326695880144675
2024-10-07,-2.4039922408837344,-0.47186255129572086,0.8419551476762654,-1.1395360443265057,0.4844376790299698,-0.8748875168602677
2024-10-08,2.055247431650087,0.21881290305456602,0.736696161860606,1.942397970975418,-0.4587012650277944,0.8767647303469239
2024-10-09,-1.084149934540124,0.6105459542590674,0.21554240629060306,-1.6280789607546198,-0.0070495401024661675,-0.12473907279866303
2024-10-10,1.791004363846227,-0.052235997831195924,-1.728325011423626,-0.25826049780599547,-0.6007546073011905,0.06604768849507447
2024-10-11,-0.6857472707004431,-1.648573363594641,0.8389768157495148,0.07658406340240731,-1.8498380439860962,-0.13680536120755926
2024-10-14,2.2471162046794557,0.7154488301332362,1.2299120395589558,0.03097629900348231,-0.30246051505496974,0.6557345754428789
2024-10-15,-0.2369531953926307,1.9281492100022612,0.02041875552856176,-2.0764648005787145,-0.47986429964358424,-0.2809604904896901
2024-10-16,0.932253089220203,-0.9836697599777455,-2.0007157036096235,0.7477475917652132,-0.5307540059323879,-0.34340754096676696
2024-10-17,-1.5678355359382556,-0.9572394972728882,2.4998650695774227,0.17355593812362624,0.34310989360621935,-0.8868227322834543
2024-10-18,0.5199791244647756,2.7005008920464535,-4.496716696976765,0.21195106263276475,0.5867097930543519,0.4210173941240125
2024-10-21,2.785619781426263,-0.4309890685562312,-1.428496908322674,0.7283123146972992,-1.0477444996783492,-0.293518237799828
2024-10-22,-0.8185269410595719,0.6711300951161014,-0.062074268890788264,-1.8879541745163153,-1.5772703645138275,-1.2469180337869368
2024-10-23,1.2393938644854385,-1.254439104480709,1.177366271740099,-0.3591769067250006,1.263847115209349,-0.1495564743491773
2024-10-24,0.7978984124992206,0.09188725074555926,-0.5364627095370111,0.09525988259191376,-0.4512690770280936,-0.14773427748562273
2024-10-25,-0.3572126587339297,0.2155204425075885,-0.06976385666308538,-0.8919403815719762,0.23840163081663146,-0.8959220549493163
2024-10-28,-0.5277089775018173,2.9790204607939685,0.17723044854256464,0.48951232455207716,0.8206790339209347,0.6548567634608204
2024-10-29,1.017765276378313,3.0165795294581077,-0.2738132219273881,0.4234317022260736,-0.38134162275567096,0.5246658848009123
2024-10-30,-0.9846745445990623,-1.4791375815806695,-2.022517263458712,0.29105164135998507,0.23067145591897376,-0.5149825253829232
2024-10-31,0.06341258456310506,-1.5166031175916972,-2.4887563101359533,-0.8817616322833066,-2.844796935908478,-0.5566773640794054
2024-11-01,0.09218923232954257,-0.034817313737212086,0.204859606575436,0.49547432765637556,0.3968818595753376,0.4090004961616156
2024-11-04,-1.3354149407211025,-1.1302139009703116,0.1590257079407742,-2.726628556460031,-0.5032439847059478,-1.27137736646451
2024-11-05,2.5523628875443682,1.5267813193357904,-0.5358304877485898,0.24190894752966763,0.18162814094808688,0.908305881860727
2024-11-06,-0.14789926451739266,0.4357270338073649,3.9619181075056797,1.5360331365554813,4.23784909567082,1.1181870759630508
2024-11-07,-0.4956575864178192,-1.8159571167762456,-1.1323044695825124,-1.4863940136967457,0.2717649421958068,-1.1628025706147627
2024-11-08,0.45231472677098594,-1.55235739231665,1.491914243114012,-1.67731862886642,-0.0939593687304674,-0.2113709312467793
2024-11-11,0.6754314161092179,0.8301354072035805,1.6475837407829985,-0.8607733532774997,1.2466982468485766,-0.028567088740283353
2024-11-12,-2.7232173690765027,0.10241174329141955,0.4677193181553019,0.12179914460044294,-0.030967389403491197,-1.0680930776533315
2024-11-13,-2.144678590998239,-1.3300882267026415,-0.021402724240426885,-1.7421984911027644,-1.1209295792645069,-1.3582562322921432
2024-11-14,0.6780258410395756,0.25923005536949706,-0.2060599238257299,1.2419639147505102,-0.10722943138083973,-0.11185324376894457
2024-11-18,0.7295762919392823,-0.27844596871149374,-2.847878914048174,-0.5403937924891689,-3.0487947529722503,-0.33527151631265184
2024-11-19,2.178762061545614,-0.34703514846723404,0.7342223637379686,-1.5149758756049403,0.4988309719074602,0.2758581406631766
2024-11-21,-0.06026835116792473,0.1160845358396223,0.5096628283686844,-1.5020367381370248,0.8243424271290323,-0.7168807933116472
2024-11-22,0.2527033282716973,2.1990313533031047,3.7185472082681637,3.4668964185565088,4.216952228024806,2.3869464111237804
2024-11-25,2.2914723027816386,1.791791540151233,-0.6597554825666374,1.7069586263143144,1.6609308925475519,1.3161295867362366
2024-11-26,-0.00279622204341079,0.307465221244807,1.823049414316369,0.6759889878657832,0.871368913972459,-0.11312238174179257
2024-11-27,1.4981407420873616,-0.3256869788899053,0.01819117523800262,-0.19293973968529388,-0.46294589912646567,0.3323085437806128
2024-11-28,-1.0566739396116298,-1.1032536923663683,-3.5255905151943434,-1.732131069906484,-2.0230468746927466,-1.4861029054492936
2024-11-29,0.16173648595572132,1.06892515084136,0.06462835273843837,1.6839707555085237,0.6113225216016538,0.9072001940535257
2024-12-02,0.48160399752954497,0.34997332668735837,1.1814753848985449,1.3117210209329766,0.1357960348957299,0.6006820004948565
2024-12-03,1.1968837870499183,0.28743413641207916,0.6543218562434561,1.080860395911376,0.610302494053494,0.7460011144599932
2024-12-04,1.8507238826706462,0.5846831576474365,-0.1506207856548425,-1.0844222992581254,1.200388381195272,0.04210968146538541
2024-12-05,0.3037438231465073,1.5538937313291035,2.4136494632441607,1.0008081942164404,2.518132781082194,0.9847825562885104
2024-12-06,-0.5306161050417257,-0.5798711613990926,-0.6434564441505919,-0.7942161610169252,-0.4155479432185527,-0.12384293961259507
2024-12-09,0.7624538993577179,-0.4854235693140141,0.06502285418068521,-1.2504334774722237,0.14959030724628342,-0.23827399277279726
2024-12-10,-0.10160865575541411,0.616343733283653,1.2944189305748255,-0.7952826815636138,-0.4402342341939147,-0.03635086213900074
2024-12-11,-0.26764367998716176,-0.22172136524044594,1.313791422860655,-0.5175666490439101,-0.11505171413096482,0.12901233029631864
2024-12-12,-0.20664982713252122,0.13182395974056238,0.6509140217999976,-1.1969914156727657,0.6211327961621604,-0.3778196379659149
2024-12-13,0.6723178043169797,1.1773598992114165,0.6391567587072711,0.7878642465797059,0.4253526314891287,0.8945547808588916
2024-12-16,-0.349942587806662,0.08922065440162275,-0.982645582878594,-0.3574610687712587,-1.3120320700200416,-0.4039468921733236
2024-12-17,-1.712946287032946,-0.9174633199441895,-0.17424700586318176,-1.813443510820112,-1.9636952096144022,-1.3468730047733413
2024-12-18,-1.2300600860076782,-1.4695339635051874,0.12901324743883613,0.6383925574390714,0.44705679434515755,-0.5635699812006956
2024-12-19,-0.9499070103680562,-2.0735856670544783,-1.6648578777170409,-1.819275722362368,-1.746848240309462,-1.0213311567061067
2024-12-20,-1.2266503456425215,0.11655946383417604,-1.2357316049013134,-2.0439499828989516,-2.37833197359979,-1.520556915080562
2024-12-23,1.6652590841607529,0.651971135534124,0.1118458316468729,1.4104307375446101,-0.28774536395929085,0.7035472972972912
2024-12-24,-0.1610315179043198,0.03470471481916704,-0.7924955706672732,0.03681747898482968,0.5098112343055128,-0.10861087115143775
2024-12-26,-0.4087607026814766,0.00769779581983876,-0.0864290341289764,-0.5070584497742225,-0.24882705315560916,0.09503186263191132
2024-12-27,0.41881700104582364,0.7862334610527322,0.4901971674011518,0.3699048513918557,-0.10193705556588162,0.2661079652128029
2024-12-30,-1.13165114397078,-0.9865879182446524,-0.5608448800772936,-0.8476487007721301,-0.1452757223818102,-0.7075847935867907
2024-12-31,-0.2840447680699576,-1.0041317178742237,-1.3641193279194996,0.3923367267915978,-1.5388941406104473,-0.0004212721278373799
2025-01-01,0.5584211515746951,0.15605246026291208,0.13297865982782042,0.4771917014613658,0.43103616600213,0.41488871182535636
2025-01-02,0.617027065903808,0.5414236021687557,4.002662316415817,1.6827100720942623,1.539225089717644,1.8774033191665485
2025-01-03,-2.4836265035988347,-1.979703633174812,-0.9755607124568688,0.7529353861090327,-1.8164326116025142,-0.7602755327609123
2025-01-06,-2.2124410145508033,-0.07509342060827429,-0.04642031425539095,-2.649555953674909,-0.11952080424784128,-1.6192595996625703
2025-01-07,0.169544115365583,1.1984821653049371,-0.36123149878770633,1.8760110007393527,-1.6288184654991378,0.38892874268343647
2025-01-08,-1.1147453960389075,-1.2116536976960357,0.11912245592957671,1.9865530979382928,1.9884335210538007,-0.07993610384197103
2025-01-09,-1.5640620615835488,-0.1068173456763244,-0.8198995973532353,-0.8494666485831082,-1.6928763654835088,-0.6857594959147506
2025-01-10,-0.6625557373826418,-0.9941432316995402,2.58956287062746,-1.024109342998425,5.615456285801357,-0.4037999702463213
2025-01-13,-1.5632938696571452,-1.608189107921132,-0.24148400380634705,-0.16507150421680716,0.5966479603732644,-1.4747275302477436
2025-01-14,0.965738753901646,0.8578994088809022,-1.1288265819444199,-0.08871995398558319,-1.3528165172307038,0.3902874499386977
2025-01-15,-0.21558899538323129,-0.16529567041762006,0.49482703093588487,1.0857618472363662,0.3909738508756755,0.16028803979861728
2025-01-16,0.5477684608542033,0.8762442496032863,-1.087376732774925,1.1380021144143493,-1.018918183849904,0.4247650725383689
2025-01-17,-0.9261302721310316,-1.893372644568403,-5.8596319700087385,2.8346977701285025,-0.14527752987689713,-0.46586517926727744
2025-01-20,0.8859025066953796,0.612031803667179,-0.1184193970448999,0.23803347179069956,-1.127456221174572,0.6100485537167577
2025-01-21,-0.5359542446429111,-2.984718281036014,-0.6948738378760866,-2.4321110451110406,-1.028735095994271,-1.3711845677293555
2025-01-22,1.4399678507978075,0.3594800083256189,3.0960239329291595,0.26694537639297966,2.99193611086892,0.5676490914416465
2025-01-23,-0.06902612620759419,0.10830609922165557,0.48479600277768764,-1.053167108029096,-0.2682558982175731,0.21593282262408753
2025-01-24,-0.9069638391378088,0.6199315151001583,0.5360634113181328,-1.3730040438697966,0.166454554621831,-0.48760476583936674
2025-01-27,-1.2122625867608927,1.5506055762669169,-2.849983965506808,-1.3600401095603454,-2.100033704236981,-1.1391241935562957
2025-01-28,2.491101500232351,1.5432236890422724,0.4253635883327833,0.4107922914950768,-0.6112873665462426,0.5611229817278129
2025-01-29,0.4130706911576132,0.38095234305288717,2.814583559793715,0.08911166028169326,1.4726624544786127,0.8966649288351114
2025-01-30,0.8466020110509342,0.3155716538735698,-1.1322226425144355,1.420481101409754,0.006108989010034094,0.3730087599762788
2025-01-31,0.42861018726545463,-0.22298440670143194,1.0672338256347835,0.96164947627011,0.3012056134977792,1.1135740150325812
2025-02-01,-0.4591637785077429,0.2195022305696348,-1.5134608251837989,-0.03952324898430781,-0.9544325628858097,-0.11166221250199504
2025-02-03,-0.7658378940261223,-0.20310467483590777,0.6454773756250809,-1.4787208604033264,-0.1104790399483968,-0.5157091976693451
2025-02-04,2.5566146449135907,1.2130890298564623,1.9052209202868875,3.1543352097326283,0.9438051859463448,1.6189306820631133
2025-02-05,0.9820523334933551,-0.03942931856922849,-0.09216342430028446,-0.5446621423933262,-0.38835474755907207,-0.1809207062143936
2025-02-06,0.3481341992783049,0.370748520988573,0.9804772944896678,0.26209472919784815,-0.2041079429008663,-0.39226026346081966
2025-02-07,-0.6365173963728266,-1.2181572891040382,-0.6264255643993355,-1.158756678390982,-1.3067054382256083,-0.18387386257991967
2025-02-10,-0.9811064498901345,0.4534820200616574,-1.226591726195314,-1.0302333990412138,0.18736601142224085,-0.7570033692307909
2025-02-11,-0.8363671494921565,-0.7801271205466032,-0.247292639661989,-1.499621389573924,-1.8182023381350554,-1.3249684936046169
2025-02-12,0.317388064103552,-0.075840618845191,-0.6664420799323834,-1.4819609664862288,-0.3380821872614792,-0.11507892904301098
2025-02-13,-0.5331669610529555,-0.23165841042315227,-1.0680816693337536,-0.03700161801112323,-1.01262396330295,-0.06009745771905495
2025-02-14,-0.16787400730168267,0.8967821486656424,0.7134050502398459,0.09457331801288049,0.6317008650626565,-0.4435266153706374
2025-02-17,1.327552455066372,-0.710253729550725,-0.759528692422351,0.6284736081139775,-0.7713127925981889,0.13192755977626813
2025-02-18,0.3319063649391163,-0.6474079884892903,0.5238000981332425,0.040820359558924046,-0.8016545728460112,-0.06184463402948426
2025-02-19,0.24084736932075135,1.4963253253418074,-2.221979708235333,0.16727408352932294,-2.300401115755213,-0.05404326900405598
2025-02-20,-2.3216725677409955,-0.927363263129366,0.7924684088330913,0.4521637495415787,-0.124217002975191,-0.08612081186238907
2025-02-21,0.320070824690033,-1.3600512413462273,-0.5561169629744067,-0.3933493591583903,0.17463498522913845,-0.5117148798882476
2025-02-24,-0.9098889114868336,-1.1841501063063808,-2.804418860452762,-1.1073436404433479,-2.9159997514322855,-1.0640105330068539
2025-02-25,0.3130329248124841,0.4760575802008171,0.20407142769278686,-0.8686382129851511,-1.2528631334162932,-0.025711604818956513
2025-02-27,1.0907348131034889,-0.13887964206850123,-0.19233878706057528,0.25746723497552804,-0.46838857592852445,-0.011087678764998277
2025-02-28,1.863944442320431,-1.5010829513102175,-4.341664619779295,-0.5799020532345489,-3.5791913699077305,-1.8644959666695105
2025-03-03,-1.7807618912381695,0.17439631707285574,1.2383696239158581,-2.4039698599903736,0.2813604502713174,-0.024400049223838316
2025-03-04,0.4966063972997592,0.34820598022020643,-1.1881036626758323,-0.7982883563999676,1.116506764610814,-0.16569416451024388
2025-03-05,-1.1695925787411077,0.43787221059516934,1.3741657119940909,1.1790981021192692,0.4246705982511978,1.1531695069225467
2025-03-06,0.07100231514729494,0.19331360435945744,0.25415687954739585,2.892137856724375,1.5379065521642143,0.9284847776867
2025-03-07,-0.11529596908068651,-0.2873486251211088,-1.7396632474362517,3.323425487731768,0.26654013621749684,0.03460139864501777
2025-03-10,-0.10359876729750805,0.02469648247733769,0.9163727343526551,-0.91214390020945,-0.59674180599113,-0.4088203913091726
2025-03-11,-0.11852244257440914,2.51471263067371,-2.342120334627862,0.7186637014978459,-0.39977153863280934,0.16740474556060647
2025-03-12,1.5218094810931948,-0.11642941686980102,-4.257934382526485,0.7816969840073407,-1.9327034427992218,-0.12179087892316698
2025-03-13,-0.2659094578994048,0.4903733295305912,-0.6914699948270875,-0.7279042194173413,0.13833513884315973,-0.3262089461738671
2025-03-17,0.2226745411427533,1.5159505108839566,0.645642019990933,-0.7252200212939597,-0.3802388411648594,0.4980568336268254
2025-03-18,0.0,0.0,0.0,0.0,0.0,1.446329899483545
2025-03-19,1.970294260296268,3.475158426742553,-0.2201187468687693,0.6699817904729732,-0.017154531938856632,0.32100316461272094
2025-03-20,1.413336494624362,0.6549454531747712,1.8278645179554909,1.7640128350000284,1.8887060606517903,1.2356195589090069
2025-03-21,0.0904595147098064,1.619135405551586,-1.4236630209562784,0.5673147612239138,0.41958421855916583,0.6888551951288902
2025-03-24,1.6748088583559806,1.1205441875285826,0.012561693800083873,2.0174727116697655,1.421133514150541,1.3188177230298859
2025-03-25,1.1916664815102784,-1.0639565901107817,2.241400270743865,-1.2787039143588252,0.7936224211137155,0.04353972876416368
2025-03-26,-0.8180266495797062,-0.5804845021033067,-1.7808415221912344,-0.9646421132837424,-0.6000974241707979,-0.7681079328545448
2025-03-27,1.0406558422902057,0.056142068591014116,0.25634763861051013,0.4045346724523613,0.42357557853052175,0.4474827877002596
2025-03-28,0.1561273795473106,0.8753192761792539,-2.05169510973896,-0.2425308203808707,-1.233860908545692,-0.30773044101545244
2025-04-01,-3.3010604377272323,-2.217522821487816,-2.810943124102727,-1.7645690501992828,-1.534873000678183,-1.5036571865236992
2025-04-02,1.6432431386467439,0.970838800583862,1.549301721982821,-0.11575237916060521,-0.19290974236606528,0.7193842458686373
2025-04-03,-0.11407812535323414,-0.12769736693135636,-3.460960068585206,-0.1958242079422967,-3.9729667285326897,-0.35251486188494496
2025-04-04,1.250798982403678,0.4324813426934915,-2.9969845765862924,-3.5236663910407695,-3.0486437865783755,-1.4866619775066536
2025-04-07,-3.2795994237422077,-3.5759780131903063,-3.781908152850433,-3.2373152212439305,-0.768333644227448,-3.2432546283055363
2025-04-08,0.6514290898725017,0.9591839330115759,2.2946167434048537,1.4154618272830488,0.5772842004546641,1.6887318902814252
2025-04-09,-0.2345785303134007,0.06923435959553803,-1.756737653854179,0.26645384242292014,-1.407556055697523,-0.6065856008070525
2025-04-11,2.3654381134639912,0.8340997406485195,0.4096406702512434,2.834600587270697,-0.4651167953433788,1.9170387409190415
2025-04-15,3.2184833289560677,2.9390404668372394,1.1742217815352785,1.735106601006997,0.5167880853414797,2.190239778210845
2025-04-16,0.7024491948179223,0.45919916092633795,-0.904635045770219,-0.06450607873236258,0.7881394346285209,0.4657316201027051
2025-04-17,1.5282182622484042,3.7083360579238,0.4529120159982192,2.8403081361119353,0.7666914470081387,1.7683476937954135
2025-04-21,1.0699099284976477,0.2203909611486754,2.2190900249224876,1.6477043342625786,0.6881125874166338,1.1483498464016417
2025-04-22,1.7954519750174036,0.47523766282675517,-1.9434897579677313,-0.33192768965972785,-0.21676032930273426,0.17284255654137493
2025-04-23,-1.9269017622261853,0.5577094015597028,3.6617936006624774,0.6815426227561927,2.9748892972064622,0.6690840652122221
2025-04-24,-0.3690434913577345,-1.5234529242412864,-0.2373041041909385,0.12307715038371025,-0.3340097444837098,-0.33807460922566923
2025-04-25,-0.2921540877098727,0.14971342732850168,0.598066072102843,-0.09219202768825374,1.3640731637384995,-0.855166336268387
2025-04-28,0.47090749041072133,1.708432631034995,0.1283592372284703,5.259917776237399,-0.13052467874983265,1.2028211882747275
2025-04-29,-0.5936875407880238,0.06998608439447995,1.039072652608608,2.25744751242265,0.842156235713154,0.03061930965739812
2025-04-30,0.8487005611003795,-0.1958257219614845,0.17362433007710454,0.37865383223170124,-0.5413946048081097,-0.007191007773188485
2025-05-02,-0.16104005388690723,0.21722965213872847,0.45329944871876915,1.0533849468939094,-0.6572629429641985,0.05136803511647248
2025-05-05,0.7752782600063401,-0.048939656674684695,0.11281773978861764,0.8099785134819015,0.6791144983142816,0.4700890697612925
2025-05-06,-0.2633254447821476,0.15390301749369506,0.19222940402585653,-0.7266177649733696,0.16500440175677422,-0.3333889859949313
2025-05-07,0.7195787492521699,0.265446045799278,-0.21171351174287256,-1.04863361608325,-0.4306347706052427,0.14274549954715887
2025-05-08,-0.8789053031022953,0.006965564272487512,0.20553100859599382,0.07112498232164643,0.11029669976614365,-0.5758880297096702
2025-05-09,-2.0119329905647354,-3.246254001571891,-0.25141900003474715,-2.1179777793082,-0.2493457928858911,-1.09501096942064
2025-05-12,3.5719992697723413,4.291163251478736,7.913240517681541,4.305835110795075,5.235000040777371,3.8183073090219954
2025-05-13,-1.7678330000462705,-1.235765378426923,-3.583505178723412,-1.4479664614505894,-2.9112777289091674,-1.389583907654357
2025-05-14,-0.6241493206634363,-0.30756520217534167,1.5172806937768124,0.6145354061017017,0.9587450582935642,0.36027960647213586
2025-05-15,1.2142736728829595,1.7248694534003794,1.29364571622832,2.092113971943621,0.8791868145769488,1.6021438141461841
2025-05-16,0.04653975673025723,0.2205662368634842,-1.4321148672298833,0.15128514905287105,-0.5195510593356878,-0.16877607536591732
2025-05-19,0.20675075505791618,-0.3438741372539522,-1.8932014057657875,-1.0711341598050206,-1.193394272502557,-0.29717088137536374
2025-05-20,-1.2276239952846102,-0.745348601980178,0.05127707409344762,-1.1243742082533759,-0.5825803643058514,-1.0484831354666824
2025-05-21,0.6214442398286169,0.4519578601629437,0.5062219237552013,0.3228928433082867,0.7860961311650039,0.524831270888626
2025-05-22,-0.3581097491763163,-0.17997319120717226,-1.338858124655562,-1.3853833322909237,-1.384086278488228,-0.8211272774042211
2025-05-23,0.7135792229040261,0.5339512313703443,1.1179282731006879,1.2345734016484755,1.081402576343149,0.9892488718005854
2025-05-26,0.3413311811998554,0.7449202090612506,1.0033259296142294,0.5606876125006099,0.6458739780027756,0.5954979456279652
2025-05-27,-0.716419775757926,-0.9721977929487924,-0.6580176684588546,-0.8851440092437768,-1.0912387483445918,-0.6997724870316469
2025-05-28,-0.1453598927219968,0.5116174836402809,0.10827657468199803,-0.6469296318463824,-0.02857535941754863,-0.29706520659956714
2025-05-29,0.20795460868408,0.18571552784039103,0.8779705559551543,0.3468121654575773,0.011436354625904421,0.3278479228775888
2025-05-30,0.9027269201477672,-0.7346289193481237,-0.05756090600607111,0.21864194149390226,-0.9919719201165633,-0.333823496911434
2025-06-02,-0.658132635298192,0.32507805416828184,-0.5695232309131937,-0.5067263552035794,-0.39267950566752585,-0.13777230725331435
2025-06-03,-0.3881768848261413,-0.8686698420884098,-0.6950710778507507,-0.5800273178426574,-1.2928365715431767,-0.7043833380258491
2025-06-04,0.8625134369516951,-0.47986595535537413,0.5314308611814145,1.2806787396711927,0.1688879414674993,0.3165904807986175
2025-06-05,0.4327195311416787,1.6631704306069972,0.1998493314153027,1.3277120171936607,-0.2898598409566744,0.5308696762106768
2025-06-06,1.492620501066666,0.33681236345242116,0.6112073665204276,0.07626139236709406,0.38860736941737084,1.018752395450262
2025-06-09,0.010106074373594787,-1.7058156565025628,0.5819158641383382,0.3671643535153146,1.1139861919722271,0.4005448710087123
2025-06-10,-0.687245300228756,-0.8293956973374428,1.4686236400958341,-0.7109403277025583,1.1981721644962473,0.00418584595869298
2025-06-11,-0.7581576144112478,0.5692631548112947,2.1992470808734677,0.7229809741173154,0.2598907344908197,0.14798446727146697
2025-06-12,-0.3588965038381242,-0.40531430192725093,-1.3794403336317873,-0.5038255784043266,-1.085861809253319,-1.0071084662786611
2025-06-13,-1.327577260643853,-0.6385073422077503,-0.4102943549498028,-0.95033733687242,0.3348702665604275,-0.6814458847919758
2025-06-16,0.9282435811056589,0.762665206679447,1.36080467116233,0.6933309097606699,1.468507121546847,0.921979376770854
2025-06-17,-0.29967853941785805,-0.25931330137790587,0.9915008420867677,-0.4590408089462872,0.5434217457872315,-0.37319707924959866
2025-06-18,0.2228485640016764,-0.7448012091143763,-0.426854715511904,-0.07685818469123085,-1.8177667957008259,-0.16637405234334324
2025-06-19,0.07238781660565685,-0.09201389956100536,-0.8879911401724061,0.22376959867316248,-0.7938834170525877,-0.07577278241026608
2025-06-20,1.5191485224747447,1.119528533703118,0.2780514600576822,2.2953917524542122,0.34170978587437784,1.287247095983779
2025-06-23,-0.8296485775162177,-0.4905035508462108,-2.3969441801684144,-0.6411090241396078,-1.225365954508606,-0.559484548726974
2025-06-24,0.6415555606764212,0.2816680935695315,-0.15152157074030947,-0.411860249971141,-0.09430862769067572,0.29012296868362597
2025-06-25,0.9842427771912687,0.11937161610562352,2.105467097223035,1.137306138106009,1.6045493889211837,0.8001820520425307
2025-06-26,2.100801401635133,0.9328056294600096,0.06811300627538319,1.9082660818315889,-0.08709282677733521,1.2052010814129765
2025-06-27,0.7550723257445657,1.6051671251746003,-0.4950443847486885,1.34420860335005,-0.02032627752545091,0.3475704773181043
2025-06-30,-0.6650472504652782,-1.1215846680451613,-0.38557206878608863,-0.9766436377643628,0.6073617289301003,-0.4709842354665206
2025-07-01,0.5296008397041696,-0.9544963653943195,0.3121574451673048,1.8525947099128137,-0.9330021200372851,0.09699396772837598
2025-07-02,-1.2971503743565704,-0.29329163706924843,0.23026302309974156,-0.6281089763032099,-0.1866021806507634,-0.34610085397696055
2025-07-03,0.05538408190579602,-0.13307624546881058,0.5091572833707092,-0.0658344818495471,-0.6572576524975005,-0.188971251922454
2025-07-04,0.11071937040580959,1.1852234252771598,1.3591090485032042,0.6259085481400639,0.5586819343653016,0.21924250859925998
2025-07-07,-0.09551381479699916,-0.49211309599296316,-0.8349950399619943,0.9297338276263556,-0.2368525462152271,0.0011813410706551508
2025-07-08,0.7044384340888499,0.43881666817295883,0.7191015713069682,-0.2530062867381666,-0.16121806010207518,0.24036171315751087
2025-07-09,0.48965508153810955,-0.7004052591730869,-0.30511289532565433,-1.209672737504952,-0.6576135998393462,-0.181801902732881
2025-07-10,-0.2486106189528603,-0.5447373060457839,-1.0956668123773494,-0.1185043006442732,-0.05319470188309694,-0.4743646446198069
2025-07-11,-1.121523641621136,-0.15448450172454997,-1.2934888519740784,-1.450032197239437,-3.4299158148469844,-0.8100901810276007
2025-07-14,-0.03528072128694548,0.07736612489150918,-1.5424124114500226,-0.7691329035668826,-1.3257906286203491,-0.2685854157148504
2025-07-15,0.6303589038414659,0.5481356040654362,0.974336078173299,0.11458537942672375,0.9184971440111989,0.4525103218794291
2025-07-16,0.040090406953474655,-0.3075221904527359,1.4064150291884792,0.013461303022643811,-0.25299685562171215,0.06449487413033861
2025-07-17,-0.47087194874023686,-0.5398195632759561,-1.517507193553136,-0.6192692010126066,-0.7392325125458621,-0.3990217351728331
2025-07-18,-1.484725469288306,0.5004553369734044,0.16417953174130417,-0.027095061635218354,-0.6013889127689298,-0.5696558047242783
2025-07-21,2.2018982052014247,2.8054467531247296,-0.11347276310409438,-3.211388916092317,-0.9937704512935408,0.48981443028652816
2025-07-22,0.32991454681567944,0.5321305626571071,-0.8458025565570737,-1.1059745551301958,0.04433841441739972,-0.11876443882732346
2025-07-23,0.856965313813407,1.01790944487532,0.2291656053789337,0.8352212772528844,0.6171711832587023,0.6344544590244583
2025-07-24,-0.4989442785946707,-0.3493146289979987,-1.3972705346624426,-1.5232314313711859,-0.9782783181419341,-0.6256994627491075
2025-07-25,-0.22894633978292056,-0.4247060917104917,-2.3703702374586855,-0.7983564911071106,-0.38754414585727703,-0.8981674037030651
2025-07-28,0.1945526375720652,0.7650223202194661,0.01979054105702982,-0.294607045514228,-1.801766225375212,-0.6284962329387578
2025-07-29,0.6522271262082935,-0.14781898242098856,-0.1517197325189068,2.125974232938521,-0.7566666107903908,0.5680474234370125
2025-07-30,0.2077587109102108,-0.2556773910890042,0.3501506411481614,-0.49396641223018456,-0.07852922205647817,0.1367835124523431
2025-07-31,-0.37516518796359977,-0.0674555532673371,-0.6583292960204434,-1.4112474038723288,-0.5501782077435458,-0.34882717656889994
2025-08-01,-0.2972929019413595,-0.661545817587128,-2.6110111456710716,0.2517666933043783,-1.1130083722217021,-0.8195943742782208
2025-08-04,-1.0038762947834123,-0.5708070485882732,0.7417015227782597,1.2771749405182442,2.3776079653033744,0.6407415043054421
2025-08-05,-0.7228948535774382,-1.2848578075037143,-1.3644025975914187,-1.4027645661354837,-0.34152365386060923,-0.29608040671041946
2025-08-06,0.38936654662875547,-0.05537730080317216,-1.61610684064869,0.07903961995867625,-1.0313685420270557,-0.3056914228121266
2025-08-07,0.508739190862606,-0.22859230722696022,0.013916239572964173,-0.2441008878437123,0.48478652311578774,0.08932609229541644
2025-08-08,-1.0774760784228898,-0.305493807010937,-0.9603953459784043,-1.554635100336188,-0.3478827321332978,-0.9466912735407229
2025-08-11,1.099339634295271,0.04874196992892266,0.3583666198091917,1.345223906930193,0.14490794777888283,0.9101804471857822
2025-08-12,-1.287827459922819,-0.25251962674345263,-0.28706502498464515,-0.4184030550368867,-0.1775948813071193,-0.39719417907191357
2025-08-13,0.5279416637375078,-0.08438630088650756,0.17554986255381433,0.159364347911084,0.026362436167226555,0.5388453516712133
2025-08-14,0.5453712621415141,0.45749006445219287,1.479032308598871,-0.2396234915443829,-0.4577999389812293,0.048543816407109475
2025-08-18,0.6277942058509955,0.5114495053901047,-0.8219915651863086,0.5750387752597064,-0.3672748006191884,0.9973019276634965
2025-08-19,-0.6238775388107243,0.11850014681662469,0.2925300467010894,2.77918481328272,0.1660492596477825,0.41685646806257637
2025-08-20,-0.1456464608844854,-0.3968527410984968,3.902767715754085,-0.49996036241362063,2.7319156161141667,0.27981813736617234
2025-08-21,0.15088937729046403,1.0764703351546778,0.013371289742147852,0.8351050852788644,0.12908264908451095,0.13252889742787488
2025-08-22,-1.3358792659587615,-0.6638941201889681,-0.5947651460804226,-1.0948986783200665,-1.5664183765552453,-0.8517482060098724
2025-08-25,-0.025448220923651732,-0.22278561375354,2.9983180470175563,0.2412750251587381,2.835622326994569,0.39264173509054867
2025-08-26,-0.8808058620231485,-1.158244350649218,-0.16317510455677864,-1.9609227068779322,0.5285654811861384,-1.0241179872034878
2025-08-28,-1.6026371585568855,-1.2353565256034371,-1.928603316799038,0.07221359781603987,-2.011291472200183,-0.8544430103923584
2025-08-29,-0.6473164848890711,-0.09291187124245148,-2.0332040675054452,-2.070862138199292,-0.29090011859400633,-0.30223697933294824
2025-09-01,-0.10508991029281045,0.9443376246108581,2.0277718470835593,-0.24314600515965568,0.9044600730373498,0.8114070174605414
2025-09-02,-0.6416915096540965,-1.1906445480868166,-0.04669118749226486,0.9306434069823899,-0.03534827774972493,-0.18457290617897026
2025-09-03,1.053464810604532,0.2008334242761034,-1.3078034279179307,0.4463939560155561,-0.4499407602787775,0.5510715147017065
2025-09-04,0.7124489331857609,0.6084477752664519,-1.0884906516930082,-0.9689625876550978,-0.05812013859518572,0.07788776228048189
2025-09-05,0.22367054380347806,-0.19209816423766402,-1.2577025267862307,1.1550109855192225,-1.531148826111839,0.027084730671167456
2025-09-08,0.26987552237063284,-0.007134290603616478,-0.8098978634648923,0.25454506535760313,-0.9611806569691628,0.12994782193525012
2025-09-09,-0.08798649970191974,0.07128656497046304,4.982898341051589,-0.1668579358936717,1.0069532032701334,0.3852930178235292
2025-09-10,0.07770767501502629,0.014250664541370917,1.881268816286541,0.05813609478000359,1.9872753804461185,0.42020862308871365
2025-09-11,0.19670059198386713,-0.1638286018223134,-1.4941959712930664,0.4575245705825681,0.45659229500809584,0.12974116602184615
2025-09-12,-0.051658995496028925,1.1486820825514554,1.0531931659025773,0.8458009292861446,0.29446548938527606,0.4339045410009845
2025-09-15,-0.025849262112609406,0.11992144281534056,-1.1274218783652867,0.30823948774383325,-0.6861481464229602,-0.17838966811339896
2025-09-16,-0.020678340679602947,0.154988713862525,0.19226518761930045,0.4287876866437168,1.0861642830015006,0.6777256391098607
2025-09-17,-0.036199393523794754,-0.16882009852803304,0.7344655915148657,0.6048571305152572,0.861483067479818,0.3611475529465391
2025-09-18,1.0760524816156192,0.1761487574001075,1.195472450113444,0.08486758999204369,0.12291429578932256,0.36853015416349333
2025-09-19,-1.0236508275741407,-1.3715928375991449,-0.025963640219062167,-0.5370967430211482,-0.23608161825168228,-0.37976065391384095
2025-09-22,-0.2792426048868313,-0.049917512320474255,-2.64251730701186,-1.193697408733907,-3.0102274270853213,-0.49236357186648316
2025-09-23,-0.7259905344918827,-0.51373259063201,-0.13337641009982804,-0.05751644315916682,-0.37088267412744846,-0.13034343973540308
2025-09-24,-0.6424978193304343,-0.8319695104019198,-0.19365619738304085,-0.4892858315176718,-0.8816697630489201,-0.447365300760838
2025-09-25,-0.12618342628776258,-0.4990125425744507,-0.6556912622336375,-0.7664448009885971,-2.569671554370112,-0.6626948212322681
2025-09-26,-0.5053387398649578,-1.1775061800240016,-2.4178323482282993,0.37889514205171615,-1.9713194929929734,-0.9487437927231501
2025-09-29,0.5555229482790303,-0.8458332616551045,-0.49002836454377086,-0.34843534361621575,-0.10347843849826122,-0.08030448049409777
2025-09-30,0.0736661837417385,-0.007414638066127743,0.0,-0.6410272444172027,-0.2658826539378767,-0.09661407544825362
2025-10-01,1.4984205365028425,1.780412178514612,0.2774281018595781,0.3445729911237372,0.8932218525602886,0.9150390492475902
2025-10-03,-0.010355236683690094,-0.49562772723105164,0.055332113539607874,-0.38722179717254335,-0.4220563465421989,0.23332467769816567
2025-10-06,0.859965793966011,-0.1318458728779226,2.032352523606429,0.8508154209957652,2.9808048616503102,0.7367178791287232
2025-10-07,0.9296849251305472,0.9168261764599617,-1.1856395619015192,0.712726183001311,-0.49190804794477794,0.12222193924698033
2025-10-08,-0.38676704279507756,-0.40700021400815745,2.5025734412872147,-1.2565010212474692,1.7991001292797737,-0.24752925801897474
2025-10-09,-0.16348924815232646,0.43054701759028813,0.9565266367886238,0.7605702038898432,1.1396708259723942,0.5416017571936882
2025-10-10,0.3889109053228923,0.2979360584207891,0.3710290615941192,0.28305316105254885,-1.0908927526179113,0.41120501676790155
2025-10-13,-0.39759426940012554,-0.06521067542991643,-1.4324417147475232,-0.48490284679943985,-0.6967703733458896,-0.22938183927065925
2025-10-14,0.015355572961639474,0.34072322565121826,-0.22099322892892292,0.06545571950453688,-1.5595774147580177,-0.3244479132464395
2025-10-15,0.11257119752032807,1.0331689873028127,-1.0403337988314054,-0.1162886150263942,0.6950640232817218,0.7080820872521931
2025-10-16,1.6457924155284243,1.3515496539897365,-0.19669885323125857,1.7463421964418302,0.030307908043769594,1.0336228211479837
2025-10-17,0.8246599680788558,1.361736847435413,-2.0659148741809408,1.3230393728203227,-0.2861195681668427,0.48679837376106594
2025-10-20,0.039898441231578374,-3.2228811727195716,1.3739492985189727,3.5290716445324666,1.7892050757828626,0.5184813729964155
2025-10-21,0.47360425532414485,-0.5970007587131843,0.7871842773240711,-0.10908202546936474,-0.28189684853908714,0.09847568259027106
2025-10-23,0.10915842847574186,-1.32416506831885,3.8101028516390967,-1.14659946029676,2.2117213767940624,0.08814076368377499
2025-10-24,-1.392744811264468,1.0266168997269176,-0.20280904023657342,0.2209355342217556,-0.3254012636532466,-0.37174505259611745
2025-10-27,0.8243283616533814,-0.007255333966060817,0.13976956201109392,2.2389029988648,0.7084197665820469,0.6625291500029773
2025-10-28,0.059820699978896386,-1.05255548365224,-0.28580523068583163,0.18867452120525652,-0.8752388961779212,-0.1149638146805021
2025-10-29,0.4284793179051949,0.5355470699744957,0.6799131223506949,1.163483310742941,-0.009800526560832523,0.45381040946781415
2025-10-30,-0.9624384416891729,-0.5837700814689262,-1.0990478172126061,-1.0437403705000348,-0.7293366961630965,-0.6757175647810088
2025-10-31,-1.087016654431583,-1.255137010901397,-0.7698438797820617,-0.1410731810844834,0.747865325484498,-0.6018660837397216
2025-11-03,0.5418867341157929,0.08175821802771654,0.21587102122944124,-0.11437600722541408,-1.3472756380385476,0.16036793506921665
2025-11-04,-0.7454795197989084,-0.705581714285719,-1.1847834929373469,-0.7813038184024901,-0.8817283524945041,-0.6431586779760301
2025-11-06,-0.060895376139147306,-1.2341985651076581,-0.08175638856127154,1.5613345081491259,0.6922498348377104,-0.34359080045569534
2025-11-07,-0.23867007140820906,1.71159848480682,0.688631835269149,-1.2098138921255441,-0.6343576055434119,-0.06820322478444663
2025-11-10,0.22396834592501857,0.3723047366240406,2.4850994777016355,0.7645503023053557,1.1163810027504883,0.32185728871263475
2025-11-11,0.7313327082023147,0.76409310334562,1.110013639610563,0.27530023395538894,0.7206176675012665,0.47156471705849246
2025-11-12,-0.22183916416598226,0.04417187699663483,1.3984138460696016,1.211992909292925,2.783063238573047,0.7038409025849734
2025-11-13,-0.28802007299384424,1.986902126669654,-0.6380099214911006,-0.039690971869799085,-0.8333917088250931,0.012944949620363744
2025-11-14,0.2989826603262635,-0.9308000734386312,-2.529511684151775,0.5294826136542197,0.009666000134100905,0.1194026471448284
2025-11-17,0.7023032569990706,0.4369984684746253,0.3194060436778612,-0.03949759893837612,-0.12235076261447597,0.39906690408659795
2025-11-18,-0.41141661334664903,-0.4060941981072319,-1.4062095178724365,0.072443569496361,-0.4867442724559301,-0.39748069020186794
2025-11-19,0.2166326784506456,0.7062755700877554,3.680031238369086,-0.03290652512906167,1.9630076862509505,0.5503640675154298
2025-11-20,1.43274100845443,-0.0072270071477031905,-0.29848784769667125,1.9882826481121718,-0.09212685965956924,0.5354541588221684
2025-11-21,-1.0705245599864077,-0.9761437231621262,0.5532043516112584,-0.1613860485537244,0.18443167855544118,-0.47342428227803435
2025-11-24,0.11021386425635882,-0.0803135022053203,0.19417916159578663,-0.6918402716518335,-0.2983587454748915,-0.4167936312968079
2025-11-25,-0.9357957943524453,-0.7746249668727279,-1.1240338961612806,0.24740929270772316,-0.7003613019774813,-0.2877529180069005
2025-11-26,1.4245319807291823,1.2667508544113248,1.7836172185772492,1.9614227507197768,1.4009858717275225,1.2381783530362567
2025-11-27,0.5578208294847675,1.2509050045779624,0.5456052746726447,-0.41403961681787393,-0.8315086480391476,0.03911422381892571
2025-11-28,-0.18821130851079948,-0.2442093885728691,-0.40220045055175957,0.2622519213936192,0.028688096265372387,-0.04806903583736144
2025-12-01,-0.5458524762346428,0.09360093983852291,0.24998325291267776,-0.08931406081523763,-0.1306742659705762,-0.10380212747401751
2025-12-02,-1.2274202782653676,-1.2301264078151686,-0.19181223691103755,-1.2642863060538412,0.07341045743285424,-0.5484113396941881
2025-12-03,1.081023547315052,1.3474141858950128,1.1338870666792955,-0.48502691452472213,1.4127529005347528,-0.17746951904364927
2025-12-04,-0.32983193993855187,-0.3449614738172402,1.197184689648667,-0.2079562098127874,1.5471738125459211,0.18375278996383138
2025-12-05,0.6117109077992566,0.41826466458532163,1.1642478246658872,0.3256017134998901,0.2787093279878583,0.5865433091659877
2025-12-08,-0.019937400026992513,-0.20825682899053843,-0.3341107568014867,0.1557889183141814,-0.05250147095650082,-0.862653945989178
2025-12-09,-0.5981423099213901,-1.0362728725219372,-0.7325620214527873,-0.8814042063944538,-0.8713122039908594,-0.46570811090926867
2025-12-10,-0.7321218272822949,-0.8435157562706408,-0.8880512717761135,0.4903945359473916,-0.5953347755306981,-0.31598875909956137
2025-12-11,1.0608204874447358,-0.26400116130178564,0.8329126564652345,0.5270284298839245,0.0846686511916106,0.54565875164998
2025-12-12,0.11996455584211141,0.44117567193278084,0.012510205026106114,0.7443411420030577,0.8960109792794047,0.5729990019651465
2025-12-15,-0.5391967575958834,-0.05856685051376376,0.5381134286299716,-0.019279610688960336,0.30119655029656744,-0.07543469807149705
2025-12-16,-0.1807024642456856,0.05860117137421739,-0.8650738716598161,-0.8931955777110256,-0.7770420312449677,-0.6424068837574293
2025-12-17,-1.0359015914392256,-0.9956094237207558,0.5712833950994423,0.13616007284771303,0.39624279126535544,-0.1606677033445636
2025-12-18,-0.43699227745961355,0.3253524112569517,1.5480693681181323,0.0,1.9578615003923439,-0.011619552256891819
2025-12-19,0.5920174882679152,-0.19900226683305933,0.7314899368866756,1.3403186310904314,0.03657729205728266,0.5843362036054733
2025-12-22,0.2232410988758149,1.0634405240484757,3.106121656564742,0.658110679344337,1.3071311218222137,0.7933329106115661
2025-12-23,0.9010763931792232,-0.40190590472455323,-1.2606480409848464,-0.2983431547231463,-0.44813081616327244,0.018148889399149937
2025-12-24,0.06020808426916435,-0.23476497762444648,-0.2937153174881635,-0.7958179116025921,0.27189812767149935,-0.13389838361685946
2025-12-26,-0.5114327770677218,-0.6912867917709731,-0.4388606103427617,0.06417426942348925,-1.1750455999179898,-0.3817552133005053
2025-12-29,-0.04031869971536928,-0.5257614543818345,-0.6883662704066817,-0.8722386443924313,-0.8689089886921075,-0.3847631310177624
2025-12-30,-0.08066366810288716,-0.059565712802722715,-1.404511464283975,-0.37525936694431383,-0.1445500696961477,-0.012527898855285713
2025-12-31,0.030274077769254504,0.029800607345542574,-0.3823337710604058,1.9872749161595316,-1.250463662079171,0.7353834224439026
2026-01-01,-0.005045195815567283,-0.36487993291453025,0.8914186384206824,0.33111527772029525,0.6612184196796766,0.06487344669803274
2026-01-02,1.0543238508079034,1.3004469576272104,0.6503869946475227,1.0599232824698213,0.7219385196045147,0.6960765170238581
2026-01-05,-2.406144154441614,1.1878358805123668,-2.0726690484366816,-0.8917991859113128,-1.064375802690809,-0.2972058760474017
2026-01-06,-1.5652197094406572,2.894636221659752,0.3610541318017191,-4.467397667305939,1.2344133767710597,-0.27276473171363724
2026-01-07,-1.3666586966833316,1.169217848406423,1.6623294968570956,-0.22552717026890212,1.2224348743963276,-0.1449622016468255
2026-01-08,-0.2476163429401379,0.5113235185452369,-1.568028785226816,-2.2337423385908717,-2.782494995802931,-1.0095364158449915
2026-01-09,-0.8133504186030871,-2.139373594650673,0.049581709404811214,0.3196041265173921,0.12172748177980974,-0.7479613285493514
2026-01-12,-0.21831917297068237,0.6266385643852956,-1.1275601044485883,0.5354763693142806,0.9913288831319145,0.41641539637333747
2026-01-13,0.04269190647672172,1.69132575415063,0.19424539138996888,-2.0496171220296455,0.8766560903658016,-0.2246942885392733
2026-01-14,-1.2695339519595006,-1.294368582628791,0.05003292501839507,0.4129973889475558,-2.3102864373790943,-0.259211846006413
2026-01-15,0.0,0.0,0.0,0.0,0.0,0.0
2026-01-16,0.6105106955523132,-0.5358088376260062,5.625706074194747,-0.06169565104086061,2.2707640360314585,0.11201764399650926
2026-01-19,-0.3436744182823248,-2.140636813515462,-0.5089435612882887,-3.038622238226951,-1.3440520237555598,-0.4236324757381116
2026-01-20,0.3556383560383569,-0.34766717394878466,-1.326424579894958,-1.3865288327362557,-1.9376657928196983,-1.3796877137441155
2026-01-21,-1.1651693421642073,-1.9479646810778295,-0.27126271391266776,0.7604056306050433,0.6543522779421718,-0.29723570791637677
2026-01-22,-0.1792745464997081,-0.2594487025329162,0.5500467292467226,-0.14950853130218933,0.8902767314289628,0.526285960946038
2026-01-23,-0.28301326122368575,-0.15607232409247107,0.43883422359667357,-1.1693449417618407,0.38407873898465006,-0.9539381186706164
2026-01-27,1.1243416433832643,1.33988140890835,0.7122263951240937,-0.404010662257559,-0.14229047381563165,0.5060152863462841
2026-01-28,0.6800464932957384,0.4627576314816917,-0.9627351196617062,1.1734823320726173,1.333130274311678,0.6647346488174222
2026-01-29,0.30020507261359075,1.1625366960408945,-0.4200390561712175,-0.40810047706111297,-1.7405808436043002,0.30048195489833507
2026-01-30,-0.6680924664804744,-2.067075663530016,-1.1147938072588515,0.31631999215702145,-0.6519452009009163,-0.3865234077404689
2026-02-02,-0.12376212007129128,-0.1623549766056609,-0.7068904011708455,-0.3583159020774884,1.462914998072562,-0.917235522852089
2026-02-03,2.219595265139751,2.7276695526662786,1.6325051076058639,3.3587393461975035,1.7573220706301074,2.547593233021894
2026-02-04,0.46378811875502635,1.3456166433760686,-7.2584549694241325,1.3708276482541581,-7.013301834510221,0.18831648283172964
2026-02-05,-0.35672904482948464,-0.8449319553143098,-1.0157624300343282,-0.9198276446980902,-0.25341201112869527,-0.516756745616076
2026-02-06,-0.9055499806620904,0.6874351667523371,-0.8617275240571987,0.5126800416723531,-1.6680636714816899,0.19849016468285186
2026-02-09,-0.40909513446303336,-0.6969593452346712,-0.6568907452738859,0.7444133077086468,0.22437183793835302,0.6756581098813275
2026-02-10,-0.5174678926825216,0.7304945206078495,0.040082380453587696,-0.2121020056346845,1.2346539613439234,0.26229876069705504
2026-02-11,-0.5684298040796065,-0.02843583727699661,-1.729204792604755,0.699350031779078,-2.506200184900975,0.07209990483325601
2026-02-12,-0.7011091743491349,1.699736852104028,-5.835995501934854,-1.348130215075427,-5.488348159072753,-0.565042923620962
2026-02-13,-1.814034153399624,-1.0769219909464223,-1.2193416726503203,-2.022224400288386,-2.1053793432892043,-1.302348257655217
2026-02-16,2.4228299578640033,-0.21207804987397605,-0.2556360582020245,1.2327398069824858,0.534878315552878,0.8309432803093486
2026-02-17,-0.010796492286002657,-0.29044698365845445,1.8746319078381646,-0.9811374982602317,0.39901524882470785,0.166066292063749
2026-02-18,-0.1080234977414718,0.04972954422077791,-1.2579114746727016,1.2860184532927255,-0.827994796042042,0.3652002197183979
2026-02-19,-0.9841057154273192,-1.3776349086977557,-0.23293707339959724,-2.2063441957186347,-0.6308225011023683,-1.4136684522350174
2026-02-20,-0.4095718973815776,0.4104170755059977,-1.2623239952484822,0.7023806447532088,0.3099527730831664,0.4592550680687868
2026-02-23,1.2885907866915458,0.3513872983457844,-1.8991922391850102,0.6058814721798367,-0.36855253054521864,0.554333479982394
2026-02-24,-1.4183610096832222,-1.0433102537313554,-3.9171447443614005,0.05602723452611258,-3.8336540696323196,-1.1214156627970318
2026-02-25,-0.3185094675492883,1.1337361325356232,1.1446503898235205,-2.120658722132207,2.1603163841764195,0.2275335490801167
2026-02-26,-0.9916273908654127,0.31417822406680784,-0.07750868637663721,0.593495879350936,0.6998089159136356,0.05513894339252978
2026-02-27,-1.2074263837782429,-1.8506621467999862,0.8533052700256505,-0.9169794935556141,-0.3890222027764345,-1.2468368500212268
2026-03-02,-0.9405834929033241,-0.35536264514219873,-0.8614719162860385,-2.5755137390645833,-0.9061943817042617,-1.2429227421638323
2026-03-04,-1.22242200588204,-0.6259077350968423,1.435332764071684,-0.9572822989874274,-0.9833497332849994,-1.5491187895474101
2026-03-05,1.0475984155599027,-0.571266444623697,-0.122374805727965,3.301116723536035,-0.34779042081746203,1.1658274570576665
2026-03-06,-2.358304415097656,-3.2557424262248946,0.19911106764523012,1.1083904066363504,-0.822084259439626,-1.2737318930444053
2026-03-09,-1.9077000370653519,-2.664839264050245,0.5044328747412452,1.3667380231682458,-1.1807956184319623,-1.7275692308183932
2026-03-10,1.0407957360046627,2.6204656074120036,-1.4752888477840398,-1.0674129241834973,-0.5657977922131852,0.9719840791548862
2026-03-11,-1.8247092896708117,-1.318699899664444,-1.4896500050198491,-1.320281777802923,-1.9179507853614663,-1.6270567743087438
2026-03-12,-0.14389417316761355,-2.1705568913144013,-0.822689638345464,0.14386776973818183,-0.9128231300207679,-0.9540396930332928
2026-03-13,-1.8913204329647049,-0.9237948915631566,-1.3825298412313392,-0.8260270305528894,-1.306087680065715,-2.064586811222946
2026-03-16,2.8886147550208685,1.4424547993713954,0.12016614257990277,1.0429502180503425,-0.05393155904525049,1.1131271353117311
2026-03-17,0.565066828635219,1.2412549507167192,-1.3522223163531466,0.17919207711702967,-0.7263776234175845,0.7362598835607637
2026-03-18,-0.2720760703261216,0.04656706187058379,2.7739457555591374,0.7512956232144763,2.052931321192042,0.8339304375208911
2026-03-19,-5.319965062766618,-3.0404210643703133,-3.65400480422573,-1.6547107763784985,-3.474276110078034,-3.2620779262169552
2026-03-20,-2.2237509259669497,-0.3759648377359204,2.87515526408455,2.13749079885428,1.4685991154442357,0.4884308965338757
2026-03-23,-4.651157983808685,-1.8227097392761182,0.07166536830904846,-0.4666257826481779,-0.284454234206033,-2.6037751600726855
2026-03-24,2.788411063597618,2.3309054075455027,1.7106994976597623,0.28412958929566745,0.6292524089351659,1.7756683156527453
2026-03-25,2.2748052841367272,0.67934909600329,0.06257542660850213,0.09207592824262978,-0.8921209963800081,1.719805962740728
2026-03-27,-3.3363172606009073,-2.0560351116284292,-0.7348940821984673,-4.599812997457741,0.521581510323732,-2.088905112938999
2026-03-30,-3.2597232129509712,-2.2613058056771163,-1.5042917885841112,-0.3115491227037581,-1.293002566994217,-2.139385559374285
2026-04-01,1.4626523965534544,0.5638849641598886,2.007036954932917,1.882573816032962,2.089957456189162,1.5583438293735208
2026-04-02,1.1653777095683715,0.25563915574924323,1.9675573244817945,-1.3657577915861752,1.7648073759990668,0.14858954897207788
2026-04-06,2.6767855041769595,1.2830972695986542,0.4151212709408547,-3.3913380569266627,0.9466713706658192,1.123362266767347
2026-04-07,0.1296982521919121,1.145032597255935,2.5417269563083655,-0.007660557771316245,2.663818437456622,0.6765878576948658
2026-04-08,5.712439300525385,5.114413288136577,0.5076835023299475,3.3113629251547483,0.76383117206269,3.7783792956159967
2026-04-09,-2.2546206951919445,-2.131062531822081,-1.0845353978939598,-1.3206752133664734,1.164434069895015,-0.9261439434677166
2026-04-10,1.5795366089045526,3.168649951098401,-2.9363102339199365,1.518798703502089,-2.499042104815019,1.1587753764504383
2026-04-13,-1.9252139613693764,2.2089358320372066,-1.2146981076221142,-2.599616182950437,-2.04808278200983,-0.8646321593950623
2026-04-15,1.912672339401622,-0.22203635674509226,2.232144514134693,2.205158901526394,3.328474442421636,1.6300637062472756
2026-04-16,-1.7841722804849969,-0.1928627716684117,1.064880248265676,-0.059515380752450664,0.8610836189215432,-0.1425873978533332
2026-04-17,0.5594352903883548,0.09662229994376048,-0.03789946762072782,1.6154221932395352,0.17850739316833675,0.6480241406387144
2026-04-20,-0.5563230230687499,0.6979411831912863,-0.4625790714864464,-0.12453936740434157,-0.07358694275600985,0.04639499277327985
2026-04-21,2.0491541469136454,2.374288720000073,0.0457099401685257,-0.733514411354752,1.1978571828847429,0.8690798564113589
2026-04-22,-1.4598051977781523,-1.498135244099319,-3.3962799554866474,0.6502548387833373,-2.7580911584488055,-0.8076788618238351
2026-04-23,-1.9440008128864261,-1.4331596895618803,-2.2071616407382866,-1.3728767947403075,-0.6578677186015902,-0.8411190019346093
2026-04-24,0.06374932238164543,-1.6172141212207891,-6.932132872095876,-1.1612322406057696,-4.952819973363032,-1.1380506539678703
2026-04-27,0.6306917078756191,-0.9123856385237494,1.3597868773237654,2.861873765675349,2.115234019795831,0.8149234824183171
2026-04-28,-0.9179512571661053,-1.6817531622625004,-1.555162902773255,1.6913139279922884,-0.1184876037325644,-0.4026115924964935
2026-04-29,-0.4536462160496746,-0.8513964114992723,1.3366931887263345,2.6279801764230504,1.2271440290016145,0.7582657634449097
2026-04-30,-0.9370971627915337,-1.3739184115041936,1.224846529662038,0.3788478427852793,-0.032323788850752155,-0.7449012061355398
2026-05-01,0.0,0.0,0.0,0.0,0.0,0.0
2026-05-04,0.9978036340457797,0.5857209544462894,-1.1338667231728716,2.2574711776720546,-1.7219717952895564,0.5073434414612388
2026-05-05,-0.9109672141757286,-1.5344708889922787,0.8301918773358175,0.03417276634201105,-0.1645141470295597,-0.35863394542201554
2026-05-06,3.1399749089936924,2.25365505835049,-0.9252240255914868,-1.7559404857963812,0.3336911402203935,1.240589643353629
2026-05-07,-0.06277293256695682,-0.039080099483967956,-0.38553611830102197,-0.11823388612344221,-1.3960774730437886,-0.017668148029703623
2026-05-08,-1.9094287675940236,-1.1102336627374032,1.419110741372065,-0.06962564559982454,-0.2915051654487355,-0.6186630612244115
2026-05-11,-2.2027220345781418,0.12649613776545277,-0.18656012010918044,-3.27480499097329,-0.06263836579122328,-1.4903149402549887
2026-05-12,-1.7285402840883424,-2.060953073787042,-3.1180925722075647,-1.7432646312707356,-3.8697715313190106,-1.8319683541890175
2026-05-13,-0.11326692143731609,-0.37894532492172006,-1.5083864686515902,-0.381228544543466,-1.1955056481173676,0.14135784059419176
2026-05-14,2.6614222277917543,0.841690813820084,-2.5019987652072695,0.22078400297471656,-1.1791545814260118,1.1831236369372666
2026-05-15,-0.26639166161285255,-0.12038254876876042,2.1917849407550483,-1.8651769193507861,0.8014244295923012,-0.19459851637491088
2026-05-18,0.149836804397685,0.5303315207532133,2.1000848686875795,-0.03741258009706261,0.8480452056328636,0.027276920718177777
2026-05-19,-0.8066086243387116,-0.8232735553478587,4.761492564390868,-0.9881095096107906,1.9227567093740072,-0.1350921241076941
2026-05-20,-0.3869072903534665,-0.28207309038392747,-0.26736616713510797,2.7973085446836077,0.012883557127674194,0.173596409518173
2026-05-21,-0.04608213615903134,0.44451298224843505,-1.0471636857328326,-0.7428072844503308,-0.008595058568272584,-0.018178203854768427
2026-05-22,1.0077033756975995,1.7299689062019619,-0.567221394352746,0.36307001155833074,-0.42540644009113615,0.2731024474358801
2026-05-25,2.614759326580973,2.1751199545107625,-0.5108460549326788,0.9228523034322533,0.9578876866111585,1.317064277657587
2026-05-26,-1.010353495589067,-0.983137247465371,-0.06847677595628321,-0.782727074955647,-1.3863695533430809,-0.4910181295375682
2026-05-27,-2.5998210590779114,-0.5003470863179094,-0.66796722140674,-0.4276436694568342,0.35147038427931765,-0.027385257567613674
2026-05-28,0.0,0.0,0.0,0.0,0.0,0.0
2026-05-29,-1.858566838678044,-1.280738948641702,0.08620911182357638,-2.1695675384946322,-1.107611941196751,-1.5033175629577955
2026-06-01,-0.24847023765377507,-1.3291974905118242,3.583427000602346,-0.09082506285353897,1.7043686155183702,-0.7013425513053284
2026-06-02,0.7472758041013217,-1.05670686339141,5.679838726070363,-0.4090889791988239,6.507358393714768,0.431736306319519
2026-06-03,0.7216830370820881,1.2555017646492583,-3.7928963126298454,-0.1064961136754583,-8.386122221554515,-0.33193946094914883
2026-06-04,0.07297335723297493,0.780997491923463,-1.7421814617562759,-0.7234252850892964,-0.03122011517167067,0.046788683297016576
2026-06-05,-0.9480276968216628,0.8308744426129167,-0.3163214606722198,-0.5162943225685335,-1.8786335800248022,-0.21289028843615165
2026-06-08,-1.1244112901075853,-0.9428746880817962,-0.826732718636769,-2.1456197654434517,-2.160170492476765,-1.0429338627102713
2026-06-09,-0.04062111669768109,1.9836810056854892,-0.6146752535401534,0.46702304406802675,-0.01858723122253325,0.5150698844224255
2026-06-10,1.1512144817837466,1.4353007261128425,-0.865576004272095,-0.819406141179535,0.13481386260374428,-0.11681556778996294
2026-06-11,-0.3012635723958046,1.8325185401073085,-2.680526668413219,0.3336472043979466,-0.8496096254216212,-0.22980713363744965
2026-06-12,3.7402604241833837,1.8071406826400516,0.16149729656855794,2.375296912114022,1.2080851356331301,1.9916620139797336
2026-06-15,0.6343421388081083,-0.9844923925420912,1.6571121099455022,1.0827532869296164,0.027757530025041,0.9778646829145199
2026-06-16,0.9712599233722363,0.5046742733137322,0.7665830456182077,1.66794558746175,1.711383174475789,0.5669932287180934
2026-06-17,0.2802798830629616,0.1873661225739287,1.2329464748994212,0.2934905328449755,1.091405793354494,0.4024687267071059
2026-06-18,1.5118840210480489,0.4114272138304509,-2.608616433066724,-0.3451621335989863,-0.8861877462246093,0.34169978003351087
2026-06-19,-0.7888056243042341,0.31288878389361674,-6.749443510947895,-1.4004951380058195,-3.553761041857817,-0.6409317718677587
2026-06-22,0.8463755737895706,0.4381754698531193,1.3315578918501547,1.298205421916765,0.13176169639199653,0.37396580495980825
2026-06-23,-1.4941505131252697,-1.0425859035861351,-3.388396354298129,-1.2815680361854542,-3.205189512667539,-1.1567105067506356
2026-06-24,2.394628181545566,2.637673960834097,2.6522807211457833,0.31309473737590743,2.398523787326501,0.8292056551520766
2026-06-25,0.3908189029538711,1.011940715833548,-1.4575075496781498,0.342570042907675,-0.6780534579050257,0.14299437722400388
2026-06-26,0.0,0.0,0.0,0.0,0.0,0.0
2026-06-29,0.32651471316733627,0.007204088728474112,-0.43219364301114727,-1.297320074551711,0.15276973068651944,-0.4562271366810755
2026-06-30,-0.11891503041673301,-0.8936329935560927,-3.501488228756977,-0.5457321741689114,-3.165066334040867,-0.33616954637991636
2026-07-01,-0.22557651048719096,0.33450426385743803,-1.5093998653126661,1.0897268196839782,-2.407086139105219,0.5870320831107279
2026-07-02,-0.03140111691687375,1.4639802598416685,5.642955172021824,-0.34403669724770714,4.312527526027221,0.7075342557701703
2026-07-03,0.6470615932820944,0.8142850899957921,0.6052384100345032,0.03835826620637306,1.2281675910466694,0.3935786500487426
2026-07-06,3.595279724342504,1.0981961669627172,-0.47746373502067785,1.3266908610525263,-1.7148252342576664,0.6571669412775316
2026-07-07,-0.06627556897623732,-0.8550014006021511,2.840155348593809,-0.9763130203093273,1.8711109987005425,-0.12955357222089736
2026-07-08,-2.2910889038555315,-2.4104063786509533,-0.23325246184989767,-2.483949816078179,-1.8415158181329327,-2.117524515827318
2026-07-09,0.8947303602641066,0.007240093999949515,-1.7301037272255515,0.30566849591946443,-0.3888235901543191,0.33812004144717633
2026-07-10,0.9051464160667821,1.4847537512027387,1.636843392903975,2.187841766816523,0.9514461356034731,1.018660596494203
2026-07-13,-0.8485362623697035,0.5923567304255917,3.2396980885709192,-0.8334626095043873,5.437418749512801,0.01693570555851842
2026-07-14,-1.0452946592541479,-0.12771074193801413,-0.879734390227993,-0.30071897144303694,0.8755444513198984,-0.6565165369047166
2026-07-15,0.7474657289945563,0.603822964528522,-1.5188924160594919,0.19334880123742515,0.027408091421876613,0.10996658451518648
2026-07-16,-0.8768194625089043,0.14122274191163964,0.5667541864909476,0.0849074168998376,0.5390119263344761,-0.023880225097083763
2026-07-17,1.3979943045431487,1.8403721001933215,1.3026584689491472,2.3600166714571547,3.0895047705588263,1.086501464311307
2026-07-20,-5.1244511043297525,1.1008717191209216,-0.8572753683595558,-0.3089192086179193,-0.7888894818752767,-0.3936861885253551
2026-07-21,-2.076898647886005,0.19860130993571978,-1.2510326456963816,-1.4662553678508772,-1.3326817421950632,-0.20958714957608482
2026-07-22,-1.0900239884311769,-1.530998154560248,-1.9934815476537082,-1.1582400975289064,-0.5762932000062393,-0.79151479856997
2026-07-23,-0.7833797016275179,-0.42340155510119937,-0.4467209657768034,-1.272700971968066,1.5668094348857187,-0.5277924285044588
2026-07-24,-0.5955185288767151,-0.11850014681662469,-0.6205842895255054,0.45590701546422974,0.508277095757248,-0.4279518395644999
2026-07-27,-0.43753366362545565,0.8932934393476977,3.6795009952441893,0.15649452269170805,1.832056422550954,0.9613989195766948
2026-07-28,-0.5611471093780906,-1.030639470749939,2.45552272043974,-0.9609413146972612,4.460702996497412,-0.04417249460887396
2026-07-29,1.7405476431915146,0.4962262730547895,4.5129806111663395,0.6468465376690435,2.0266929798269384,1.1042140877174367
2026-07-30,0.7685110807521545,-0.2781829535335012,-0.043267567546156904,1.332392795258941,-0.6049230866255084,0.27608503860552247
2026-07-31,-0.7692801510793101,0.10460746745364347,-2.16431482368602,1.1524498517056836,-2.722261281464178,0.27326071386892803
2026-08-03,0.6482624377023738,2.571306376154081,4.415540703661214,0.8563962955889792,4.569658820302136,1.602311299947612
2026-08-04,-1.4608233731739695,-0.3698646858946941,-1.0593220338983023,-2.1303999686078434,-0.5538242892144218,-0.6434102501316152
2026-08-05,-0.9433962264150941,-0.3093634040649107,0.5567451820128522,-0.8443740187401461,-1.9105691056910623,0.03961015419633451
2026-08-06,-0.09523975605867374,0.5103113260223502,-0.7666098807495692,3.515625,-1.6576875259013635,0.04609043862535689
2026-08-07,-0.44940594414106805,-2.5042881646655246,0.8669506940718774,0.739626326650944,3.358615725742742,-0.2652606323063855
