Date,HDFC Bank,ICICI Bank,Infosys,Reliance Industries,TCS,NIFTY 50 Index
2015-01-01,213.70083618164062,291.5657958984375,359.98101806640625,189.1253662109375,970.3305053710938,
2015-01-02,216.6750030517578,299.84185791015625,367.05517578125,188.6248321533203,983.2527465820312,8395.4501953125
2015-01-05,214.8456268310547,300.46258544921875,363.9009704589844,186.55868530273438,968.3101806640625,8378.400390625
2015-01-06,211.5010986328125,287.7174377441406,356.29803466796875,178.09181213378906,932.6121826171875,8127.35009765625
2015-01-07,212.11837768554688,279.9379577636719,358.0028381347656,181.96847534179688,921.5957641601562,8102.10009765625
2015-01-08,216.57400512695312,287.5519714355469,359.807861328125,179.3591766357422,931.5448608398438,8234.599609375
2015-01-09,218.99822998046875,282.91729736328125,378.2226257324219,183.24647521972656,957.65625,8284.5
2015-01-12,217.0677947998047,286.8070373535156,385.7890625,181.11643981933594,956.6649169921875,8323.0
2015-01-13,216.2373046875,282.1310729980469,380.85711669921875,179.593505859375,952.1671142578125,8299.400390625
2015-01-14,216.3607635498047,278.8205871582031,388.1045227050781,177.8468780517578,961.3341064453125,8277.5498046875
2015-01-15,222.92636108398438,292.0210266113281,389.1256103515625,184.0878448486328,967.8720703125,8494.150390625
2015-01-16,224.7668914794922,292.8486328125,386.217529296875,185.24871826171875,965.2224731445312,8513.7998046875
2015-01-19,225.4851837158203,298.6004638671875,383.33673095703125,187.36813354492188,957.160400390625,8550.7001953125
2015-01-20,229.1664276123047,304.3523254394531,387.2931213378906,192.35238647460938,953.1390991210938,8695.599609375
2015-01-21,228.94195556640625,304.931640625,395.6254577636719,193.14048767089844,958.2276611328125,8729.5
2015-01-22,229.23377990722656,306.0489196777344,400.4661560058594,188.241455078125,958.1329345703125,8761.400390625
2015-01-23,234.07098388671875,306.79376220703125,403.85736083984375,188.912353515625,954.3399658203125,8835.599609375
2015-01-27,241.08546447753906,317.3870849609375,389.5357666015625,189.3703155517578,955.6575927734375,8910.5
2015-01-28,237.56137084960938,317.8423156738281,391.00347900390625,193.16180419921875,969.9998779296875,8914.2998046875
2015-01-29,245.78797912597656,314.73876953125,391.1767272949219,197.9650115966797,971.9281616210938,8952.349609375
2015-01-30,241.82620239257812,298.5176696777344,390.5203857421875,194.95101928710938,948.018310546875,8808.900390625
2015-02-02,242.78016662597656,291.19342041015625,389.599609375,193.41737365722656,960.2979125976562,8797.400390625
2015-02-03,238.85206604003906,286.8484191894531,386.6915283203125,199.7116241455078,977.1227416992188,8756.5498046875
2015-02-04,239.6600799560547,285.2346496582031,390.6934814453125,197.83718872070312,960.336669921875,8723.7001953125
2015-02-05,241.6354217529297,277.7447204589844,399.9830322265625,196.75088500976562,974.8884887695312,8711.7001953125
2015-02-06,236.4727325439453,272.57220458984375,406.67437744140625,193.81143188476562,983.8070068359375,8661.0498046875
2015-02-09,233.46490478515625,264.8754577636719,410.0289611816406,190.9998016357422,959.8015747070312,8526.349609375
2015-02-10,236.6859588623047,273.97918701171875,415.3894348144531,187.86868286132812,932.3966064453125,8565.5498046875
2015-02-11,237.57260131835938,276.99993896484375,416.5835876464844,191.851806640625,939.5582885742188,8627.400390625
2015-02-12,241.5231170654297,280.6827697753906,421.3878173828125,193.6516876220703,940.418212890625,8711.5498046875
2015-02-13,239.23365783691406,284.5725402832031,418.634765625,195.43026733398438,969.6753540039062,8805.5
2015-02-16,239.62644958496094,279.77239990234375,415.47137451171875,192.29913330078125,987.263671875,8809.349609375
2015-02-18,241.25384521484375,283.37249755859375,418.7076110839844,192.05416870117188,1006.6859741210938,8869.099609375
2015-02-19,242.37612915039062,280.1861877441406,423.8491516113281,192.1393585205078,1024.0263671875,8895.2998046875
2015-02-20,240.86097717285156,273.896484375,416.2644958496094,185.97293090820312,1021.92578125,8833.599609375
2015-02-23,239.61521911621094,272.2825927734375,413.0738830566406,181.36143493652344,1029.9842529296875,8754.9501953125
2015-02-24,239.64886474609375,269.8410949707031,414.3865661621094,179.23138427734375,1033.0784912109375,8762.099609375
2015-02-25,236.2370147705078,266.9031677246094,422.5548095703125,179.593505859375,1020.6464233398438,8767.25
2015-02-26,233.02720642089844,265.9100036621094,411.7063903808594,179.34854125976562,1014.6307983398438,8683.849609375
2015-02-27,236.58497619628906,277.4551086425781,413.1011962890625,182.2347412109375,1016.8836669921875,8844.599609375
2015-03-02,242.9933624267578,288.87603759765625,417.83251953125,184.0878448486328,1019.576904296875,8956.75
2015-03-03,243.17294311523438,288.5450134277344,418.95391845703125,191.87310791015625,1060.292724609375,8996.25
2015-03-04,239.12142944335938,289.1243896484375,414.7238464355469,189.1147003173828,1048.834228515625,8922.650390625
2015-03-05,243.56576538085938,287.8002014160156,409.79205322265625,188.49700927734375,1029.9083251953125,8937.75
2015-03-09,237.70729064941406,275.4274597167969,399.2991943359375,185.23806762695312,1010.9448852539062,8756.75
2015-03-10,236.25949096679688,276.13092041015625,400.7486572265625,183.00152587890625,1009.3784790039062,8712.0498046875
2015-03-11,237.1348876953125,275.3033142089844,397.867919921875,182.31991577148438,995.5712890625,8699.9501953125
2015-03-12,236.71963500976562,279.896484375,404.449951171875,183.9919891357422,1000.3453369140625,8776.0
2015-03-13,234.0372772216797,273.275634765625,404.832763671875,181.07386779785156,986.327880859375,8647.75
2015-03-16,236.03500366210938,274.3102111816406,413.2652587890625,179.36984252929688,978.6700439453125,8633.150390625
2015-03-17,237.4940185546875,277.1241149902344,408.4975280761719,182.51162719726562,986.84375,8723.2998046875
2015-03-18,238.72862243652344,277.0826721191406,406.4919738769531,185.02503967285156,977.5428466796875,8685.900390625
2015-03-19,236.18089294433594,273.275634765625,406.6651916503906,182.362548828125,991.6373901367188,8634.650390625
2015-03-20,237.01141357421875,263.67547607421875,411.587890625,181.92588806152344,997.251708984375,8570.900390625
2015-03-23,235.1820526123047,259.70294189453125,407.2121276855469,179.33790588378906,999.6194458007812,8550.900390625
2015-03-24,232.9822540283203,258.1305236816406,403.2009582519531,180.61590576171875,989.7464599609375,8542.9501953125
2015-03-25,232.15179443359375,262.2685241699219,404.5958251953125,179.96624755859375,983.0430908203125,8530.7998046875
2015-03-26,226.02392578125,254.8614959716797,391.3316650390625,176.64341735839844,959.8782958984375,8342.150390625
2015-03-27,227.7522735595703,260.32366943359375,401.50537109375,172.89454650878906,960.5274047851562,8341.400390625
2015-03-30,232.7466278076172,263.7582092285156,406.21844482421875,172.69216918945312,979.3766479492188,8492.2998046875
2015-03-31,229.5592498779297,261.10986328125,404.4590148925781,175.9405059814453,975.480712890625,8491.0
2015-04-01,231.92733764648438,267.4410400390625,396.3638000488281,178.08116149902344,971.1644897460938,8586.25
2015-04-06,231.63551330566406,265.86859130859375,397.13873291015625,175.6529083251953,972.94091796875,8659.900390625
2015-04-07,231.8151092529297,262.6823425292969,393.7292175292969,177.39956665039062,987.3403930664062,8660.2998046875
2015-04-08,232.443603515625,260.7788391113281,401.21368408203125,184.43931579589844,1008.8822631835938,8714.400390625
2015-04-09,237.0563201904297,265.3307189941406,403.8482666015625,190.6589813232422,1017.72412109375,8778.2998046875
2015-04-10,234.0372772216797,263.4271545410156,407.3033447265625,192.6292724609375,1013.599365234375,8780.349609375
2015-04-13,233.17308044433594,262.2685241699219,408.1876525878906,196.49526977539062,1014.2680053710938,8834.0
2015-04-15,231.5681915283203,260.6960754394531,403.6112976074219,196.740234375,1003.6688232421875,
2015-04-16,231.1192626953125,258.6270751953125,400.13787841796875,197.74134826660156,986.5001831054688,8706.7001953125
2015-04-17,228.56039428710938,256.64080810546875,397.3301696777344,197.4218292236328,945.2682495117188,8606.0
2015-04-20,225.60867309570312,257.50982666015625,388.74267578125,188.64610290527344,927.679443359375,8448.099609375
2015-04-21,225.1372833251953,257.261474609375,390.64801025390625,186.6864776611328,927.0110473632812,8377.75
2015-04-22,227.40438842773438,258.99951171875,389.75457763671875,187.389404296875,933.9057006835938,8429.7001953125
2015-04-23,227.494140625,258.0890808105469,386.89208984375,186.81427001953125,938.5460205078125,8398.2998046875
2015-04-24,225.91168212890625,255.10972595214844,363.77337646484375,187.20834350585938,952.2200317382812,8305.25
2015-04-27,225.6872100830078,250.1855010986328,361.84991455078125,186.4415283203125,954.9507446289062,8213.7998046875
2015-04-28,225.4851837158203,270.5032043457031,357.5196533203125,184.29019165039062,952.9647827148438,8285.599609375
2015-04-29,222.92636108398438,273.23431396484375,357.5652770996094,181.0525360107422,950.0237426757812,8239.75
2015-04-30,221.9499053955078,274.0618896484375,354.1192626953125,183.6831512451172,941.0098266601562,8181.5
2015-05-04,224.6771697998047,272.5308837890625,363.3905334472656,189.77503967285156,947.82763671875,8331.9501953125
2015-05-05,221.69175720214844,271.8273620605469,357.85693359375,190.0306396484375,961.6920166015625,8324.7998046875
2015-05-06,217.8646697998047,258.33734130859375,350.43634033203125,187.49591064453125,940.7614135742188,8097.0
2015-05-07,213.5325164794922,252.08895874023438,354.4383544921875,185.4723663330078,972.15771484375,8057.2998046875
2015-05-08,220.42356872558594,262.3512878417969,356.9818420410156,191.8964385986328,965.2822875976562,8191.5
2015-05-11,222.2865753173828,267.7307434082031,363.49078369140625,193.24447631835938,976.263916015625,8325.25
2015-05-12,218.16769409179688,255.06834411621094,355.0035705566406,187.3670196533203,963.6213989257812,8126.9501953125
2015-05-13,222.27537536621094,262.8892822265625,356.75390625,190.90426635742188,960.7562255859375,8235.4501953125
2015-05-14,222.45494079589844,260.65472412109375,352.7610168457031,189.4160614013672,954.587890625,8224.2001953125
2015-05-15,222.24169921875,258.50299072265625,357.67462158203125,188.49937438964844,959.133056640625,8262.349609375
2015-05-18,226.6748504638672,261.7306213378906,363.3814392089844,192.29544067382812,962.666259765625,8373.650390625
2015-05-19,226.15859985351562,260.9857482910156,368.7234802246094,193.15821838378906,959.724853515625,8365.650390625
2015-05-20,229.86227416992188,263.7995910644531,373.27252197265625,196.02682495117188,976.6646118164062,8423.25
2015-05-21,230.0081329345703,259.4961242675781,373.48211669921875,193.41700744628906,976.07275390625,8421.0
2015-05-22,229.9183807373047,259.53741455078125,373.1175231933594,194.94842529296875,999.9064331054688,8458.9501953125
2015-05-25,229.7500457763672,258.33734130859375,367.7115783691406,192.9317169189453,993.4514770507812,8370.25
2015-05-26,230.61419677734375,256.30975341796875,365.97955322265625,190.7964324951172,996.4501342773438,8339.349609375
2015-05-27,233.02720642089844,259.1650085449219,358.9053649902344,190.94740295410156,998.8947143554688,8334.599609375
2015-05-28,231.06314086914062,260.28228759765625,367.6750793457031,188.89837646484375,996.6980590820312,8319.0
2015-05-29,235.81057739257812,262.5581970214844,368.8692932128906,189.1572265625,997.003173828125,8433.650390625
2015-06-01,232.58950805664062,261.8961181640625,373.36358642578125,194.60330200195312,999.8489379882812,8433.400390625
2015-06-02,226.4391632080078,252.0062255859375,366.2257080078125,193.82684326171875,993.0315551757812,8236.4501953125
2015-06-03,225.7096710205078,244.76461791992188,368.4591369628906,193.3307342529297,997.2326049804688,8135.10009765625
2015-06-04,227.81964111328125,244.21743774414062,369.76275634765625,196.8572235107422,995.2278442382812,8130.64990234375
2015-06-05,227.1013641357422,239.16641235351562,366.7726135253906,195.78958129882812,992.9915771484375,8114.7001953125
2015-06-08,225.23829650878906,238.36666870117188,364.6576232910156,190.9797821044922,993.6084594726562,8044.14990234375
2015-06-09,224.87916564941406,241.69192504882812,363.2081604003906,190.60231018066406,987.5174560546875,8022.39990234375
2015-06-10,227.96554565429688,246.2378692626953,369.48016357421875,195.36900329589844,1002.5906372070312,8124.4501953125
2015-06-11,224.50880432128906,242.8705291748047,364.22015380859375,189.18955993652344,991.2373657226562,7965.35009765625
2015-06-12,226.5177764892578,249.1421661376953,360.0995788574219,191.92880249023438,965.9871826171875,7982.89990234375
2015-06-15,225.63113403320312,251.87820434570312,366.64239501953125,194.4954833984375,965.601806640625,8013.89990234375
2015-06-16,226.349365234375,254.27743530273438,369.9369812011719,194.969970703125,968.3772583007812,8047.2998046875
2015-06-17,225.51885986328125,253.6881561279297,368.58587646484375,200.847412109375,969.0711669921875,8091.5498046875
2015-06-18,228.86341857910156,255.37179565429688,370.89947509765625,211.14645385742188,975.3359375,8174.60009765625
2015-06-19,231.31004333496094,256.38201904296875,368.4563293457031,214.96414184570312,982.8532104492188,8224.9501953125
2015-06-22,235.04736328125,265.2213439941406,379.0063781738281,213.896484375,999.0248413085938,8353.099609375
2015-06-23,236.15846252441406,263.91650390625,370.32568359375,214.60824584960938,992.5096435546875,8381.5498046875
2015-06-24,234.74435424804688,267.49432373046875,368.36370849609375,213.7239227294922,990.8524169921875,8360.849609375
2015-06-25,239.05404663085938,265.0108947753906,366.64239501953125,216.66806030273438,983.0263671875,8398.0
2015-06-26,238.5714569091797,262.401123046875,372.12103271484375,215.83766174316406,999.5256958007812,8381.099609375
2015-06-29,237.1797637939453,261.980224609375,366.5314025878906,213.71315002441406,999.5643310546875,8318.400390625
2015-06-30,239.53663635253906,259.286376953125,364.3843688964844,215.70823669433594,983.3927001953125,8368.5
2015-07-01,240.703857421875,262.8221130371094,369.21514892578125,216.90530395507812,999.6411743164062,8453.0498046875
2015-07-02,239.3130340576172,263.4955139160156,365.73553466796875,218.02687072753906,993.7235107421875,8444.900390625
2015-07-03,242.94276428222656,264.8004150390625,366.5868835449219,217.23960876464844,1003.8046264648438,8484.900390625
2015-07-06,245.03463745117188,265.3055114746094,363.9956359863281,219.04061889648438,1015.1385498046875,8522.150390625
2015-07-07,245.79226684570312,263.1588439941406,362.9591064453125,216.38766479492188,1008.5661010742188,8510.7998046875
2015-07-08,241.72152709960938,258.9075012207031,354.4450378417969,214.95333862304688,1000.412353515625,8363.0498046875
2015-07-09,242.8975372314453,260.5491638183594,347.2265930175781,212.96905517578125,972.4252319335938,8328.5498046875
2015-07-10,246.67425537109375,263.6218566894531,347.04150390625,216.07493591308594,953.8632202148438,8360.5498046875
2015-07-13,247.89547729492188,266.35784912109375,351.7242736816406,217.19647216796875,967.4329223632812,8459.650390625
2015-07-14,246.9230194091797,263.8743896484375,359.5351257324219,215.212158203125,963.5582275390625,8454.099609375
2015-07-15,248.01986694335938,264.88458251953125,364.25482177734375,218.09161376953125,981.3878173828125,8523.7998046875
2015-07-16,252.09056091308594,266.94708251953125,366.1241455078125,220.79844665527344,979.2478637695312,8608.0498046875
2015-07-17,251.1520233154297,267.24169921875,370.86248779296875,220.36705017089844,988.5772705078125,8609.849609375
2015-07-20,252.2149200439453,265.8526916503906,370.64031982421875,221.02491760253906,996.400634765625,8603.4501953125
2015-07-21,248.32518005371094,262.190673828125,411.87811279296875,217.3690185546875,989.5430908203125,8529.4501953125
2015-07-22,252.0227508544922,266.6946105957031,408.3614196777344,226.55728149414062,976.6591186523438,8633.5
2015-07-23,250.5526885986328,263.411376953125,406.4550476074219,225.45729064941406,961.4188232421875,8589.7998046875
2015-07-24,250.54144287109375,253.05674743652344,402.605224609375,221.08963012695312,967.8125,8521.5498046875
2015-07-27,247.82765197753906,245.05931091308594,394.3502502441406,216.84059143066406,964.6831665039062,8361.0
2015-07-28,250.68846130371094,239.92408752441406,393.44329833984375,217.8974609375,966.6148681640625,8337.0
2015-07-29,250.65451049804688,243.50189208984375,401.7908020019531,214.8239288330078,968.4301147460938,8375.0498046875
2015-07-30,251.1520233154297,244.97508239746094,396.0900573730469,215.71900939941406,958.3473510742188,8421.7998046875
2015-07-31,251.40077209472656,254.57205200195312,398.69989013671875,216.08567810058594,969.975830078125,8532.849609375
2015-08-03,247.72581481933594,263.411376953125,399.4031066894531,216.215087890625,969.5316772460938,8543.0498046875
2015-08-04,245.70181274414062,264.3794860839844,391.3702697753906,213.09844970703125,969.2609252929688,8516.900390625
2015-08-05,247.0021514892578,262.1064758300781,402.1424865722656,213.0445098876953,984.0383911132812,8567.9501953125
2015-08-06,247.85025024414062,261.85400390625,402.36456298828125,211.14645385742188,994.140869140625,8588.650390625
2015-08-07,247.1039276123047,261.0963439941406,405.5666198730469,212.31118774414062,985.9313354492188,8564.599609375
2015-08-10,247.55624389648438,260.6333312988281,402.012939453125,208.97882080078125,993.6770629882812,8525.599609375
2015-08-11,247.56752014160156,254.44578552246094,410.5824890136719,208.35333251953125,1006.0782470703125,8462.349609375
2015-08-12,242.08334350585938,245.5222930908203,423.6313781738281,203.37095642089844,1032.155517578125,8349.4501953125
2015-08-13,243.68902587890625,245.73275756835938,428.6656799316406,201.31117248535156,1018.2088012695312,8355.849609375
2015-08-14,249.17323303222656,254.740478515625,425.42669677734375,208.55821228027344,1044.32470703125,8518.5498046875
2015-08-17,246.84381103515625,254.9929656982422,422.7983703613281,205.05337524414062,1037.1968994140625,8477.2998046875
2015-08-18,245.6791534423828,253.47772216796875,431.01641845703125,203.62977600097656,1058.8900146484375,8466.5498046875
2015-08-19,244.66151428222656,256.3399353027344,435.16229248046875,205.89450073242188,1056.069091796875,8495.150390625
2015-08-20,243.04449462890625,251.0784454345703,419.9850769042969,197.63369750976562,1038.00830078125,8372.75
2015-08-21,240.01412963867188,249.60520935058594,425.667236328125,195.8327178955078,1033.874755859375,8299.9501953125
2015-08-24,230.459228515625,227.25439453125,404.2524719238281,178.92286682128906,996.2073974609375,7809.0
2015-08-25,230.3235321044922,238.66128540039062,401.8833923339844,182.93466186523438,991.764404296875,7880.7001953125
2015-08-26,229.2040557861328,234.07327270507812,394.0910949707031,184.0670166015625,995.4736328125,7791.85009765625
2015-08-27,231.14898681640625,237.7774200439453,400.828369140625,187.4640655517578,994.6625366210938,7948.9501953125
2015-08-28,232.47193908691406,238.8296661376953,411.2859802246094,188.16506958007812,993.1940307617188,8001.9501953125
2015-08-31,232.35887145996094,233.94700622558594,405.1224060058594,184.6062469482422,990.567138671875,7971.2998046875
2015-09-01,226.1736602783203,228.09622192382812,403.12353515625,181.1444549560547,980.2716064453125,7785.85009765625
2015-09-02,225.05421447753906,222.9610137939453,406.9917907714844,183.23660278320312,1001.2877807617188,7717.0
2015-09-03,228.48036193847656,224.6447296142578,406.9548034667969,184.1640625,1006.6188354492188,7823.0
2015-09-04,225.25772094726562,216.98394775390625,397.55230712890625,180.29251098632812,984.1539306640625,7655.0498046875
2015-09-07,222.63438415527344,209.7020721435547,391.9255065917969,179.7101287841797,981.1791381835938,7558.7998046875
2015-09-08,227.06698608398438,219.55157470703125,391.9440612792969,183.03170776367188,981.3921508789062,7688.25
2015-09-09,229.83729553222656,222.70846557617188,403.01239013671875,188.52093505859375,985.0426635742188,7818.60009765625
2015-09-10,228.63868713378906,225.1077117919922,399.9583740234375,187.00033569335938,983.3619384765625,7788.10009765625
2015-09-11,228.52561950683594,225.23397827148438,403.7712097167969,185.6954345703125,985.9117431640625,7789.2998046875
2015-09-14,230.606201171875,229.31689453125,407.1028137207031,186.32093811035156,985.7770385742188,7872.25
2015-09-15,229.12490844726562,226.0337371826172,406.899169921875,187.00033569335938,980.213623046875,7829.10009765625
2015-09-16,231.43165588378906,229.6957244873047,407.8061828613281,188.19741821289062,985.2742309570312,7899.14990234375
2015-09-18,237.4020538330078,233.90492248535156,408.8426818847656,193.12586975097656,985.6220703125,7981.89990234375
2015-09-21,238.12571716308594,235.12557983398438,408.9167175292969,189.3944854736328,985.5447998046875,7977.10009765625
2015-09-22,233.08258056640625,227.75949096679688,409.9532165527344,182.8807373046875,976.1763305664062,7812.0
2015-09-23,237.2776336669922,230.11663818359375,413.2108459472656,183.4091796875,978.4364013671875,7845.9501953125
2015-09-24,237.7751922607422,225.8653564453125,422.2060241699219,180.60520935058594,996.8836669921875,7868.5
2015-09-28,236.64443969726562,225.6969757080078,409.2499084472656,179.93661499023438,1002.02197265625,7795.7001953125
2015-09-29,240.8056640625,226.45465087890625,415.2838134765625,181.3385772705078,999.9163818359375,7843.2998046875
2015-09-30,241.7102508544922,227.59112548828125,430.12799072265625,185.9866180419922,999.8390502929688,7948.89990234375
2015-10-01,241.4501495361328,224.8551483154297,434.2367858886719,186.50425720214844,1021.6864013671875,7950.89990234375
2015-10-05,248.39297485351562,236.5146484375,437.4574890136719,191.52972412109375,1047.5892333984375,8119.2998046875
2015-10-06,245.58868408203125,238.02992248535156,427.40704345703125,193.69744873046875,1043.0888671875,8152.89990234375
2015-10-07,245.9958038330078,238.2404022216797,419.4852600097656,197.09449768066406,1025.2984619140625,8177.39990234375
2015-10-08,244.94418334960938,234.41001892089844,419.0965881347656,191.76702880859375,1017.5140380859375,8129.35009765625
2015-10-09,245.6339874267578,240.85009765625,432.1452941894531,191.3895721435547,1015.910400390625,8189.7001953125
2015-10-12,244.36752319335938,242.1128692626953,415.6724853515625,192.3385772705078,1001.596923828125,8143.60009765625
2015-10-13,243.41769409179688,241.98655700683594,406.9732971191406,192.73764038085938,1003.8953247070312,8131.7001953125
2015-10-14,245.31735229492188,238.1562042236328,406.3069763183594,194.75428771972656,959.5254516601562,8107.89990234375
2015-10-15,245.1816864013672,241.06056213378906,406.2144470214844,194.9160614013672,953.3638916015625,8179.5
2015-10-16,248.7774658203125,243.6702423095703,409.0349426269531,197.31015014648438,955.0054321289062,8238.150390625
2015-10-19,248.26856994628906,241.77610778808594,415.4044494628906,207.8141632080078,961.4767456054688,8275.0498046875
2015-10-20,247.6127471923828,240.9342803955078,420.6346740722656,206.34744262695312,976.1570434570312,8261.650390625
2015-10-21,247.63540649414062,237.9878387451172,425.2857360839844,205.98077392578125,977.4124755859375,8251.7001953125
2015-10-23,250.68846130371094,240.97637939453125,429.5819396972656,206.1209716796875,982.310302734375,8295.4501953125
2015-10-26,249.1053924560547,240.2187042236328,430.4226379394531,203.3601837158203,982.0783081054688,8260.5498046875
2015-10-27,251.23118591308594,238.8296661376953,429.39520263671875,202.6483917236328,979.968017578125,8232.900390625
2015-10-28,251.3668975830078,228.3067169189453,430.814697265625,202.08763122558594,979.19384765625,8171.2001953125
2015-10-29,249.56895446777344,228.51712036132812,427.7701110839844,202.961181640625,966.1268310546875,8111.75
2015-10-30,248.67567443847656,233.1893768310547,424.18365478515625,204.40625,966.068115234375,8065.7998046875
2015-11-02,244.94418334960938,235.33604431152344,422.59600830078125,207.01605224609375,974.64404296875,8050.7998046875
2015-11-03,245.35130310058594,235.2518768310547,427.9382019042969,208.61215209960938,984.7495727539062,8060.7001953125
2015-11-04,244.6276092529297,230.11663818359375,424.68804931640625,205.1827392578125,981.013427734375,8040.2001953125
2015-11-05,244.2091827392578,227.33856201171875,419.4952697753906,202.01211547851562,961.2093505859375,7955.4501953125
2015-11-06,244.4466552734375,224.8551483154297,425.2484436035156,205.4199981689453,970.1530151367188,7954.2998046875
2015-11-09,240.8056640625,221.52987670898438,423.86614990234375,207.3288116455078,956.8344116210938,7915.2001953125
2015-11-10,238.4989013671875,221.2352294921875,412.3785705566406,199.02490234375,951.7235107421875,7783.35009765625
2015-11-13,237.92222595214844,220.35130310058594,411.2391052246094,201.2464599609375,928.2032470703125,7762.25
2015-11-16,239.9349365234375,224.9814453125,403.5433044433594,201.51605224609375,919.375732421875,7806.60009765625
2015-11-17,239.90101623535156,225.48654174804688,396.55731201171875,200.10330200195312,925.5510864257812,7837.5498046875
2015-11-18,237.14198303222656,219.25692749023438,381.0536804199219,196.7062530517578,910.4127197265625,7731.7998046875
2015-11-19,241.73281860351562,224.26588439941406,391.4392395019531,201.6131134033203,914.7103271484375,7842.75
2015-11-20,242.173828125,223.0452117919922,393.15765380859375,204.22291564941406,928.5711059570312,7856.5498046875
2015-11-23,241.08834838867188,223.88705444335938,393.6433410644531,205.71115112304688,925.7445678710938,7849.25
2015-11-24,240.70384216308594,221.69825744628906,388.9549255371094,208.71998596191406,916.8008422851562,7831.60009765625
2015-11-26,240.61337280273438,222.24545288085938,393.15765380859375,213.23861694335938,908.1283569335938,7883.7998046875
2015-11-27,244.107421875,227.33856201171875,398.369140625,211.16802978515625,911.1483154296875,7942.7001953125
2015-11-30,243.7342987060547,230.28501892089844,406.4198913574219,208.59060668945312,918.9690551757812,7935.25
2015-12-01,244.9215545654297,230.5796661376953,403.0950012207031,208.33175659179688,914.4586791992188,7954.89990234375
2015-12-02,243.74560546875,227.63320922851562,396.2584533691406,210.9307861328125,915.7362670898438,7931.35009765625
2015-12-03,243.50816345214844,223.76075744628906,395.15643310546875,210.76902770996094,910.1416015625,7864.14990234375
2015-12-04,239.47132873535156,220.09878540039062,391.90618896484375,208.23468017578125,901.4884033203125,7781.89990234375
2015-12-07,240.16107177734375,221.44570922851562,390.8601989746094,205.34449768066406,898.1589965820312,7765.39990234375
2015-12-08,237.28900146484375,220.09878540039062,390.1690673828125,202.9395751953125,901.720947265625,7701.7001953125
2015-12-09,236.88189697265625,218.4150848388672,384.1169738769531,197.5474395751953,916.6847534179688,7612.5
2015-12-10,239.85580444335938,217.99415588378906,391.2710876464844,204.9778289794922,923.228271484375,7683.2998046875
2015-12-11,236.63311767578125,209.87042236328125,393.30712890625,205.5386199951172,923.7894287109375,7610.4501953125
2015-12-14,238.6006622314453,209.61785888671875,399.5459289550781,206.00234985351562,920.8663330078125,7650.0498046875
2015-12-15,239.595703125,207.42910766601562,402.5533447265625,210.48861694335938,919.8596801757812,7700.89990234375
2015-12-16,241.3710174560547,212.18548583984375,409.38983154296875,211.08177185058594,932.4622802734375,7750.89990234375
2015-12-17,244.2997283935547,213.1114959716797,413.59259033203125,217.7788543701172,944.599853515625,7844.35009765625
2015-12-18,242.6600341796875,210.5438995361328,404.6454162597656,213.9396209716797,935.7144775390625,7761.9501953125
2015-12-21,243.20285034179688,217.36276245117188,412.2290344238281,213.9827423095703,947.174560546875,7834.4501953125
2015-12-22,241.17874145507812,218.499267578125,404.8695373535156,212.94747924804688,931.1652221679688,7786.10009765625
2015-12-23,242.9088592529297,220.4355010986328,411.25775146484375,216.50628662109375,939.1986083984375,7865.9501953125
2015-12-24,242.88621520996094,217.15235900878906,409.57666015625,215.8052978515625,942.4706420898438,7861.0498046875
2015-12-28,243.6212158203125,222.2875518798828,412.7147521972656,217.92982482910156,953.4855346679688,7925.14990234375
2015-12-29,243.77951049804688,222.87684631347656,412.6960144042969,219.00827026367188,950.814208984375,7928.9501953125
2015-12-30,242.9540557861328,220.8563995361328,405.8221740722656,216.6572723388672,936.295166015625,7896.25
2015-12-31,244.7293243408203,220.01458740234375,412.95745849609375,218.83572387695312,943.4771118164062,7946.35009765625
2016-01-01,246.221923828125,221.4036102294922,412.90155029296875,218.99746704101562,935.5596313476562,
2016-01-04,242.0946502685547,215.1318817138672,403.0576477050781,214.67294311523438,917.43994140625,7791.2998046875
2016-01-05,240.26283264160156,216.1000213623047,401.2457275390625,216.7974395751953,909.4447631835938,7784.64990234375
2016-01-06,241.32574462890625,210.5438995361328,399.4898681640625,222.63177490234375,922.0859375,7741.0
2016-01-07,238.86070251464844,207.72372436523438,392.5600280761719,218.54452514648438,918.0787353515625,7568.2998046875
2016-01-08,240.25155639648438,206.29258728027344,397.229736328125,221.2406005859375,928.2809448242188,7601.35009765625
2016-01-11,239.40347290039062,201.57833862304688,394.3905334472656,226.81610107421875,914.6329345703125,7563.85009765625
2016-01-12,236.76881408691406,199.3053436279297,392.2424621582031,225.48963928222656,900.9658813476562,7510.2998046875
2016-01-13,239.7540283203125,201.6204376220703,404.7387390136719,232.26219177246094,882.4395141601562,7562.39990234375
2016-01-14,237.4020538330078,198.46351623535156,423.2684326171875,228.9837646484375,882.2847290039062,7536.7998046875
2016-01-15,235.68328857421875,188.95071411132812,425.84613037109375,231.49652099609375,875.4317016601562,7437.7998046875
2016-01-18,231.9970245361328,187.8142547607422,422.8573913574219,219.32098388671875,881.839599609375,7351.0
2016-01-19,234.24725341796875,192.5706329345703,425.7527160644531,225.09063720703125,882.4784545898438,7435.10009765625
2016-01-20,230.28961181640625,188.9086456298828,418.8787536621094,216.66806030273438,882.7882080078125,7309.2998046875
2016-01-21,231.35252380371094,190.5081329345703,424.781494140625,212.27882385253906,874.9873046875,7276.7998046875
2016-01-22,233.0034637451172,195.93797302246094,424.4825439453125,216.58180236816406,890.996826171875,7422.4501953125
2016-01-25,235.45716857910156,198.716064453125,425.005615234375,216.5386199951172,894.4506225585938,7436.14990234375
2016-01-27,234.2133331298828,199.7683563232422,425.3231506347656,215.5464630126953,900.3112182617188,7437.75
2016-01-28,233.32003784179688,196.31683349609375,421.9982604980469,219.33175659179688,904.7551879882812,7424.64990234375
2016-01-29,237.4246826171875,193.74920654296875,435.18572998046875,223.32196044921875,928.0805053710938,7563.5498046875
2016-02-01,239.66355895996094,182.84739685058594,438.3424377441406,222.2219696044922,932.5046997070312,7555.9501953125
2016-02-02,238.31797790527344,177.1228790283203,439.1643371582031,215.93472290039062,930.71923828125,7455.5498046875
2016-02-03,236.06773376464844,171.77723693847656,432.495849609375,211.6748809814453,937.7830810546875,7361.7998046875
2016-02-04,237.2776336669922,171.69302368164062,440.73333740234375,209.87393188476562,939.238037109375,7404.0
2016-02-05,238.6459197998047,176.2810516357422,438.84686279296875,209.41021728515625,939.9757080078125,7489.10009765625
2016-02-08,234.25852966308594,175.56549072265625,429.9182434082031,207.2856903076172,917.0773315429688,7387.25
2016-02-09,232.04229736328125,176.2810516357422,413.79803466796875,206.51998901367188,885.4273071289062,7298.2001953125
2016-02-10,229.07968139648438,174.47108459472656,414.1344299316406,207.63076782226562,880.5370483398438,7215.7001953125
2016-02-11,220.5651092529297,167.73641967773438,402.96417236328125,199.41311645507812,853.0397338867188,6976.35009765625
2016-02-12,219.68312072753906,162.9379119873047,405.205810546875,195.53077697753906,864.1591186523438,6980.9501953125
2016-02-15,220.18063354492188,171.31422424316406,407.8581237792969,204.20135498046875,880.6729125976562,7162.9501953125
2016-02-16,220.14671325683594,165.50552368164062,403.15106201171875,200.70721435546875,879.2755126953125,7048.25
2016-02-17,220.47467041015625,160.5807647705078,410.1371154785156,205.46310424804688,883.15673828125,7108.4501953125
2016-02-18,223.76515197753906,165.12667846679688,419.68206787109375,202.76705932617188,898.79736328125,7191.75
2016-02-19,223.731201171875,167.3575439453125,421.120361328125,203.6837158203125,900.2722778320312,7210.75
2016-02-22,223.60682678222656,167.0629119873047,420.896240234375,207.55528259277344,898.817138671875,7234.5498046875
2016-02-23,219.37782287597656,161.633056640625,419.868896484375,204.8268585205078,878.6743774414062,7109.5498046875
2016-02-24,214.75303649902344,157.42388916015625,420.4105529785156,205.4739227294922,858.0849609375,7018.7001953125
2016-02-25,213.1812744140625,154.0565185546875,414.7880859375,203.62977600097656,858.8224487304688,6970.60009765625
2016-02-26,217.33116149902344,155.57183837890625,418.8415222167969,204.9778289794922,857.9105224609375,7029.75
2016-02-29,219.78488159179688,159.99148559570312,404.9815368652344,208.49351501464844,844.831298828125,6987.0498046875
2016-03-01,222.56654357910156,172.5348663330078,420.4478454589844,211.65330505371094,883.583740234375,7222.2998046875
2016-03-02,227.7793426513672,185.20455932617188,431.8608093261719,216.0102081298828,899.9618530273438,7368.85009765625
2016-03-03,229.7355194091797,183.52085876464844,436.8294677734375,218.45823669433594,921.035888671875,7475.60009765625
2016-03-04,230.7984161376953,185.62547302246094,437.33380126953125,217.06704711914062,914.981689453125,7485.35009765625
2016-03-08,229.35108947753906,182.55274963378906,434.6440124511719,221.51022338867188,913.7201538085938,7485.2998046875
2016-03-09,231.7595977783203,182.13182067871094,440.266357421875,224.68080139160156,914.8652954101562,7531.7998046875
2016-03-10,230.95677185058594,181.416259765625,426.8174743652344,218.2209930419922,911.3914794921875,7486.14990234375
2016-03-11,232.64157104492188,180.0272216796875,427.0042724609375,218.8141326904297,917.97021484375,7510.2001953125
2016-03-14,232.38150024414062,186.59359741210938,426.3317565917969,219.9464874267578,913.9920043945312,7538.75
2016-03-15,232.1892547607422,186.34100341796875,423.7914123535156,220.10824584960938,904.25048828125,7460.60009765625
2016-03-16,233.03732299804688,190.59231567382812,430.53460693359375,220.3778533935547,903.1444091796875,7498.75
2016-03-17,230.31224060058594,191.72879028320312,434.009033203125,221.60496520996094,912.8470458984375,7512.5498046875
2016-03-18,232.57374572753906,193.79129028320312,445.8327331542969,224.04783630371094,941.4893798828125,7604.35009765625
2016-03-21,236.46353149414062,197.7058868408203,446.3931579589844,226.25082397460938,949.4066162109375,7704.25
2016-03-22,238.32925415039062,196.65353393554688,444.5439453125,228.5519561767578,959.82763671875,7714.89990234375
2016-03-23,237.31158447265625,197.15866088867188,451.21240234375,224.48406982421875,960.0992431640625,7716.5
2016-03-28,236.89320373535156,189.7925567626953,450.12896728515625,222.564697265625,959.943603515625,7615.10009765625
2016-03-29,238.31797790527344,188.06680297851562,447.27099609375,226.0218048095703,958.3911743164062,7597.0
2016-03-30,240.8395538330078,199.93673706054688,450.521240234375,228.37742614746094,966.1924438476562,7735.2001953125
2016-03-31,242.24171447753906,199.22116088867188,455.13507080078125,227.97390747070312,978.1458740234375,7738.39990234375
2016-04-01,240.72647094726562,200.61019897460938,450.3344421386719,225.62918090820312,952.375732421875,7713.0498046875
2016-04-04,241.7667999267578,200.989013671875,464.6239013671875,225.76007080078125,959.1090698242188,7758.7998046875
2016-04-05,239.14340209960938,189.91885375976562,455.6953125,223.9933319091797,955.8102416992188,7603.2001953125
2016-04-06,240.059326171875,187.3512420654297,448.5599670410156,225.47650146484375,963.2428588867188,7614.35009765625
2016-04-07,238.7024383544922,185.4570770263672,441.38714599609375,226.2399139404297,958.9343872070312,7546.4501953125
2016-04-08,239.57310485839844,186.25686645507812,435.5032653808594,226.04359436035156,943.8953857421875,7555.2001953125
2016-04-11,242.19639587402344,189.1612091064453,442.2837219238281,226.90516662597656,972.8482055664062,7671.39990234375
2016-04-12,240.3985595703125,192.5706329345703,441.6486511230469,228.45376586914062,977.3118896484375,7708.9501953125
2016-04-13,244.63888549804688,202.58851623535156,438.09967041015625,232.5216064453125,980.4360961914062,7850.4501953125
2016-04-18,246.0071258544922,199.64210510253906,462.7560119628906,232.23806762695312,977.9328002929688,7914.7001953125
2016-04-20,248.2799072265625,200.39971923828125,464.5865783691406,226.25082397460938,950.9976196289062,7914.75
2016-04-21,246.76470947265625,213.0272979736328,458.1236877441406,227.09054565429688,940.9266967773438,7912.0498046875
2016-04-22,246.99085998535156,212.14340209960938,452.501220703125,226.61070251464844,938.0735473632812,7899.2998046875
2016-04-25,247.23960876464844,212.9431610107422,454.2196350097656,221.80125427246094,951.3475341796875,7855.0498046875
2016-04-26,251.8983612060547,213.86915588378906,460.30914306640625,221.8121795654297,966.3088989257812,7962.64990234375
2016-04-27,254.2389678955078,205.91375732421875,463.2977600097656,222.34654235839844,974.57568359375,7979.89990234375
2016-04-28,251.92095947265625,202.12548828125,451.716796875,217.3953399658203,981.0372314453125,7847.25
2016-04-29,256.0820617675781,199.4737091064453,451.324462890625,214.34173583984375,984.0451049804688,7849.7998046875
2016-05-02,252.75772094726562,190.88694763183594,448.69061279296875,215.26873779296875,980.6297607421875,7805.89990234375
2016-05-03,252.8368377685547,186.1305694580078,440.0049133300781,212.83676147460938,961.7679443359375,7747.0
2016-05-04,254.95132446289062,180.5323486328125,444.13287353515625,213.33839416503906,961.7291259765625,7706.5498046875
2016-05-05,256.07086181640625,180.70069885253906,445.4778747558594,212.71678161621094,958.7407836914062,7735.5
2016-05-06,253.2100067138672,184.02597045898438,441.38714599609375,211.3426513671875,959.943603515625,7733.4501953125
2016-05-09,258.1288146972656,189.66629028320312,447.9435119628906,214.42898559570312,975.13818359375,7866.0498046875
2016-05-10,258.92034912109375,189.83462524414062,453.080322265625,214.30902099609375,979.1554565429688,7887.7998046875
2016-05-11,257.5407409667969,188.5298309326172,448.9895324707031,212.74948120117188,977.3698120117188,7848.85009765625
2016-05-12,259.8702087402344,195.13824462890625,452.0343017578125,216.54469299316406,995.9600219726562,7900.39990234375
2016-05-13,258.01568603515625,190.67649841308594,451.00689697265625,213.34933471679688,979.3488159179688,7814.89990234375
2016-05-16,262.96844482421875,188.36143493652344,453.9021301269531,212.8694610595703,990.1193237304688,7860.75
2016-05-17,260.8538818359375,190.2135009765625,453.6219787597656,211.3862762451172,997.5126953125,7890.75
2016-05-18,257.959228515625,190.63441467285156,451.9781799316406,211.69163513183594,990.0997314453125,7870.14990234375
2016-05-19,257.6538391113281,189.8767547607422,450.4465637207031,207.47109985351562,992.3700561523438,7783.39990234375
2016-05-20,258.01568603515625,185.28872680664062,448.8960876464844,203.7631378173828,981.63916015625,7749.7001953125
2016-05-23,257.0771789550781,186.1305694580078,443.8155212402344,202.8470458984375,966.9491577148438,7731.0498046875
2016-05-24,257.8008728027344,189.03494262695312,443.72210693359375,205.1263885498047,957.7315063476562,7748.85009765625
2016-05-25,265.3430480957031,197.83213806152344,451.530029296875,207.47109985351562,980.5325927734375,7934.89990234375
2016-05-26,267.59326171875,203.00942993164062,461.056396484375,206.5222930908203,989.16845703125,8069.64990234375
2016-05-27,268.39605712890625,204.69313049316406,466.04364013671875,212.59681701660156,998.4631958007812,8156.64990234375
2016-05-30,266.8017272949219,205.82960510253906,473.5525817871094,211.28811645507812,1023.2051391601562,8178.5
2016-05-31,267.2879333496094,205.95587158203125,466.47320556640625,208.92156982421875,997.2023315429688,8160.10009765625
2016-06-01,265.7613830566406,202.08340454101562,470.0409240722656,207.9945831298828,1022.0993041992188,8179.9501953125
2016-06-02,265.71612548828125,203.1778106689453,471.2923889160156,208.5725860595703,1028.5416259765625,8218.9501953125
2016-06-03,264.9924621582031,205.19821166992188,473.29107666015625,209.3141632080078,1020.5464477539062,8220.7998046875
2016-06-06,264.8454284667969,204.98776245117188,473.2350158691406,208.25633239746094,1024.448486328125,8201.0498046875
2016-06-07,265.4334716796875,213.9112548828125,469.7420349121094,208.31088256835938,1031.761962890625,8266.4501953125
2016-06-08,262.9232177734375,216.8997802734375,462.53192138671875,208.1036834716797,1024.68359375,8273.0498046875
2016-06-09,262.1995544433594,214.29006958007812,448.0381774902344,211.82249450683594,1010.625732421875,8203.599609375
2016-06-10,262.6405029296875,212.64849853515625,446.1863708496094,213.03305053710938,1002.1947631835938,8170.0498046875
2016-06-13,260.72955322265625,205.19821166992188,446.2996520996094,213.9927520751953,998.7636108398438,8110.60009765625
2016-06-14,260.4920654296875,206.20843505859375,444.0699768066406,212.93487548828125,993.99951171875,8108.85009765625
2016-06-15,264.49493408203125,208.73394775390625,449.7200622558594,214.7561492919922,1002.6264038085938,8206.599609375
2016-06-16,262.82147216796875,205.38319396972656,448.2271423339844,212.94580078125,1003.1947631835938,8140.75
2016-06-17,264.5967102050781,204.86770629882812,445.7706604003906,212.6404266357422,1020.5665893554688,8170.2001953125
2016-06-20,265.06036376953125,204.56703186035156,456.8251647949219,215.9775848388672,1042.80029296875,8238.5
2016-06-21,263.83917236328125,204.35220336914062,455.8236999511719,215.30142211914062,1039.6240234375,8219.900390625
2016-06-22,264.9359130859375,205.34022521972656,453.329345703125,213.86187744140625,1046.074462890625,8203.7001953125
2016-06-23,269.1423034667969,206.97267150878906,457.9021911621094,213.85098266601562,1037.330078125,8270.4501953125
2016-06-24,262.7648620605469,198.42396545410156,451.45849609375,207.52561950683594,1009.3317260742188,8088.60009765625
2016-06-27,262.3238830566406,199.92750549316406,440.744140625,208.44171142578125,978.7062377929688,8094.7001953125
2016-06-28,263.906982421875,200.3141326904297,438.07965087890625,208.91067504882812,966.197021484375,8127.85009765625
2016-06-29,266.38079833984375,203.32122802734375,444.7690734863281,210.89549255371094,981.47021484375,8204.0
2016-06-30,268.2391052246094,206.67198181152344,442.4826354980469,211.3862762451172,1001.15576171875,8287.75
2016-07-01,267.79449462890625,206.50013732910156,443.08740234375,212.32415771484375,980.6668701171875,8328.349609375
2016-07-04,267.4068603515625,213.2016143798828,447.452392578125,215.2141571044922,978.0589599609375,8370.7001953125
2016-07-05,265.7652282714844,210.58114624023438,444.23992919921875,216.610107421875,974.5691528320312,8335.9501953125
2016-07-07,270.33673095703125,210.36636352539062,437.36163330078125,215.47592163085938,952.8056030273438,8337.900390625
2016-07-08,267.8742980957031,207.87478637695312,437.7205810546875,213.40383911132812,951.5511474609375,8323.2001953125
2016-07-11,273.5516357421875,214.6621856689453,444.0888366699219,216.47927856445312,966.2754516601562,8467.900390625
2016-07-12,274.0988464355469,224.84327697753906,444.65582275390625,218.85671997070312,966.5892333984375,8521.0498046875
2016-07-13,273.09564208984375,224.37075805664062,451.1751403808594,220.02362060546875,977.6273803710938,8519.5
2016-07-14,273.68841552734375,230.7715301513672,444.5423278808594,219.18386840820312,988.9210815429688,8565.0
2016-07-15,279.012451171875,228.32289123535156,405.350830078125,220.77610778808594,958.9039306640625,8541.400390625
2016-07-18,279.867431640625,226.30386352539062,408.9033508300781,219.47833251953125,954.237060546875,8508.7001953125
2016-07-19,277.7926025390625,231.24407958984375,410.79302978515625,221.99758911132812,967.079345703125,8528.5498046875
2016-07-20,280.95050048828125,229.826416015625,409.3379821777344,223.1317596435547,978.3530883789062,8565.849609375
2016-07-21,280.12969970703125,225.01512145996094,408.1286315917969,219.50015258789062,982.7056884765625,8510.099609375
2016-07-22,280.6312561035156,226.34681701660156,405.31304931640625,221.35415649414062,986.25439453125,8541.2001953125
2016-07-25,284.3135986328125,230.814453125,408.4876403808594,223.07723999023438,1006.0493774414062,8635.650390625
2016-07-26,282.45538330078125,224.80032348632812,411.4544372558594,223.3607635498047,1003.5532836914062,8590.650390625
2016-07-27,282.033447265625,232.48985290527344,410.1883544921875,220.972412109375,1013.3622436523438,8615.7998046875
2016-07-28,284.6556091308594,233.69264221191406,407.2215881347656,223.86244201660156,1029.7567138671875,8666.2998046875
2016-07-29,284.142578125,225.874267578125,405.84210205078125,221.36502075195312,1029.7762451171875,8638.5
2016-08-01,283.25335693359375,214.36146545410156,410.150634765625,220.1871795654297,1064.747314453125,8636.5498046875
2016-08-02,283.4813537597656,210.75299072265625,409.6025695800781,220.90701293945312,1061.1888427734375,8622.900390625
2016-08-03,282.8315124511719,208.003662109375,410.01824951171875,216.7955322265625,1044.3228759765625,8544.849609375
2016-08-04,282.9569396972656,206.50013732910156,405.06744384765625,216.58831787109375,1042.632080078125,8551.099609375
2016-08-05,284.8380126953125,211.3114471435547,403.6311950683594,221.65948486328125,1041.4921875,8683.150390625
2016-08-08,284.9178161621094,210.7100372314453,407.675048828125,224.49501037597656,1041.6490478515625,8711.349609375
2016-08-09,284.37054443359375,210.79595947265625,409.45135498046875,224.811279296875,1041.9246826171875,8678.25
2016-08-10,279.7420654296875,205.64097595214844,409.0545349121094,218.91127014160156,1051.83203125,8575.2998046875
2016-08-11,280.0498352050781,208.51914978027344,407.1649475097656,221.19056701660156,1065.3955078125,8592.150390625
2016-08-12,280.1524658203125,211.3114471435547,401.5715637207031,225.92364501953125,1076.6201171875,
2016-08-16,279.8332824707031,213.54527282714844,397.5087585449219,223.54620361328125,1058.240478515625,8642.5498046875
2016-08-17,281.5661926269531,212.72906494140625,390.51702880859375,221.0160369873047,1031.8404541015625,8624.0498046875
2016-08-18,285.5790100097656,217.2826385498047,386.7754821777344,222.0520782470703,1037.3446044921875,8673.25
2016-08-19,284.3477783203125,218.1417999267578,385.98175048828125,221.36502075195312,1023.5645751953125,8666.900390625
2016-08-22,285.077392578125,216.7241668701172,383.7709655761719,220.69976806640625,1002.0198974609375,8629.150390625
2016-08-23,285.3396301269531,214.962890625,392.9169006347656,220.39442443847656,1022.6013793945312,8632.599609375
2016-08-24,287.6994934082031,213.45933532714844,399.6251220703125,222.58648681640625,1011.1998901367188,8650.2998046875
2016-08-25,286.95849609375,212.17062377929688,391.5941162109375,220.88519287109375,1002.9439697265625,8592.2001953125
2016-08-26,286.6278381347656,210.75299072265625,385.5849914550781,224.20053100585938,992.6824951171875,8572.5498046875
2016-08-29,282.29571533203125,215.22064208984375,386.5486755371094,230.64584350585938,983.0897827148438,8607.4501953125
2016-08-30,289.2613220214844,220.16082763671875,393.2003479003906,232.5979766845703,1000.230712890625,8744.349609375
2016-08-31,294.40289306640625,221.6643829345703,391.4807434082031,231.20204162597656,987.3163452148438,8786.2001953125
2016-09-01,292.69287109375,224.19888305664062,392.1232604980469,224.48406982421875,985.8220825195312,8774.650390625
2016-09-02,293.01202392578125,224.49960327148438,389.96905517578125,221.02700805664062,988.6920776367188,8809.650390625
2016-09-06,296.5006103515625,234.29408264160156,394.9388427734375,222.45562744140625,976.6026611328125,8943.0
2016-09-07,293.3883056640625,238.97653198242188,398.472412109375,221.96487426757812,959.5008544921875,8917.9501953125
2016-09-08,293.9925231933594,237.4300079345703,392.1610412597656,225.40016174316406,912.9321899414062,8952.5
2016-09-09,294.22052001953125,235.49691772460938,391.3485107421875,227.83213806152344,924.8641357421875,8866.7001953125
2016-09-12,291.8265075683594,230.4278564453125,398.3402099609375,228.25747680664062,927.4589233398438,8715.599609375
2016-09-14,289.4438171386719,233.22012329101562,395.16552734375,227.8757781982422,915.4285888671875,8726.599609375
2016-09-15,291.7580261230469,232.48985290527344,393.8805847167969,232.2926025390625,914.8391723632812,8742.5498046875
2016-09-16,295.9191589355469,229.69754028320312,400.6644592285156,234.59371948242188,928.5010986328125,8779.849609375
2016-09-19,294.16351318359375,233.3489990234375,401.061279296875,236.08782958984375,948.0601196289062,8808.400390625
2016-09-20,293.7759094238281,233.77857971191406,396.88519287109375,234.29925537109375,946.1139526367188,8775.900390625
2016-09-21,294.81329345703125,231.888427734375,399.0015563964844,233.87393188476562,948.8269653320312,8777.150390625
2016-09-22,297.9826354980469,236.69976806640625,400.1542053222656,237.51644897460938,934.9093627929688,8867.4501953125
2016-09-23,299.3050842285156,233.0482940673828,394.0129699707031,240.53733825683594,942.811767578125,8831.5498046875
2016-09-26,295.5315246582031,225.5735626220703,391.4996032714844,241.4970703125,943.990966796875,8723.0498046875
2016-09-27,295.9647521972656,223.38270568847656,392.95465087890625,242.2168426513672,957.7510986328125,8706.400390625
2016-09-28,295.3263854980469,224.02708435058594,392.6522521972656,237.88726806640625,952.6209716796875,8745.150390625
2016-09-29,291.2791748046875,215.0917510986328,388.9674072265625,233.91757202148438,958.4193115234375,8591.25
2016-09-30,290.218994140625,216.63824462890625,391.5562744140625,236.37132263183594,955.6675415039062,8611.150390625
2016-10-03,293.49090576171875,220.0749053955078,392.3310546875,237.89816284179688,948.1580810546875,8738.099609375
2016-10-04,294.0267639160156,221.836181640625,396.5260925292969,239.13050842285156,945.5833129882812,8769.150390625
2016-10-05,293.2400207519531,219.47349548339844,393.61602783203125,237.6146240234375,938.1920166015625,8743.9501953125
2016-10-06,292.2938232421875,215.86502075195312,388.2872619628906,242.28228759765625,939.1359252929688,8709.5498046875
2016-10-07,291.98602294921875,215.30654907226562,382.6748962402344,241.8896942138672,930.899658203125,8697.599609375
2016-10-10,292.841064453125,214.87696838378906,389.2509460449219,239.13050842285156,935.8135375976562,8708.7998046875
2016-10-13,287.9161682128906,207.18743896484375,397.7165832519531,230.58041381835938,915.6057739257812,8573.349609375
2016-10-14,287.6994934082031,207.70297241210938,388.1926574707031,235.05177307128906,930.270263671875,8583.400390625
2016-10-17,282.2045593261719,222.3087615966797,386.39752197265625,231.3437957763672,928.795654296875,8520.400390625
2016-10-18,286.79888916015625,232.27503967285156,392.69012451171875,235.8042755126953,943.6373291015625,8677.900390625
2016-10-19,286.9128723144531,227.7214813232422,393.72943115234375,237.16748046875,941.632080078125,8659.099609375
2016-10-20,286.26300048828125,238.50399780273438,391.7830810546875,237.21109008789062,944.0105590820312,8699.400390625
2016-10-21,289.72882080078125,238.33218383789062,396.61517333984375,232.1181182861328,954.822265625,8693.0498046875
2016-10-24,288.09857177734375,244.47518920898438,392.3370056152344,231.92181396484375,957.0103759765625,8708.9501953125
2016-10-25,285.077392578125,248.51324462890625,388.5553283691406,231.387451171875,945.4795532226562,8691.2998046875
2016-10-26,282.5693664550781,239.1913299560547,387.40936279296875,229.9042205810547,944.6124877929688,8615.25
2016-10-27,285.4878234863281,244.26040649414062,383.32208251953125,228.73733520507812,953.2257690429688,8615.25
2016-10-28,287.072509765625,237.859619140625,381.03021240234375,230.10057067871094,945.578125,8638.0
2016-11-01,287.2435302734375,236.57086181640625,377.95526123046875,229.239013671875,926.3801879882812,8626.25
2016-11-02,284.1311950683594,233.60675048828125,374.7464904785156,223.2953338623047,908.2669677734375,8514.0
2016-11-03,286.1376037597656,231.75953674316406,369.3223571777344,223.33897399902344,914.3374633789062,8484.9501953125
2016-11-04,283.57257080078125,231.80250549316406,370.9075927734375,219.32566833496094,918.71337890625,8433.75
2016-11-07,284.8836364746094,239.44908142089844,373.5624084472656,218.365966796875,897.6231079101562,8497.0498046875
2016-11-08,285.9894714355469,243.3153076171875,375.338623046875,218.87852478027344,900.047607421875,8543.5498046875
2016-11-09,285.2940673828125,241.81175231933594,366.0563659667969,219.11843872070312,855.364501953125,8432.0
2016-11-10,291.51861572265625,251.39144897460938,358.8369140625,220.383544921875,849.6878662109375,8525.75
2016-11-11,290.89166259765625,237.4729461669922,352.01837158203125,218.496826171875,828.2825927734375,8296.2998046875
2016-11-15,286.0920715332031,231.75953674316406,352.7823791503906,214.93064880371094,836.2257690429688,8108.4501953125
2016-11-16,283.7207336425781,228.7095184326172,359.40985107421875,215.1814727783203,863.1500854492188,8111.60009765625
2016-11-17,280.49444580078125,229.9552764892578,355.1697998046875,213.26205444335938,842.493896484375,8079.9501953125
2016-11-18,276.20794677734375,227.33485412597656,351.4263916015625,215.38870239257812,837.7239379882812,8074.10009765625
2016-11-21,273.312255859375,224.41368103027344,348.02667236328125,216.26113891601562,840.798583984375,7929.10009765625
2016-11-22,273.16400146484375,225.7024383544922,349.21087646484375,218.431396484375,841.6267700195312,8002.2998046875
2016-11-23,270.131591796875,227.63555908203125,351.5217590332031,220.07815551757812,850.042724609375,8033.2998046875
2016-11-24,265.742431640625,222.78128051757812,355.36077880859375,215.35597229003906,862.69677734375,7965.5
2016-11-25,271.1689453125,223.46861267089844,373.3905029296875,216.74099731445312,906.80810546875,8114.2998046875
2016-11-28,270.06317138671875,219.34463500976562,374.2498779296875,215.20327758789062,899.8110961914062,8126.89990234375
2016-11-29,268.7635498046875,219.47349548339844,371.51873779296875,217.61346435546875,890.8430786132812,8142.14990234375
2016-11-30,273.5174255371094,228.1510772705078,372.6455993652344,215.9448699951172,897.2290649414062,8224.5
2016-12-01,272.9816589355469,222.6524200439453,372.6646728515625,217.62437438964844,892.2621459960938,8192.900390625
2016-12-02,271.1234130859375,222.95310974121094,368.4247131347656,216.9700164794922,875.8629760742188,8086.7998046875
2016-12-05,272.77642822265625,224.11300659179688,367.33599853515625,216.77371215820312,861.7307739257812,8128.75
2016-12-06,272.3432312011719,224.24185180664062,369.1886291503906,219.2493133544922,860.2921752929688,8143.14990234375
2016-12-07,269.4132995605469,222.2657928466797,369.1504821777344,217.92970275878906,849.3331298828125,8102.0498046875
2016-12-08,273.49468994140625,225.7454071044922,376.12164306640625,222.48831176757812,865.5742797851562,8246.849609375
2016-12-09,273.2210388183594,230.64263916015625,377.9169921875,224.42955017089844,865.3771362304688,8261.75
2016-12-12,270.06317138671875,227.54962158203125,373.33319091796875,224.04783630371094,870.4822998046875,8170.7998046875
2016-12-13,270.4735412597656,227.16302490234375,378.2416687011719,226.7960968017578,867.3682250976562,8221.7998046875
2016-12-14,268.068115234375,223.855224609375,381.8896484375,231.0929718017578,870.245849609375,8182.4501953125
2016-12-15,268.2733154296875,223.6404571533203,379.06298828125,229.66433715820312,890.6262817382812,8153.60009765625
2016-12-16,269.5729675292969,219.60240173339844,383.95233154296875,230.58041381835938,899.8306274414062,8139.4501953125
2016-12-19,268.3074951171875,220.89111328125,383.7613220214844,231.75820922851562,902.2942504882812,8104.35009765625
2016-12-20,269.48175048828125,216.1657257080078,386.6262512207031,230.74398803710938,922.1624755859375,8082.39990234375
2016-12-21,269.04852294921875,217.58334350585938,382.5771789550781,231.91091918945312,912.0314331054688,8061.2998046875
2016-12-22,267.4752502441406,217.32557678222656,376.1407775878906,229.75155639648438,909.7057495117188,7979.10009765625
2016-12-23,270.4735412597656,216.38050842285156,377.5732116699219,230.61314392089844,901.9794311523438,7985.75
2016-12-26,267.908447265625,213.2016143798828,375.3958740234375,228.4646759033203,903.9501953125,7908.25
2016-12-27,270.234130859375,217.84107971191406,381.5840148925781,232.22718811035156,915.89453125,8032.85009765625
2016-12-28,270.5875549316406,216.29458618164062,381.41217041015625,228.9554443359375,911.9528198242188,8034.85009765625
2016-12-29,274.7942810058594,215.73611450195312,379.06298828125,232.39077758789062,927.050537109375,8103.60009765625
2016-12-30,275.0222473144531,219.34463500976562,386.0341796875,236.08782958984375,932.510498046875,8185.7998046875
2017-01-02,272.9474182128906,216.46644592285156,382.4053039550781,236.67672729492188,930.8545532226562,8179.5
2017-01-03,271.3057556152344,218.57138061523438,379.6359558105469,237.6146240234375,933.5748901367188,8192.25
2017-01-04,270.30255126953125,215.73611450195312,381.12567138671875,232.7615509033203,938.009033203125,8190.5
2017-01-05,270.462158203125,221.01998901367188,380.51446533203125,234.9972381591797,920.2307739257812,8273.7998046875
2017-01-06,272.16082763671875,221.79322814941406,371.3851318359375,234.4628448486328,899.3379516601562,8243.7998046875
2017-01-09,272.51422119140625,222.2657928466797,370.6593322753906,235.06265258789062,908.1288452148438,8236.0498046875
2017-01-10,276.8805236816406,223.5545196533203,370.7356872558594,237.71278381347656,912.72119140625,8288.599609375
2017-01-11,281.36090087890625,227.42076110839844,370.1817932128906,236.88394165039062,916.2890014648438,8380.650390625
2017-01-12,281.5888671875,230.5567169189453,382.0042724609375,236.28411865234375,924.1533203125,8407.2001953125
2017-01-13,281.0188903808594,230.29898071289062,372.7411193847656,237.83273315429688,886.68408203125,8400.349609375
2017-01-16,284.47314453125,231.3729248046875,365.0441589355469,234.7464141845703,890.330810546875,8412.7998046875
2017-01-17,282.386962890625,230.59967041015625,364.9486083984375,227.11236572265625,898.29345703125,8398.0
2017-01-18,283.3217468261719,230.64263916015625,363.19140625,225.21475219726562,904.7384643554688,8417.0
2017-01-19,281.8853759765625,231.71658325195312,365.9799499511719,225.46560668945312,903.1227416992188,8435.099609375
2017-01-20,281.8966979980469,226.34681701660156,362.3893127441406,223.74249267578125,900.895263671875,8349.349609375
2017-01-23,283.7891845703125,221.27772521972656,363.9172668457031,221.58314514160156,911.9050903320312,8391.5
2017-01-24,289.01055908203125,220.93405151367188,361.18603515625,224.06967163085938,916.5108032226562,8475.7998046875
2017-01-25,294.26611328125,223.33973693847656,357.767333984375,221.88851928710938,930.2086791992188,8602.75
2017-01-27,294.5625,233.69264221191406,359.8873291015625,223.58978271484375,932.1063842773438,8641.25
2017-01-30,292.97784423828125,232.66168212890625,362.63763427734375,227.8866729736328,922.2626953125,8632.75
2017-01-31,293.365478515625,231.07223510742188,354.7113952636719,227.97390747070312,881.5042114257812,8561.2998046875
2017-02-01,297.7090148925781,241.42514038085938,350.184814453125,228.9445343017578,857.0332641601562,8716.400390625
2017-02-02,296.1129455566406,245.5491485595703,357.4998779296875,227.6031494140625,872.7476806640625,8734.25
2017-02-03,298.9288635253906,241.89768981933594,357.5763244628906,225.4547119140625,882.5914916992188,8740.9501953125
2017-02-06,299.6242980957031,249.41534423828125,357.2516174316406,227.19961547851562,885.8331909179688,8801.0498046875
2017-02-07,298.0396423339844,247.52520751953125,359.9255065917969,224.85488891601562,887.355224609375,8768.2998046875
2017-02-08,297.6976318359375,245.5491485595703,357.72906494140625,223.6007080078125,897.7723388671875,8769.0498046875
2017-02-09,295.8735656738281,244.86180114746094,361.35797119140625,225.2583770751953,916.095703125,8778.400390625
2017-02-10,297.2301940917969,241.9406280517578,369.8762512207031,224.69129943847656,947.9789428710938,8793.5498046875
2017-02-13,298.7350769042969,241.98361206054688,376.0070495605469,224.62586975097656,954.422607421875,8805.0498046875
2017-02-14,298.9402770996094,244.5611114501953,377.2867126464844,228.97723388671875,951.259765625,8792.2998046875
2017-02-15,301.4710998535156,241.21034240722656,375.032958984375,229.30441284179688,954.2053833007812,8724.7001953125
2017-02-16,302.7707824707031,239.53497314453125,386.6071472167969,232.83787536621094,967.6660766601562,8778.0
2017-02-17,313.97735595703125,243.14349365234375,382.02337646484375,234.5828094482422,951.9120483398438,8821.7001953125
2017-02-20,321.28497314453125,242.5850372314453,385.90057373046875,234.56100463867188,989.1918334960938,8879.2001953125
2017-02-21,322.755615234375,244.68997192382812,387.1800842285156,237.35287475585938,974.6239013671875,8907.849609375
2017-02-22,319.0163269042969,245.849853515625,378.2226257324219,263.3739929199219,953.33544921875,8926.900390625
2017-02-23,317.9104919433594,244.43218994140625,385.3657531738281,257.97564697265625,981.126953125,8939.5
2017-02-27,317.7508544921875,239.57794189453125,386.72174072265625,270.22283935546875,984.3096313476562,8896.7001953125
2017-02-28,316.9528503417969,237.4300079345703,386.72174072265625,270.03741455078125,974.9796752929688,8879.599609375
2017-03-01,317.3062438964844,239.79273986816406,391.5920715332031,269.26312255859375,980.2374267578125,8945.7998046875
2017-03-02,314.6727600097656,239.4061279296875,390.88543701171875,269.7538757324219,988.895263671875,8899.75
2017-03-03,313.9659118652344,237.08633422851562,393.9031066894531,274.5087585449219,985.9698486328125,8897.5498046875
2017-03-06,314.8209533691406,237.77369689941406,394.9344482421875,284.7165832519531,977.4505004882812,8963.4501953125
2017-03-07,316.0635986328125,237.1293182373047,389.5484619140625,284.62933349609375,988.242919921875,8946.900390625
2017-03-08,317.4316101074219,235.754638671875,384.9646911621094,281.6302185058594,993.145263671875,8924.2998046875
2017-03-09,317.8876647949219,234.98141479492188,386.3971252441406,280.65960693359375,996.130126953125,8927.0
2017-03-10,319.2328796386719,232.44688415527344,390.33148193359375,279.5472412109375,1005.0247802734375,8934.5498046875
2017-03-14,321.6497497558594,246.79490661621094,395.2782897949219,281.2593994140625,1015.0071411132812,9087.0
2017-03-15,322.9949645996094,244.99066162109375,386.5498046875,284.62933349609375,987.6500854492188,9084.7998046875
2017-03-16,323.1660461425781,244.43218994140625,393.00543212890625,283.03704833984375,996.5843505859375,9153.7001953125
2017-03-17,325.10406494140625,241.0814971923828,397.379150390625,283.70233154296875,998.5017700195312,9160.0498046875
2017-03-20,327.441162109375,236.31312561035156,390.19781494140625,279.3619079589844,980.4153442382812,9126.849609375
2017-03-21,328.5469665527344,233.73561096191406,394.5333251953125,275.6539001464844,983.0641479492188,9121.5
2017-03-22,326.2555236816406,227.6785125732422,392.56610107421875,274.7596130371094,980.00048828125,9030.4501953125
2017-03-23,326.2555236816406,229.3538818359375,397.4364013671875,277.72601318359375,972.6475219726562,9086.2998046875
2017-03-24,324.7621154785156,236.05535888671875,393.9795227050781,280.65960693359375,959.5419921875,9108.0
2017-03-27,321.4559326171875,234.6807098388672,393.00543212890625,272.8837890625,953.5531005859375,9045.2001953125
2017-03-28,323.8158874511719,237.9884796142578,395.4119873046875,271.71685791015625,960.6295776367188,9100.7998046875
2017-03-29,325.7310791015625,242.4561309814453,394.1513977050781,274.0943908691406,966.4208984375,9143.7998046875
2017-03-30,334.3041687011719,241.72584533691406,391.72576904296875,277.14794921875,964.997802734375,9173.75
2017-03-31,328.91180419921875,237.859619140625,390.4843444824219,288.1082458496094,961.36083984375,9173.75
2017-04-03,326.7799377441406,246.32237243652344,385.3465881347656,299.83197021484375,953.4141845703125,9237.849609375
2017-04-05,326.58612060546875,244.73292541503906,380.4381408691406,308.6329040527344,949.283203125,9265.150390625
2017-04-06,327.9883728027344,241.29623413085938,381.8323669433594,313.75860595703125,948.8089599609375,9261.9501953125
2017-04-07,328.0681457519531,238.28919982910156,374.93756103515625,306.8006896972656,960.2733764648438,9198.2998046875
2017-04-10,326.9965515136719,238.5469512939453,364.18463134765625,301.2933654785156,957.5853881835938,9181.4501953125
2017-04-11,328.21636962890625,243.7019500732422,369.4369812011719,299.33026123046875,956.4189453125,9237.0
2017-04-12,329.17401123046875,241.25331115722656,370.0863342285156,295.3278503417969,946.1209716796875,9203.4501953125
2017-04-13,328.3988342285156,242.97166442871094,355.781005859375,297.6835021972656,920.5826416015625,9150.7998046875
2017-04-17,327.6007995605469,242.62796020507812,353.298095703125,303.58355712890625,915.126708984375,9139.2998046875
2017-04-18,329.9948425292969,243.4871368408203,352.4386291503906,298.861328125,912.7354125976562,9105.150390625
2017-04-19,330.3824157714844,241.03854370117188,351.1207275390625,298.5559387207031,908.9202270507812,9103.5
2017-04-20,333.3807678222656,234.33705139160156,354.2148742675781,298.7196044921875,919.3372802734375,9136.400390625
2017-04-21,341.2356262207031,231.24407958984375,352.8396911621094,305.9064636230469,913.5259399414062,9119.400390625
2017-04-24,349.54644775390625,230.814453125,353.9283142089844,309.1563720703125,920.3651733398438,9217.9501953125
2017-04-25,350.4585266113281,234.1222381591797,354.99786376953125,312.515380859375,913.8026123046875,9306.599609375
2017-04-26,353.5594177246094,237.90255737304688,349.2299499511719,308.94915771484375,913.3480834960938,9351.849609375
2017-04-27,357.6521301269531,235.53985595703125,353.4317932128906,307.4332275390625,910.3040161132812,9342.150390625
2017-04-28,352.61309814453125,239.27725219726562,351.0252380371094,304.3142395019531,898.64208984375,9304.0498046875
2017-05-02,351.2679443359375,236.78565979003906,352.41949462890625,298.93768310546875,905.2635498046875,9313.7998046875
2017-05-03,352.111572265625,234.33705139160156,356.888671875,298.8395080566406,924.0022583007812,9311.9501953125
2017-05-04,349.94549560546875,255.8590545654297,358.1683654785156,296.189453125,921.15576171875,9359.900390625
2017-05-05,349.3526306152344,256.50347900390625,355.8191833496094,289.7113952636719,917.3604125976562,9285.2998046875
2017-05-08,349.94549560546875,260.2837829589844,361.1669921875,288.2173156738281,926.0380859375,9314.0498046875
2017-05-09,350.162109375,258.2647705078125,361.6062927246094,290.16949462890625,930.0311889648438,9316.849609375
2017-05-10,353.8216247558594,256.5893859863281,360.4603576660156,296.4402770996094,922.0846557617188,9407.2998046875
2017-05-11,352.59033203125,257.9211120605469,360.6322021484375,296.5384216308594,928.8056030273438,9422.400390625
2017-05-12,353.7873840332031,254.78517150878906,368.32916259765625,294.55352783203125,933.2329711914062,9400.900390625
2017-05-15,354.1863708496094,259.2958068847656,363.47796630859375,293.1685791015625,934.9921875,9445.400390625
2017-05-16,355.6114501953125,260.0260925292969,364.7958679199219,295.82952880859375,960.312744140625,9512.25
2017-05-17,355.0414733886719,266.1261291503906,363.9554748535156,295.131591796875,970.6708984375,9525.75
2017-05-18,355.0299987792969,264.5796203613281,367.3742370605469,289.5151062011719,1002.6328125,9429.4501953125
2017-05-19,355.976318359375,263.8063659667969,365.9226989746094,287.6611633300781,991.1488647460938,9427.900390625
2017-05-22,359.33935546875,261.05706787109375,367.2596435546875,288.8171691894531,1000.7154541015625,9438.25
2017-05-23,357.7660827636719,262.94720458984375,365.67437744140625,284.7602233886719,996.9007568359375,9386.150390625
2017-05-24,357.23028564453125,263.505615234375,364.71942138671875,283.0480041503906,1011.7056884765625,9360.5498046875
2017-05-25,368.7218933105469,272.95648193359375,375.60601806640625,284.08404541015625,1037.5802001953125,9509.75
2017-05-26,370.7397155761719,276.26422119140625,380.3426208496094,291.6853332519531,1019.2562866210938,9595.099609375
2017-05-29,372.0849914550781,270.55084228515625,376.3127136230469,295.96044921875,1017.1217651367188,9604.900390625
2017-05-30,371.4351501464844,276.1354064941406,380.5335693359375,296.4947814941406,1008.5233154296875,9624.5498046875
2017-05-31,373.0654296875,280.47418212890625,373.21856689453125,292.4269104003906,1006.74462890625,9621.25
2017-06-01,371.3325500488281,275.01849365234375,376.7480163574219,289.7113952636719,1009.5118408203125,9616.099609375
2017-06-02,372.6207580566406,273.34307861328125,375.9916687011719,288.947998046875,1013.9788208007812,9653.5
2017-06-05,372.9172058105469,274.7177734375,371.8416748046875,289.95135498046875,1029.4166259765625,9675.099609375
2017-06-06,373.69244384765625,274.0304260253906,379.8313293457031,286.3415222167969,1065.8065185546875,9637.150390625
2017-06-07,374.11431884765625,278.97064208984375,372.8307800292969,292.05609130859375,1033.8841552734375,9663.900390625
2017-06-08,375.014892578125,275.1043701171875,370.94970703125,290.4638977050781,996.8617553710938,9647.25
2017-06-09,380.04248046875,276.77972412109375,367.90521240234375,291.33636474609375,991.0897216796875,9668.25
2017-06-12,380.48712158203125,271.2811279296875,373.8197326660156,287.7919921875,983.26171875,9616.400390625
2017-06-13,382.2997131347656,270.5078430175781,371.4732666015625,286.6795654296875,980.0037231445312,9606.900390625
2017-06-14,381.045654296875,274.1163024902344,371.7835388183594,296.0912780761719,987.45947265625,9618.150390625
2017-06-15,379.4837951660156,272.1402893066406,369.26263427734375,301.86041259765625,963.8742065429688,9578.0498046875
2017-06-16,380.6010437011719,271.92547607421875,364.666748046875,302.9183044433594,959.2772216796875,9588.0498046875
2017-06-19,385.993408203125,275.4480285644531,360.6331481933594,307.3787536621094,972.0689086914062,9657.5498046875
2017-06-20,384.5455322265625,278.5610656738281,365.94659423828125,308.0549011230469,977.3854370117188,9653.5
2017-06-21,387.31585693359375,277.275146484375,365.8690185546875,310.1596984863281,961.9154052734375,9633.599609375
2017-06-22,387.1562805175781,275.8464050292969,364.6279602050781,312.48260498046875,957.3381958007812,9630.0
2017-06-23,382.74432373046875,277.98956298828125,365.8302917480469,313.18060302734375,944.0866088867188,9574.9501953125
2017-06-27,380.2362365722656,274.2270812988281,359.5472717285156,313.4641418457031,936.5512084960938,9511.400390625
2017-06-28,379.96258544921875,276.560791015625,358.6357727050781,305.0340881347656,939.4296264648438,9491.25
2017-06-29,381.7070007324219,279.322998046875,360.7689208984375,303.7688903808594,932.7137451171875,9504.099609375
2017-06-30,379.18218994140625,276.3702087402344,362.8439025878906,300.9988708496094,944.3461303710938,9520.900390625
2017-07-03,380.68560791015625,276.2750244140625,369.18505859375,301.2278747558594,948.8436279296875,9615.0
2017-07-04,379.4806213378906,275.7510986328125,373.1604919433594,310.1488037109375,946.1454467773438,9613.2998046875
2017-07-05,378.4247741699219,278.9420166015625,368.7972412109375,314.663818359375,941.80810546875,9637.599609375
2017-07-06,380.58233642578125,279.7992858886719,367.28460693359375,314.6419677734375,938.430419921875,9674.5498046875
2017-07-07,382.6595153808594,275.941650390625,362.78570556640625,325.24237060546875,932.1942138671875,9665.7998046875
2017-07-10,384.7596130371094,277.6085205078125,371.1824645996094,325.6131591796875,973.3677368164062,9771.0498046875
2017-07-11,385.6892395019531,275.8940124511719,378.2798767089844,325.9403381347656,989.6982421875,9786.0498046875
2017-07-12,385.8843078613281,278.4657897949219,377.1163635253906,329.5937194824219,975.1671142578125,9816.099609375
2017-07-13,386.4122314453125,283.752197265625,378.939208984375,334.6321716308594,977.9453735351562,9891.7001953125
2017-07-14,385.58587646484375,284.0856018066406,377.0,337.19342041015625,958.37744140625,9886.349609375
2017-07-17,386.13677978515625,289.08624267578125,381.6540832519531,341.1507263183594,957.5782470703125,9915.9501953125
2017-07-18,386.4122314453125,289.46728515625,382.2552795410156,334.1485595703125,962.7349853515625,9827.150390625
2017-07-19,388.4205017089844,287.8955993652344,380.02520751953125,337.01751708984375,979.224365234375,9899.599609375
2017-07-20,392.68963623046875,286.32403564453125,375.9916687011719,336.1271667480469,977.2656860351562,9873.2998046875
2017-07-21,390.88787841796875,287.705078125,380.12213134765625,348.460693359375,995.85400390625,9915.25
2017-07-24,398.24407958984375,288.65753173828125,384.17510986328125,355.1111145019531,1014.4947509765625,9966.400390625
2017-07-25,399.2884216308594,289.7054138183594,385.4549255371094,352.2311706542969,1030.850341796875,9964.5498046875
2017-07-26,401.1015930175781,295.6109619140625,385.53253173828125,356.760009765625,1024.63671875,10020.650390625
2017-07-27,410.7645263671875,292.61053466796875,376.6122741699219,350.6152038574219,994.8516845703125,10020.5498046875
2017-07-28,408.205322265625,282.0853271484375,386.81243896484375,350.5382995605469,995.8941650390625,10014.5
2017-07-31,409.5595397949219,288.22900390625,392.1839904785156,355.10015869140625,998.900390625,10077.099609375
2017-08-01,412.4974060058594,288.22900390625,389.99267578125,352.5499572753906,1002.8491821289062,10114.650390625
2017-08-02,411.22357177734375,287.5146179199219,385.2610168457031,358.1780090332031,991.6852416992188,10081.5
2017-08-03,408.5381164550781,281.6567077636719,381.634765625,362.7728576660156,997.9586791992188,10013.650390625
2017-08-04,410.9022216796875,282.1805419921875,381.537841796875,356.6281433105469,1011.3276977539062,10066.400390625
2017-08-07,410.51202392578125,285.8952941894531,375.5262145996094,355.3529968261719,1003.5706176757812,10057.400390625
2017-08-08,408.067626953125,281.4662170410156,373.8197326660156,352.319091796875,1003.4102783203125,9978.5498046875
2017-08-09,404.9805603027344,276.79888916015625,375.9528503417969,351.49456787109375,1006.99853515625,9908.0498046875
2017-08-10,404.0624694824219,275.0367431640625,380.5682067871094,348.31781005859375,1006.7777099609375,9820.25
2017-08-11,401.44586181640625,273.322265625,383.0697326660156,339.9415283203125,1000.6046752929688,9710.7998046875
2017-08-14,403.31646728515625,277.94189453125,380.645751953125,345.8334655761719,989.92138671875,9794.150390625
2017-08-16,408.8365478515625,280.9422912597656,378.2218017578125,344.3055419921875,999.12109375,9897.2998046875
2017-08-17,405.1986389160156,279.227783203125,395.9266357421875,344.52545166015625,996.4353637695312,9904.150390625
2017-08-18,402.1574401855469,279.227783203125,358.07342529296875,346.3501281738281,1007.7201538085938,9837.400390625
2017-08-21,400.10321044921875,279.5611877441406,338.7396240234375,343.9317932128906,1013.7329711914062,9754.349609375
2017-08-22,400.9753723144531,279.9897766113281,339.5152893066406,342.9754638671875,1001.2059936523438,9765.5498046875
2017-08-23,406.81671142578125,284.4189758300781,346.2637023925781,347.8121337890625,997.9586791992188,9852.5
2017-08-24,404.5329284667969,283.56170654296875,353.7684326171875,344.7342529296875,1000.82470703125,9857.0498046875
2017-08-28,404.4756164550781,286.6097717285156,364.9576110839844,344.4044494628906,997.0967407226562,9912.7998046875
2017-08-29,400.7802429199219,285.2761535644531,359.702392578125,336.8416442871094,990.5022583007812,9796.0498046875
2017-08-30,405.9216003417969,286.0381774902344,359.3921203613281,343.8658447265625,995.9943237304688,9884.400390625
2017-08-31,407.73480224609375,283.89508056640625,354.8544006347656,350.5492858886719,1000.7247314453125,9917.900390625
2017-09-01,405.70355224609375,284.13323974609375,356.7935791015625,353.97894287109375,984.7297973632812,9974.400390625
2017-09-04,401.8705139160156,282.99017333984375,349.1337585449219,354.69342041015625,984.6292724609375,9912.849609375
2017-09-05,402.8918762207031,283.4664611816406,349.7930908203125,358.9255065917969,995.9140625,9952.2001953125
2017-09-06,403.93621826171875,281.3232727050781,347.3496398925781,361.73956298828125,983.4271240234375,9916.2001953125
2017-09-07,405.4625549316406,278.75152587890625,347.4078674316406,359.71697998046875,986.19287109375,9929.900390625
2017-09-08,410.30548095703125,278.1324462890625,342.9670104980469,359.18927001953125,990.4019775390625,9934.7998046875
2017-09-11,418.4993591308594,276.9893493652344,340.795166015625,359.6289978027344,983.9281005859375,10006.0498046875
2017-09-12,421.2192077636719,277.37042236328125,342.8700866699219,362.2012939453125,997.5578002929688,10093.0498046875
2017-09-13,422.7455139160156,278.1324462890625,342.7537536621094,373.30364990234375,997.8582153320312,10079.2998046875
2017-09-14,422.18328857421875,279.7516174316406,346.1086120605469,371.0391845703125,996.9561767578125,10086.599609375
2017-09-15,424.37518310546875,277.75140380859375,352.255859375,370.1378173828125,1004.6131591796875,10085.400390625
2017-09-18,427.0146789550781,279.08489990234375,352.58551025390625,371.7866516113281,1001.8067626953125,10153.099609375
2017-09-19,424.54730224609375,280.6565246582031,353.8072204589844,368.73077392578125,1001.4862670898438,10147.5498046875
2017-09-20,424.3522033691406,276.751220703125,353.98175048828125,372.4902038574219,999.6021118164062,10141.150390625
2017-09-21,422.1144104003906,271.417236328125,352.760009765625,369.93994140625,1012.1697998046875,10121.900390625
2017-09-22,418.6715087890625,263.94000244140625,348.3968200683594,359.4091796875,1003.6309204101562,9964.400390625
2017-09-25,413.0826721191406,266.22607421875,347.252685546875,361.23394775390625,1006.4974365234375,9872.599609375
2017-09-26,411.3727111816406,269.3216857910156,351.344482421875,360.59637451171875,992.0257568359375,9871.5
2017-09-27,407.74627685546875,263.27325439453125,348.9786071777344,351.38470458984375,1000.1834716796875,9735.75
2017-09-28,412.06134033203125,262.84466552734375,347.5047912597656,345.8005065917969,992.7469482421875,9768.9501953125
2017-09-29,414.4483337402344,263.4637756347656,349.0173645019531,343.3602294921875,976.5116577148438,9788.599609375
2017-10-03,415.17132568359375,265.17828369140625,350.4329833984375,351.0329284667969,981.52294921875,9859.5
2017-10-04,412.4515380859375,262.9875183105469,348.9010009765625,360.0467224121094,979.0574340820312,9914.900390625
2017-10-05,412.8187255859375,258.8917236328125,350.2391052246094,362.37713623046875,973.9662475585938,9888.7001953125
2017-10-06,413.16302490234375,259.0346374511719,356.87115478515625,368.04925537109375,980.8009643554688,9979.7001953125
2017-10-09,412.10723876953125,258.8440856933594,358.3255310058594,365.2351989746094,983.787841796875,9988.75
2017-10-10,413.7597351074219,256.9866943359375,362.80511474609375,370.75335693359375,985.8524169921875,10016.9501953125
2017-10-11,410.8793029785156,254.8912353515625,360.96282958984375,369.4123229980469,1002.328125,9984.7998046875
2017-10-12,417.4551086425781,254.8435516357422,359.6442565917969,383.7464599609375,1021.510009765625,10096.400390625
2017-10-13,424.7998352050781,258.4154357910156,360.7301940917969,385.3733215332031,1025.6787109375,10167.4501953125
2017-10-16,426.2572326660156,261.2253723144531,364.1819152832031,385.5272521972656,1036.0216064453125,10230.849609375
2017-10-17,424.903076171875,260.8919677734375,360.8853759765625,384.45001220703125,1040.0904541015625,10234.4501953125
2017-10-18,428.8623962402344,250.65252685546875,358.5001220703125,402.1038513183594,1036.90380859375,10210.849609375
2017-10-19,424.24896240234375,245.60423278808594,359.50848388671875,400.0812683105469,1035.8211669921875,10146.5498046875
2017-10-23,427.6688537597656,250.08102416992188,364.3758850097656,413.2062683105469,1037.4248046875,10184.849609375
2017-10-24,428.541015625,253.89108276367188,359.3338928222656,410.78790283203125,1033.6163330078125,10207.7001953125
2017-10-25,412.0154724121094,291.1817626953125,362.7469177246094,413.2721862792969,1028.99365234375,10295.349609375
2017-10-26,412.0727844238281,285.0380859375,367.4204406738281,416.57000732421875,1020.5327758789062,10343.7998046875
2017-10-27,411.08587646484375,286.84783935546875,367.03253173828125,408.8532409667969,1038.8017578125,10323.0498046875
2017-10-30,416.58294677734375,286.2763671875,366.159912109375,414.4154052734375,1051.624267578125,10363.650390625
2017-10-31,415.0910339355469,285.84771728515625,362.52227783203125,413.68988037109375,1054.7596435546875,10335.2998046875
2017-11-01,418.00592041015625,298.51611328125,364.56719970703125,418.83441162109375,1046.258544921875,10440.5
2017-11-02,418.2125244140625,301.61175537109375,362.93524169921875,416.2181091308594,1055.624267578125,10423.7998046875
2017-11-03,420.1864013671875,300.8973083496094,364.409912109375,415.64654541015625,1053.1920166015625,10452.5
2017-11-06,419.70440673828125,301.0878601074219,365.21612548828125,410.0184020996094,1071.4617919921875,10451.7998046875
2017-11-07,418.5797424316406,297.6112060546875,375.7554016113281,398.6741943359375,1089.3492431640625,10350.150390625
2017-11-08,419.0961608886719,290.99127197265625,374.49688720703125,390.3639221191406,1099.378173828125,10303.150390625
2017-11-09,419.5322570800781,296.51580810546875,375.36212158203125,395.9481201171875,1099.9407958984375,10308.9501953125
2017-11-10,418.1895446777344,303.37384033203125,378.3312072753906,388.6271057128906,1088.82666015625,10321.75
2017-11-13,416.2500915527344,299.32574462890625,374.35931396484375,384.8457336425781,1109.0052490234375,10224.9501953125
2017-11-14,413.6794738769531,299.182861328125,373.2384948730469,389.8802795410156,1091.1781005859375,10186.599609375
2017-11-15,413.19744873046875,300.5163879394531,374.3002624511719,388.5611877441406,1087.4393310546875,10118.0498046875
2017-11-16,414.9073791503906,303.802490234375,388.69342041015625,397.421142578125,1104.061279296875,10214.75
2017-11-17,419.00433349609375,309.6604309082031,381.83111572265625,400.9606018066406,1088.2440185546875,10283.599609375
2017-11-20,421.8963317871094,303.4215087890625,377.74127197265625,404.8959655761719,1086.696044921875,10298.75
2017-11-21,423.7555236816406,304.7073669433594,379.9828796386719,410.0403747558594,1074.4359130859375,10326.900390625
2017-11-22,425.82122802734375,303.7548828125,380.0025329589844,409.2489929199219,1077.531005859375,10342.2998046875
2017-11-23,422.97509765625,304.2787170410156,389.8142395019531,416.3940734863281,1077.772216796875,10348.75
2017-11-24,424.9374694824219,302.1355895996094,397.01080322265625,418.1968078613281,1080.5057373046875,10389.7001953125
2017-11-27,426.34906005859375,301.94512939453125,392.76361083984375,418.30670166015625,1079.6214599609375,10399.5498046875
2017-11-28,428.1393737792969,298.3255615234375,387.2384338378906,414.7891540527344,1079.400390625,10370.25
2017-11-29,429.9640808105469,299.897216796875,386.451904296875,415.9543762207031,1068.4869384765625,10361.2998046875
2017-11-30,425.4654541015625,292.9438781738281,383.85638427734375,405.2037353515625,1059.985107421875,10226.5498046875
2017-12-01,424.2030334472656,290.75311279296875,377.05303955078125,400.1691589355469,1057.1514892578125,10121.7998046875
2017-12-04,420.966796875,289.80059814453125,387.49407958984375,396.4317626953125,1058.1162109375,10127.75
2017-12-05,417.8337707519531,290.75311279296875,387.10076904296875,401.75213623046875,1059.402587890625,10118.25
2017-12-06,413.8974609375,285.2761535644531,389.4405822753906,407.4461975097656,1058.4979248046875,10044.099609375
2017-12-07,415.35498046875,291.2769775390625,393.1765441894531,409.6007080078125,1052.046875,10166.7001953125
2017-12-08,422.4127197265625,295.991943359375,393.982666015625,404.9618835449219,1045.7154541015625,10265.650390625
2017-12-11,423.7898864746094,296.6586608886719,395.3393859863281,402.829345703125,1069.6728515625,10322.25
2017-12-12,417.70758056640625,292.9915466308594,397.3843688964844,402.5874938964844,1049.9964599609375,10240.150390625
2017-12-13,418.0403747558594,288.5623779296875,394.7299499511719,402.1697998046875,1056.5283203125,10192.9501953125
2017-12-14,421.8733825683594,289.8958740234375,398.4068298339844,405.1817626953125,1028.149658203125,10252.099609375
2017-12-15,429.99847412109375,288.75286865234375,402.26080322265625,404.4122619628906,1023.2457885742188,10333.25
2017-12-18,431.2608337402344,294.22979736328125,399.7832336425781,404.9618835449219,1037.274169921875,10388.75
2017-12-19,432.5346984863281,298.8018493652344,394.80859375,407.138427734375,1035.18408203125,10463.2001953125
2017-12-20,428.7820129394531,300.8020935058594,399.4883117675781,403.70880126953125,1040.6710205078125,10444.2001953125
2017-12-21,428.81646728515625,300.46875,401.9264831542969,401.4223327636719,1043.38427734375,10440.2998046875
2017-12-22,430.7329406738281,301.56414794921875,408.729736328125,404.6980895996094,1063.9049072265625,10493.0
2017-12-26,428.827880859375,303.04046630859375,407.25506591796875,408.8312072753906,1064.989990234375,10531.5
2017-12-27,426.1654357910156,297.9445495605469,406.72418212890625,406.17108154296875,1053.112060546875,10490.75
2017-12-28,431.0543212890625,300.3258056640625,406.3309631347656,406.368896484375,1055.9456787109375,10477.900390625
2017-12-29,429.7574768066406,299.0875549316406,409.7915954589844,404.9839172363281,1085.79150390625,10530.7001953125
2018-01-01,425.64898681640625,295.5633239746094,406.44891357421875,400.0153503417969,1063.4423828125,
2018-01-02,429.7460021972656,294.9918212890625,404.9349060058594,400.630859375,1057.6539306640625,10442.2001953125
2018-01-03,425.22442626953125,300.0400695800781,401.63153076171875,402.23577880859375,1060.6488037109375,10443.2001953125
2018-01-04,426.888427734375,299.7543640136719,399.31134033203125,404.65411376953125,1068.0650634765625,10504.7998046875
2018-01-05,427.7376403808594,298.0397644042969,397.9742736816406,405.9512023925781,1080.9676513671875,10558.849609375
2018-01-08,427.0491027832031,299.23046875,407.43206787109375,408.2815856933594,1091.0975341796875,10623.599609375
2018-01-09,427.7606201171875,297.75408935546875,409.5162658691406,413.7338562011719,1088.927001953125,10637.0
2018-01-10,427.8753662109375,297.18255615234375,413.80279541015625,414.3494567871094,1128.158935546875,10632.2001953125
2018-01-11,429.7919616699219,294.8012390136719,423.0639343261719,412.3268737792969,1121.6873779296875,10651.2001953125
2018-01-12,428.12786865234375,302.61187744140625,424.1060485839844,417.2734375,1115.9996337890625,10681.25
2018-01-15,435.5758361816406,313.66094970703125,425.1678161621094,417.3393249511719,1103.8399658203125,10741.5498046875
2018-01-16,436.1266784667969,318.2330017089844,441.5665283203125,405.8193054199219,1145.9462890625,10700.4501953125
2018-01-17,433.91180419921875,326.9484558105469,453.0693054199219,406.5008239746094,1161.2607421875,10788.5498046875
2018-01-18,443.96490478515625,329.710693359375,453.3052673339844,404.3902587890625,1173.0184326171875,10817.0
2018-01-19,448.0733642578125,336.806884765625,449.6675720214844,409.49078369140625,1189.5394287109375,10894.7001953125
2018-01-22,450.63250732421875,334.806640625,452.2435302734375,427.1666259765625,1255.6580810546875,10966.2001953125
2018-01-23,447.8667907714844,345.0937194824219,462.9007263183594,432.3330993652344,1249.8560791015625,11083.7001953125
2018-01-24,449.32427978515625,335.9972839355469,466.32208251953125,424.90216064453125,1279.108154296875,11086.0
2018-01-25,453.2949523925781,343.6649475097656,462.2322082519531,424.7043762207031,1257.5318603515625,11069.650390625
2018-01-29,458.9642028808594,340.66455078125,465.1816711425781,424.08880615234375,1288.879150390625,11130.400390625
2018-01-30,458.0116882324219,336.4735412597656,460.3642272949219,417.8890686035156,1270.344482421875,11049.650390625
2018-01-31,460.352783203125,336.18780517578125,452.34173583984375,422.6817626953125,1254.0267333984375,11027.7001953125
2018-02-01,457.01324462890625,329.75836181640625,450.1199035644531,415.0089416503906,1264.6029052734375,11016.900390625
2018-02-02,447.1093444824219,319.18548583984375,449.5889892578125,397.64093017578125,1270.6669921875,10760.599609375
2018-02-05,439.27117919921875,314.0419616699219,447.60302734375,396.673583984375,1250.33984375,10666.5498046875
2018-02-06,435.3577575683594,314.9944763183594,435.6284484863281,392.2546081542969,1207.650390625,10498.25
2018-02-07,429.8492736816406,316.7565612792969,436.13970947265625,393.26593017578125,1190.6470947265625,10476.7001953125
2018-02-08,431.7198486328125,317.9948425292969,446.0497741699219,397.72882080078125,1198.3631591796875,10576.849609375
2018-02-09,424.50140380859375,311.2320556640625,436.1790466308594,394.7828674316406,1197.3555908203125,10454.9501953125
2018-02-12,430.7329406738281,310.75579833984375,433.6818542480469,402.5435485839844,1195.5831298828125,10539.75
2018-02-14,432.2248840332031,303.802490234375,431.69586181640625,410.5240783691406,1173.2210693359375,10500.900390625
2018-02-15,431.9379577636719,313.04180908203125,438.2632141113281,411.4034729003906,1178.8819580078125,10545.5
2018-02-16,431.1805419921875,305.802734375,443.611572265625,405.09381103515625,1181.783447265625,10452.2998046875
2018-02-19,431.0887145996094,304.5645446777344,445.066650390625,407.6000671386719,1177.9757080078125,10378.400390625
2018-02-20,427.6458435058594,302.1832580566406,447.1114807128906,405.005859375,1186.4970703125,10360.400390625
2018-02-21,426.314697265625,304.0406494140625,451.22100830078125,408.63336181640625,1225.802001953125,10397.4501953125
2018-02-22,425.3505859375,303.23095703125,456.470947265625,406.4349060058594,1228.9853515625,10382.7001953125
2018-02-23,431.62811279296875,307.42205810546875,454.4654235839844,410.78790283203125,1239.2998046875,10491.0498046875
2018-02-26,438.7432556152344,311.51776123046875,447.7602844238281,412.7445373535156,1221.531005859375,10582.599609375
2018-02-27,436.6775817871094,306.8504943847656,452.3221435546875,417.9330139160156,1225.8223876953125,10554.2998046875
2018-02-28,432.4658508300781,298.37322998046875,461.1309814453125,419.71380615234375,1222.880615234375,10492.849609375
2018-03-01,430.2050476074219,290.4674072265625,456.470947265625,417.0096435546875,1223.94873046875,10458.349609375
2018-03-05,429.19512939453125,288.943359375,454.5637512207031,406.3249206542969,1251.4075927734375,10358.849609375
2018-03-06,423.7555236816406,281.03753662109375,452.7743835449219,400.4989318847656,1226.0035400390625,10249.25
2018-03-07,420.6224365234375,273.0840759277344,449.9233093261719,391.2213439941406,1219.81884765625,10154.2001953125
2018-03-08,425.2703552246094,282.8473205566406,454.8586730957031,400.76275634765625,1210.3497314453125,10242.650390625
2018-03-09,424.8572082519531,278.79913330078125,457.5130615234375,401.48828125,1222.498046875,10226.849609375
2018-03-12,428.575439453125,286.37164306640625,466.30230712890625,409.05108642578125,1229.7705078125,10421.400390625
2018-03-13,426.96881103515625,289.8958740234375,465.5355224609375,409.7326354980469,1163.14794921875,10426.849609375
2018-03-14,427.9442443847656,291.51513671875,464.3556823730469,408.50146484375,1163.1881103515625,10410.900390625
2018-03-15,431.6854553222656,287.1335754394531,465.0242919921875,400.9166259765625,1156.25830078125,10360.150390625
2018-03-16,425.30474853515625,283.9427185058594,460.8558654785156,395.7502136230469,1138.5294189453125,10195.150390625
2018-03-19,423.9850158691406,280.561279296875,450.9654541015625,393.74957275390625,1140.665283203125,10094.25
2018-03-20,422.2061767578125,278.1324462890625,457.9653625488281,391.2433166503906,1154.3038330078125,10124.349609375
2018-03-21,426.6589660644531,275.46539306640625,459.12548828125,394.36517333984375,1151.0404052734375,10155.25
2018-03-22,428.690185546875,269.7979431152344,456.68719482421875,399.31182861328125,1140.8057861328125,10114.75
2018-03-23,422.6767578125,262.463623046875,459.1647644042969,393.0460510253906,1135.4874267578125,9998.0498046875
2018-03-26,434.5888977050781,268.2739562988281,454.3081359863281,396.2119140625,1135.024169921875,10130.650390625
2018-03-27,434.3938293457031,270.4170837402344,453.81658935546875,395.64031982421875,1147.3935546875,10184.150390625
2018-03-28,432.90191650390625,265.13067626953125,445.0862731933594,388.1214294433594,1147.9779052734375,10113.7001953125
2018-04-02,443.2533264160156,249.41427612304688,447.190185546875,392.6283874511719,1172.3546142578125,10211.7998046875
2018-04-03,439.74169921875,257.22479248046875,448.4878845214844,395.5303955078125,1172.9993896484375,10245.0
2018-04-04,432.247802734375,255.89132690429688,442.09747314453125,393.48577880859375,1172.8583984375,10128.400390625
2018-04-05,438.13507080078125,265.4164123535156,451.280029296875,399.3337707519531,1191.815673828125,10325.150390625
2018-04-06,441.463134765625,267.3214111328125,443.19866943359375,400.56494140625,1188.7333984375,10331.599609375
2018-04-09,445.05511474609375,267.511962890625,437.0047607421875,402.7633972167969,1178.09619140625,10379.349609375
2018-04-10,440.8778381347656,275.0843505859375,437.8503112792969,403.22509765625,1183.6160888671875,10402.25
2018-04-11,440.4187927246094,271.0362243652344,442.1172790527344,409.29296875,1214.4600830078125,10417.150390625
2018-04-12,442.7025451660156,273.1317443847656,457.1983947753906,408.34759521484375,1264.8643798828125,10458.650390625
2018-04-13,441.8303527832031,274.5605163574219,460.6788024902344,412.810546875,1270.52587890625,10480.599609375
2018-04-16,445.7551574707031,273.9413757324219,445.6367492675781,412.0190124511719,1284.366455078125,10528.349609375
2018-04-17,447.22412109375,277.89422607421875,442.49072265625,415.1848449707031,1275.8848876953125,10548.7001953125
2018-04-18,443.57470703125,276.2750244140625,442.78570556640625,412.436767578125,1272.863037109375,10526.2001953125
2018-04-19,445.04364013671875,275.8464050292969,445.4991455078125,414.3274841308594,1285.7763671875,10565.2998046875
2018-04-20,448.9225769042969,268.7502136230469,463.431640625,407.995849609375,1370.913330078125,10564.0498046875
2018-04-23,444.2976989746094,266.13079833984375,467.069091796875,411.557373046875,1373.4114990234375,10584.7001953125
2018-04-24,444.12554931640625,270.60760498046875,454.0130920410156,426.5290832519531,1364.144287109375,10614.349609375
2018-04-25,440.8548583984375,265.6545715332031,456.313720703125,426.7268981933594,1398.2314453125,10570.5498046875
2018-04-26,443.03533935546875,265.60693359375,462.64508056640625,428.8594665527344,1426.0330810546875,10617.7998046875
2018-04-27,441.463134765625,274.2270812988281,466.0860595703125,438.0711669921875,1390.85791015625,10692.2998046875
2018-04-30,446.2601318359375,270.70281982421875,471.7095642089844,423.5611267089844,1423.152099609375,10739.349609375
2018-05-02,452.0440673828125,263.74951171875,470.74615478515625,427.6943054199219,1410.1177978515625,10718.0498046875
2018-05-03,451.6768798828125,268.5120544433594,465.04400634765625,422.813720703125,1402.905517578125,10679.650390625
2018-05-04,456.405029296875,269.41693115234375,461.32769775390625,419.449951171875,1402.4619140625,10618.25
2018-05-07,453.8572998046875,276.0368347167969,465.2209167480469,426.9468078613281,1378.3673095703125,10715.5
2018-05-08,451.48175048828125,294.61077880859375,458.35858154296875,425.2319641113281,1386.526611328125,10717.7998046875
2018-05-09,454.0868225097656,292.2295227050781,460.3838806152344,429.45306396484375,1405.906982421875,10741.7001953125
2018-05-10,457.36895751953125,292.2771301269531,459.3220520019531,431.4097595214844,1390.576171875,10716.5498046875
2018-05-11,461.7413635253906,296.1824645996094,464.3360595703125,434.9713134765625,1392.8724365234375,10806.5
2018-05-14,464.0366516113281,295.372802734375,467.69842529296875,433.80609130859375,1383.4439697265625,10806.599609375
2018-05-15,467.7204284667969,293.61065673828125,469.7630310058594,430.4423828125,1403.126708984375,10801.849609375
2018-05-16,464.4038391113281,283.13299560546875,467.9540710449219,420.4172668457031,1407.7608642578125,10741.099609375
2018-05-17,465.4137878417969,281.9423828125,465.1816711425781,415.6685485839844,1406.9141845703125,10682.7001953125
2018-05-18,461.83319091796875,272.5126037597656,465.29949951171875,410.61199951171875,1411.0443115234375,10596.400390625
2018-05-21,457.4493408203125,275.56060791015625,463.844482421875,409.51275634765625,1433.0841064453125,10516.7001953125
2018-05-22,456.7263488769531,276.51312255859375,469.4877014160156,407.49017333984375,1413.804443359375,10536.7001953125
2018-05-23,451.5850830078125,278.17999267578125,465.9680480957031,401.11456298828125,1408.2440185546875,10430.349609375
2018-05-24,455.8312072753906,283.56170654296875,480.16461181640625,402.6974182128906,1452.0009765625,10513.849609375
2018-05-25,461.0413513183594,281.6090087890625,483.03533935546875,404.8739318847656,1444.788818359375,10605.150390625
2018-05-28,468.7303466796875,285.0380859375,477.56915283203125,404.6980895996094,1411.0443115234375,10688.650390625
2018-05-29,466.52691650390625,276.13214111328125,478.4736633300781,403.40093994140625,1419.686767578125,10633.2998046875
2018-05-30,470.1419982910156,271.3695983886719,476.50726318359375,402.8073425292969,1415.8992919921875,10614.349609375
2018-05-31,494.18780517578125,272.22686767578125,484.4117736816406,405.11578369140625,1414.6806640625,10736.150390625
2018-06-01,487.5237731933594,275.56060791015625,480.08587646484375,409.1610412597656,1407.6927490234375,10696.2001953125
2018-06-04,472.64813232421875,273.1317443847656,487.4004821777344,413.68988037109375,1417.280517578125,10628.5
2018-06-05,476.6673583984375,270.60760498046875,480.10552978515625,416.6798400878906,1398.87646484375,10593.150390625
2018-06-06,475.2237243652344,270.4170837402344,486.6336669921875,419.6477966308594,1402.24853515625,10684.650390625
2018-06-07,476.3439636230469,277.0845947265625,492.53253173828125,427.1007080078125,1410.211181640625,10768.349609375
2018-06-08,473.3757629394531,274.5605163574219,495.5212097167969,432.8167724609375,1419.5963134765625,10767.650390625
2018-06-11,471.7472839355469,272.7983093261719,496.44537353515625,432.0693054199219,1421.708984375,10786.9501953125
2018-06-12,472.1053161621094,273.7508544921875,494.91156005859375,438.44488525390625,1447.1419677734375,10842.849609375
2018-06-13,469.24102783203125,276.9417419433594,501.32177734375,440.7972717285156,1482.16259765625,10856.7001953125
2018-06-14,470.6155090332031,271.2267150878906,499.46844482421875,443.1936950683594,1452.4639892578125,10808.0498046875
2018-06-15,468.813720703125,269.08355712890625,516.2085571289062,445.9417419433594,1495.1224365234375,10817.7001953125
2018-06-18,466.39996337890625,279.08489990234375,510.6285400390625,446.53533935546875,1486.1435546875,10799.849609375
2018-06-19,467.40472412109375,278.8944091796875,500.23382568359375,437.96124267578125,1482.4871826171875,10710.4501953125
2018-06-20,474.9464416503906,279.27545166015625,500.8583679199219,448.1622009277344,1480.82177734375,10772.0498046875
2018-06-21,475.2814636230469,283.7998352050781,502.2283020019531,453.74639892578125,1478.302734375,10741.099609375
2018-06-22,481.2293395996094,286.37164306640625,502.7519836425781,445.1942443847656,1470.543212890625,10821.849609375
2018-06-25,483.9088439941406,275.941650390625,512.6631469726562,441.6546630859375,1478.2218017578125,10762.4501953125
2018-06-26,483.6201171875,274.41766357421875,514.8388061523438,430.4423828125,1504.8321533203125,10769.150390625
2018-06-27,487.9858093261719,265.7974548339844,511.676025390625,427.521240234375,1509.7071533203125,10671.400390625
2018-06-28,492.2013244628906,258.5107421875,519.5729370117188,418.2701416015625,1497.275634765625,10589.099609375
2018-06-29,487.0271911621094,262.32073974609375,526.6639404296875,430.4426574707031,1501.37890625,10714.2998046875
2018-07-02,478.8963623046875,264.2257385253906,537.7433471679688,425.1973571777344,1504.3040771484375,10657.2998046875
2018-07-03,478.1918640136719,259.9394836425781,545.4186401367188,429.93359375,1522.7486572265625,10699.900390625
2018-07-04,485.89532470703125,260.27288818359375,541.9737548828125,438.25518798828125,1516.3302001953125,10769.900390625
2018-07-05,490.5612487792969,258.653564453125,517.3167114257812,426.92364501953125,1527.8275146484375,10749.75
2018-07-06,488.5748291015625,257.22479248046875,517.4173583984375,432.7000732421875,1554.3570556640625,10772.650390625
2018-07-09,491.0001220703125,258.3202209472656,523.299560546875,441.3536682128906,1530.021240234375,10852.900390625
2018-07-10,495.793212890625,260.415771484375,524.3270263671875,454.0130615234375,1523.602294921875,10947.25
2018-07-11,496.2204895019531,255.98658752441406,532.0021362304688,459.8116455078125,1608.7568359375,10948.2998046875
2018-07-12,500.3089599609375,259.36798095703125,521.4866943359375,479.08843994140625,1601.809326171875,11023.2001953125
2018-07-13,503.76220703125,255.03407287597656,530.7734375,486.8124694824219,1609.732177734375,11018.900390625
2018-07-16,500.9787902832031,246.9377899169922,536.9981079101562,476.3663024902344,1616.3135986328125,10936.849609375
2018-07-17,502.8036804199219,253.79583740234375,535.0037231445312,483.5148620605469,1630.1138916015625,11008.0498046875
2018-07-18,502.6765441894531,250.22390747070312,532.8483276367188,483.6033935546875,1628.5670166015625,10980.4501953125
2018-07-19,504.96343994140625,248.795166015625,530.4912109375,489.0477600097656,1613.2198486328125,10957.099609375
2018-07-20,505.644775390625,253.1766815185547,543.1422119140625,499.5826110839844,1625.59521484375,11010.2001953125
2018-07-23,498.1145935058594,262.463623046875,546.3048706054688,495.8865051269531,1632.96337890625,11084.75
2018-07-24,498.8768615722656,261.32061767578125,554.8463134765625,491.7479248046875,1627.549072265625,11134.2998046875
2018-07-25,501.3253479003906,261.6063537597656,557.5053100585938,493.6069641113281,1613.3009033203125,11132.0
2018-07-26,506.46484375,272.0839538574219,553.2749633789062,491.61505126953125,1599.622802734375,11167.2998046875
2018-07-27,508.6707458496094,279.27545166015625,553.3555297851562,500.1137390136719,1582.5655517578125,11278.349609375
2018-07-30,501.2213134765625,292.75341796875,544.3106689453125,509.6526184082031,1583.25732421875,11319.5498046875
2018-07-31,503.4388732910156,289.80059814453125,549.9913330078125,524.9677734375,1579.6754150390625,11356.5
2018-08-01,498.63427734375,285.0857238769531,545.5394287109375,527.778564453125,1609.2303466796875,11346.2001953125
2018-08-02,492.0511474609375,284.3713073730469,545.3782958984375,517.1552124023438,1586.3515625,11244.7001953125
2018-08-03,490.07623291015625,290.51495361328125,549.5884399414062,520.9619140625,1611.6318359375,11360.7998046875
2018-08-06,488.37847900390625,300.13531494140625,548.198486328125,527.8892211914062,1608.4566650390625,11387.099609375
2018-08-07,492.21282958984375,298.2779235839844,551.1395263671875,524.1710815429688,1601.7803955078125,11389.4501953125
2018-08-08,493.47174072265625,303.5643615722656,549.0446166992188,538.9994506835938,1607.1944580078125,11450.0
2018-08-09,489.3486328125,317.1852722167969,555.9744262695312,539.1101684570312,1607.4793701171875,11470.7001953125
2018-08-10,488.4130554199219,312.9941711425781,558.1903076171875,533.0238037109375,1622.7452392578125,11429.5
2018-08-13,483.14654541015625,309.4698791503906,567.5776977539062,525.7203369140625,1628.485595703125,11355.75
2018-08-14,482.5575866699219,316.6614074707031,567.396484375,535.8567504882812,1631.25341796875,11435.099609375
2018-08-16,479.46234130859375,318.4234924316406,575.9579467773438,531.5187377929688,1635.2838134765625,11385.0498046875
2018-08-17,479.84344482421875,323.852783203125,576.2803344726562,532.8246459960938,1638.744140625,11470.75
2018-08-20,484.1976013183594,322.37640380859375,557.7067260742188,546.6127319335938,1636.4642333984375,11551.75
2018-08-21,484.1629638671875,322.7574462890625,557.5858764648438,552.05712890625,1642.7340087890625,11570.900390625
2018-08-23,480.43243408203125,321.1858215332031,563.0047607421875,561.9058227539062,1656.941162109375,11582.75
2018-08-24,478.1110534667969,315.875732421875,555.3095703125,565.4690551757812,1663.3731689453125,11557.099609375
2018-08-27,480.5594787597656,325.20416259765625,570.2569580078125,571.6660766601562,1669.8052978515625,11691.9501953125
2018-08-28,483.8857116699219,324.2474365234375,574.00390625,583.8385009765625,1684.7049560546875,11738.5
2018-08-29,480.1091003417969,325.9217224121094,568.1217041015625,572.8611450195312,1686.984619140625,11691.900390625
2018-08-30,477.24481201171875,329.4617919921875,570.579345703125,564.1190795898438,1695.4520263671875,11676.7998046875
2018-08-31,476.1129455566406,327.7874755859375,580.6114501953125,549.6005859375,1692.1953125,11680.5
2018-09-03,479.3121643066406,319.7027893066406,577.8515014648438,544.0675659179688,1671.433349609375,11582.349609375
2018-09-04,473.9416809082031,314.2970886230469,593.9874877929688,549.7333984375,1708.885986328125,11520.2998046875
2018-09-05,472.5673522949219,315.3973693847656,588.1455078125,543.1159057617188,1692.88720703125,11476.9501953125
2018-09-06,474.0340881347656,314.4405517578125,585.9295654296875,558.3427124023438,1689.671142578125,11536.900390625
2018-09-07,475.13128662109375,320.6116943359375,590.4822998046875,565.9560546875,1693.3758544921875,11589.099609375
2018-09-10,471.4816589355469,318.5068664550781,588.9110107421875,555.885986328125,1694.108642578125,11438.099609375
2018-09-11,462.06884765625,312.4313659667969,591.6909790039062,547.8521728515625,1666.0194091796875,11287.5
2018-09-12,464.7137145996094,308.9391784667969,598.6207885742188,554.4032592773438,1664.1468505859375,11369.900390625
2018-09-14,468.813720703125,314.1535339355469,591.2074584960938,554.69091796875,1681.6109619140625,11515.2001953125
2018-09-17,460.1747741699219,311.6181335449219,584.962646484375,542.6290893554688,1688.734619140625,11377.75
2018-09-18,459.4817810058594,305.06427001953125,579.4430541992188,538.7559814453125,1685.9664306640625,11278.900390625
2018-09-19,453.04876708984375,307.073486328125,579.9667358398438,535.923095703125,1691.7879638671875,11234.349609375
2018-09-21,455.1045227050781,303.3900146484375,568.3231811523438,538.9108276367188,1712.3460693359375,11143.099609375
2018-09-24,444.81402587890625,295.4009704589844,578.758056640625,545.3513793945312,1789.937744140625,10967.400390625
2018-09-25,450.9814147949219,297.6493835449219,585.1640625,544.7095336914062,1777.521240234375,11067.4501953125
2018-09-26,454.6310729980469,299.56292724609375,578.4356079101562,553.9161987304688,1744.099365234375,11053.7998046875
2018-09-27,456.4674377441406,293.3917541503906,584.0359497070312,554.9566040039062,1782.1219482421875,10977.5498046875
2018-09-28,463.37396240234375,292.33929443359375,588.2662963867188,556.8156127929688,1777.9283447265625,10930.4501953125
2018-10-01,470.1650695800781,300.4239807128906,601.6425170898438,545.1963500976562,1836.4278564453125,11008.2998046875
2018-10-03,469.1717834472656,290.5693054199219,587.017333984375,533.4222412109375,1760.95263671875,10858.25
2018-10-04,452.2172546386719,302.8158874511719,569.8541259765625,496.74969482421875,1681.1220703125,10599.25
2018-10-05,453.961181640625,294.013671875,583.8748168945312,464.2601013183594,1711.939208984375,10316.4501953125
2018-10-08,449.2721862792969,297.41015625,575.6961669921875,491.0617980957031,1691.5029296875,10348.0498046875
2018-10-09,448.25579833984375,293.0090637207031,578.3551025390625,482.4967956542969,1703.10546875,10301.0498046875
2018-10-10,454.3885498046875,306.0210876464844,564.4151611328125,487.8305358886719,1663.8619384765625,10460.099609375
2018-10-11,447.55126953125,298.22344970703125,542.5781860351562,481.5008544921875,1612.0389404296875,10234.650390625
2018-10-12,457.7840576171875,305.59051513671875,546.9696655273438,498.65301513671875,1561.8447265625,10472.5
2018-10-15,463.8359680175781,299.8021240234375,563.0855102539062,504.4958801269531,1587.247314453125,10512.5
2018-10-16,460.30181884765625,306.7864685058594,560.224853515625,515.141357421875,1597.6690673828125,10584.75
2018-10-17,456.109375,301.18939208984375,568.3632202148438,509.6082763671875,1570.882080078125,10453.0498046875
2018-10-19,454.5271301269531,301.8113098144531,550.797119140625,487.4764404296875,1557.6923828125,10303.5498046875
2018-10-22,461.7223815917969,312.9576416015625,547.896240234375,470.3684997558594,1549.3880615234375,10245.25
2018-10-23,458.47698974609375,308.891357421875,529.886962890625,466.8495788574219,1504.2281494140625,10146.7998046875
2018-10-24,460.18634033203125,308.0780944824219,523.6019287109375,462.887939453125,1508.18505859375,10224.75
2018-10-25,454.7696838378906,306.1167297363281,528.4483642578125,456.2705078125,1511.856689453125,10124.900390625
2018-10-26,453.01416015625,302.00262451171875,516.10791015625,462.51171875,1467.8797607421875,10030.0
2018-10-29,444.9526672363281,334.29345703125,525.190185546875,481.5008544921875,1526.5430908203125,10250.849609375
2018-10-30,441.8227233886719,330.75341796875,537.286376953125,467.8675842285156,1545.9609375,10198.400390625
2018-10-31,441.5917663574219,339.6513366699219,559.1166381835938,469.7488098144531,1581.330322265625,10386.599609375
2018-11-01,441.69573974609375,338.40753173828125,543.0698852539062,467.5356140136719,1579.3720703125,10380.4501953125
2018-11-02,450.29998779296875,339.1250915527344,539.445068359375,475.7908630371094,1561.1773681640625,10553.0
2018-11-05,451.81298828125,334.5326232910156,542.4996948242188,482.6074523925781,1542.7379150390625,10524.0
2018-11-06,449.6302185058594,337.83349609375,542.8663330078125,488.71588134765625,1576.8834228515625,10530.0
2018-11-07,452.2633972167969,340.5124206542969,550.238037109375,491.6372375488281,1584.5936279296875,10598.400390625
2018-11-09,449.3645324707031,341.4213562011719,537.2051391601562,484.0017395019531,1557.7098388671875,10585.2001953125
2018-11-12,443.7399597167969,337.11590576171875,541.033447265625,478.0482482910156,1562.3197021484375,10482.2001953125
2018-11-13,445.2875671386719,345.29620361328125,542.2553100585938,486.6575927734375,1578.719482421875,10582.5
2018-11-14,452.2172546386719,350.7497863769531,532.0733032226562,485.9936218261719,1534.416015625,10576.2998046875
2018-11-15,456.2364501953125,354.0028076171875,534.6799926757812,485.5067443847656,1528.052001953125,10616.7001953125
2018-11-16,462.9696960449219,351.6587219238281,530.158935546875,499.02935791015625,1539.2706298828125,10682.2001953125
2018-11-19,465.1872253417969,346.7313537597656,530.8515014648438,509.0329284667969,1552.2027587890625,10763.400390625
2018-11-20,464.8522644042969,342.42596435546875,522.4614868164062,503.4556884765625,1532.4578857421875,10656.2001953125
2018-11-21,466.3075256347656,341.32562255859375,504.2965087890625,492.61102294921875,1478.405029296875,10600.0498046875
2018-11-22,463.24688720703125,336.8288269042969,505.64056396484375,488.16259765625,1478.853759765625,10526.75
2018-11-26,473.4797058105469,340.9429626464844,506.2109069824219,491.2167663574219,1506.2265625,10628.599609375
2018-11-27,476.75970458984375,339.31646728515625,520.4249877929688,499.3833923339844,1542.248291015625,10685.599609375
2018-11-28,482.5921325683594,343.4783630371094,542.8255004882812,510.2059020996094,1618.6573486328125,10728.849609375
2018-11-29,492.24749755859375,346.5400390625,538.467529296875,517.2216796875,1599.606201171875,10858.7001953125
2018-11-30,491.6469421386719,339.7948303222656,543.6808471679688,516.8012084960938,1605.888671875,10876.75
2018-12-03,488.1474609375,340.1297302246094,546.04296875,511.88787841796875,1617.43359375,10883.75
2018-12-04,481.7375183105469,342.4738464355469,558.1800537109375,510.051025390625,1640.645751953125,10869.5
2018-12-05,484.8905334472656,336.2069396972656,555.0439453125,511.3124694824219,1637.3009033203125,10782.900390625
2018-12-06,484.3939208984375,332.6191101074219,544.5361328125,497.3694152832031,1625.83740234375,10601.150390625
2018-12-07,486.830810546875,336.9723815917969,556.184326171875,501.8621520996094,1627.8768310546875,10693.7001953125
2018-12-10,482.4766845703125,331.37530517578125,545.1062622070312,482.5853271484375,1612.048828125,10488.4501953125
2018-12-11,475.7318115234375,327.978759765625,549.4234008789062,485.81658935546875,1631.7935791015625,10549.150390625
2018-12-12,481.6798095703125,334.8196716308594,552.681640625,491.5486755371094,1645.5001220703125,10737.599609375
2018-12-13,485.3756408691406,334.43695068359375,568.3621826171875,490.0216369628906,1617.5966796875,10791.5498046875
2018-12-14,484.0820617675781,336.68536376953125,575.1229858398438,492.3012390136719,1623.43017578125,10805.4501953125
2018-12-17,492.0511474609375,342.95220947265625,565.6331787109375,500.1358642578125,1627.142578125,10888.349609375
2018-12-18,493.2638244628906,346.5878601074219,551.1340942382812,503.0129699707031,1621.8802490234375,10908.7001953125
2018-12-19,490.49200439453125,350.6540832519531,541.5629272460938,503.1900329589844,1606.0517578125,10967.2998046875
2018-12-20,493.7257995605469,346.4921875,543.35498046875,499.4941101074219,1594.3028564453125,10951.7001953125
2018-12-21,487.6507873535156,338.8858947753906,526.371337890625,486.98956298828125,1546.776611328125,10754.0
2018-12-24,480.6056823730469,337.4986267089844,528.652099609375,482.0984802246094,1565.297607421875,10663.5
2018-12-26,490.2378845214844,340.464599609375,524.6199951171875,486.170654296875,1541.3919677734375,10729.849609375
2018-12-27,486.2418518066406,340.2732238769531,535.0057983398438,495.8422546386719,1557.506103515625,10779.7998046875
2018-12-28,490.3649597167969,345.1526794433594,535.1278686523438,498.2104187011719,1546.9813232421875,10859.900390625
2018-12-31,490.0877380371094,344.57867431640625,536.7569580078125,496.3070373535156,1544.533203125,10862.5498046875
2019-01-01,496.1858825683594,348.0229797363281,541.7258911132812,496.1964111328125,1552.4879150390625,
2019-01-02,491.6584777832031,348.8363037109375,544.9840087890625,489.73388671875,1569.2135009765625,10792.5
2019-01-03,487.80096435546875,347.5446472167969,545.0654296875,483.6919250488281,1550.162841796875,10672.25
2019-01-04,489.1060485839844,349.4103698730469,538.467529296875,486.303466796875,1531.31591796875,10727.349609375
2019-01-07,489.8452453613281,351.80224609375,547.1427001953125,489.0035400390625,1548.490478515625,10771.7998046875
2019-01-08,485.7682800292969,363.7139892578125,545.798583984375,488.9592590332031,1544.9415283203125,10802.150390625
2019-01-09,488.9559631347656,365.7231750488281,550.7267456054688,491.6593322753906,1539.5560302734375,10855.150390625
2019-01-10,487.0386962890625,363.0920715332031,553.6591186523438,490.22076416015625,1540.86181640625,10821.599609375
2019-01-11,487.8240661621094,362.1831359863281,556.7545776367188,486.03790283203125,1503.33056640625,10794.9501953125
2019-01-14,485.4564514160156,357.20794677734375,571.7424926757812,485.484619140625,1479.4249267578125,10737.599609375
2019-01-15,490.13397216796875,356.63385009765625,591.8623657226562,500.0251770019531,1523.93212890625,10886.7998046875
2019-01-16,489.7412414550781,359.0736083984375,600.1707763671875,502.7917785644531,1525.84912109375,10890.2998046875
2019-01-17,492.5362854003906,358.4039306640625,597.3606567382812,502.1499328613281,1548.8658447265625,10905.2001953125
2019-01-18,492.0627136230469,355.9162902832031,595.4055786132812,524.2374267578125,1554.058349609375,10906.9501953125
2019-01-21,496.1973571777344,355.6293029785156,606.85009765625,547.8521728515625,1560.639892578125,10961.849609375
2019-01-22,493.3562927246094,353.0938720703125,607.13525390625,546.7234497070312,1555.0799560546875,10922.75
2019-01-23,486.3226318359375,351.5152282714844,595.9758911132812,542.80615234375,1533.57568359375,10831.5
2019-01-24,485.5950622558594,349.027587890625,599.5384521484375,552.1679077148438,1554.793701171875,10849.7998046875
2019-01-25,484.1513671875,341.75616455078125,598.1871337890625,551.5260620117188,1570.5335693359375,10780.5498046875
2019-01-28,481.41412353515625,328.6963806152344,596.2215576171875,544.2447509765625,1598.497314453125,10661.5498046875
2019-01-29,475.2814636230469,331.8536682128906,596.1806030273438,535.8788452148438,1621.186279296875,10652.2001953125
2019-01-30,469.9917907714844,350.0800476074219,594.54248046875,529.2614135742188,1620.0828857421875,10651.7998046875
2019-01-31,480.4440002441406,348.6927185058594,613.912841796875,543.1824951171875,1646.8197021484375,10830.9501953125
2019-02-01,482.8693542480469,339.31646728515625,620.0556640625,553.2744750976562,1659.7794189453125,10893.650390625
2019-02-04,486.2071533203125,339.2207336425781,619.11376953125,571.4004516601562,1676.3775634765625,10912.25
2019-02-05,488.3207092285156,337.40289306640625,618.253662109375,571.6881713867188,1671.717041015625,10934.349609375
2019-02-06,490.3070983886719,343.765380859375,625.1746826171875,579.9655151367188,1696.4508056640625,11062.4501953125
2019-02-07,489.0598449707031,343.14349365234375,625.7479858398438,571.17919921875,1703.0736083984375,11069.400390625
2019-02-08,490.3070983886719,339.74700927734375,623.2089233398438,565.5576171875,1685.49462890625,10943.599609375
2019-02-11,494.23394775390625,334.91534423828125,624.76513671875,554.7351684570312,1689.1737060546875,10888.7998046875
2019-02-12,491.9356689453125,329.4139404296875,614.64990234375,556.1295166015625,1677.4814453125,10831.400390625
2019-02-14,487.4313659667969,329.0790710449219,606.132080078125,541.8766479492188,1671.7578125,10746.0498046875
2019-02-15,485.2254333496094,327.35693359375,607.6880493164062,550.8399047851562,1659.5748291015625,10724.400390625
2019-02-18,482.7423400878906,324.10394287109375,606.9508666992188,540.0618896484375,1611.0069580078125,10640.9501953125
2019-02-19,481.3910827636719,328.40936279296875,593.2321166992188,538.2911987304688,1557.4512939453125,10604.349609375
2019-02-20,487.0040588378906,330.2750244140625,606.6643676757812,546.369384765625,1565.586669921875,10735.4501953125
2019-02-21,488.74798583984375,336.1112976074219,600.726318359375,551.9244995117188,1565.136962890625,10789.849609375
2019-02-22,483.100341796875,336.8288269042969,601.954833984375,545.4840698242188,1574.4989013671875,10791.650390625
2019-02-25,490.9424133300781,340.22540283203125,618.2947387695312,545.4619750976562,1623.1490478515625,10880.099609375
2019-02-26,487.53533935546875,333.14532470703125,608.1386108398438,540.128173828125,1666.9339599609375,10835.2998046875
2019-02-27,483.28515625,330.60992431640625,602.2005615234375,541.566650390625,1682.79638671875,10806.650390625
2019-02-28,479.8896484375,335.010986328125,601.42236328125,544.9086303710938,1621.7593994140625,10792.5
2019-03-01,481.2293395996094,338.9337463378906,607.6470947265625,542.6954956054688,1631.5296630859375,10863.5
2019-03-05,486.71533203125,347.5446472167969,599.9481201171875,547.830078125,1625.5609130859375,10987.4501953125
2019-03-06,486.0570373535156,355.8685302734375,599.9481201171875,559.8475952148438,1634.9638671875,11053.0
2019-03-07,491.1965026855469,354.7682189941406,592.12646484375,562.2600708007812,1646.1656494140625,11058.2001953125
2019-03-08,491.5892333984375,354.5768127441406,583.4444580078125,560.86572265625,1653.8511962890625,11035.400390625
2019-03-11,491.6469421386719,359.599853515625,582.5435180664062,577.2433471679688,1647.3924560546875,11168.0498046875
2019-03-12,501.47552490234375,371.4158630371094,579.0215454101562,589.3051147460938,1645.4705810546875,11301.2001953125
2019-03-13,514.3069458007812,374.9559326171875,580.250244140625,596.365234375,1635.6995849609375,11341.7001953125
2019-03-14,513.89111328125,371.1288757324219,580.168212890625,593.820068359375,1624.9886474609375,11343.25
2019-03-15,520.4165649414062,378.2088928222656,588.5225219726562,585.0115356445312,1667.9554443359375,11426.849609375
2019-03-18,522.3682861328125,380.84002685546875,581.6834106445312,597.58251953125,1653.933349609375,11462.2001953125
2019-03-19,523.8236083984375,381.1748962402344,591.5531005859375,609.3123168945312,1653.933349609375,11532.400390625
2019-03-20,531.0419921875,375.9126892089844,605.2311401367188,608.825439453125,1647.5966796875,11521.0498046875
2019-03-22,525.763916015625,374.8602294921875,608.6300659179688,593.9085693359375,1639.910888671875,11456.900390625
2019-03-25,526.95361328125,366.9190979003906,602.2005615234375,586.2509155273438,1622.4130859375,11354.25
2019-03-26,533.8947143554688,377.0608215332031,596.0578002929688,605.1958618164062,1621.1048583984375,11483.25
2019-03-27,531.1458740234375,376.1997375488281,597.65478515625,597.2284545898438,1609.044921875,11445.0498046875
2019-03-28,531.9197387695312,383.2319030761719,604.2890625,601.9866943359375,1635.535888671875,11570.0
2019-04-01,533.9986572265625,381.0314025878906,618.4585571289062,616.084716796875,1661.169677734375,11669.150390625
2019-04-02,530.0833740234375,379.97894287109375,621.9805297851562,615.133056640625,1700.13037109375,11713.2001953125
2019-04-03,529.5983276367188,375.14727783203125,616.984375,608.71484375,1700.13037109375,11643.9501953125
2019-04-04,527.5655517578125,371.9421081542969,612.5613403320312,598.910400390625,1647.146728515625,11598.0
2019-04-05,532.5665283203125,373.6642761230469,621.8984375,599.28662109375,1674.7835693359375,11665.9501953125
2019-04-08,528.8244018554688,370.36346435546875,628.409912109375,588.3756103515625,1693.139404296875,11604.5
2019-04-09,528.3278198242188,379.97894287109375,622.963134765625,590.6773071289062,1710.1055908203125,11671.9501953125
2019-04-10,516.8015747070312,377.1565246582031,616.4927978515625,589.3273315429688,1668.201171875,11584.2998046875
2019-04-11,521.4558715820312,373.1858825683594,608.3024291992188,596.1439208984375,1651.2352294921875,11596.7001953125
2019-04-12,523.2461547851562,377.5391845703125,612.4385375976562,594.5061645507812,1647.146728515625,11643.4501953125
2019-04-15,528.6858520507812,375.7691955566406,595.8529663085938,593.2003784179688,1727.9302978515625,11690.349609375
2019-04-16,532.4395141601562,389.403076171875,593.0679931640625,594.7938842773438,1743.056640625,11787.150390625
2019-04-18,529.8062133789062,386.91546630859375,587.2939453125,613.4732055664062,1757.978759765625,11752.7998046875
2019-04-22,524.0431518554688,377.4435119628906,590.5701904296875,595.5020751953125,1767.2998046875,11594.4501953125
2019-04-23,518.6378173828125,379.3570251464844,596.42626953125,603.69091796875,1762.0670166015625,11575.9501953125
2019-04-24,526.595458984375,383.75811767578125,603.1832885742188,615.0445556640625,1785.2882080078125,11726.150390625
2019-04-25,522.8303833007812,378.3045654296875,596.7129516601562,607.4754028320312,1794.731689453125,11641.7998046875
2019-04-26,526.8726196289062,389.59442138671875,604.452880859375,616.505126953125,1830.34033203125,11754.650390625
2019-04-30,535.3037719726562,389.8814392089844,615.3870849609375,616.505126953125,1848.165283203125,11748.150390625
2019-05-02,544.162109375,378.4481201171875,598.5557250976562,621.9275512695312,1811.411376953125,11724.75
2019-05-03,546.9685668945312,384.4278564453125,592.6587524414062,623.6095581054688,1743.220458984375,11712.25
2019-05-06,537.8445434570312,383.94952392578125,588.399658203125,613.0084228515625,1764.3564453125,11598.25
2019-05-07,536.4356079101562,369.7894592285156,593.4366455078125,594.6831665039062,1759.5323486328125,11497.900390625
2019-05-08,532.9476318359375,365.67535400390625,589.1777954101562,575.1851196289062,1760.2684326171875,11359.4501953125
2019-05-09,529.1708984375,364.9098815917969,590.5701904296875,556.1516723632812,1776.3756103515625,11301.7998046875
2019-05-10,530.4645385742188,368.449951171875,587.130126953125,553.8056030273438,1746.3272705078125,11278.900390625
2019-05-13,528.3163452148438,360.0303649902344,589.4644775390625,545.3513793945312,1740.562744140625,11148.2001953125
2019-05-14,528.4779052734375,363.9531555175781,584.6729125976562,557.9222412109375,1710.80078125,11222.0498046875
2019-05-15,528.2008056640625,360.7479553222656,586.515869140625,556.3507690429688,1713.294189453125,11157.0
2019-05-16,533.7329711914062,365.9623107910156,600.4396362304688,560.091064453125,1724.2098388671875,11257.099609375
2019-05-17,545.6173095703125,372.8510437011719,592.9044799804688,560.9984741210938,1713.3353271484375,11407.150390625
2019-05-20,561.8442993164062,390.0727844238281,591.67578125,586.8927001953125,1752.9912109375,11828.25
2019-05-21,555.2263793945312,382.8492126464844,580.9464111328125,593.04541015625,1725.0277099609375,11709.099609375
2019-05-22,555.6998901367188,387.8244323730469,581.3148803710938,593.31103515625,1702.1337890625,11737.900390625
2019-05-23,538.687744140625,393.08660888671875,574.1892700195312,590.4338989257812,1679.4844970703125,11657.0498046875
2019-05-24,548.2159423828125,413.0829772949219,580.8644409179688,591.7396240234375,1674.5379638671875,11844.099609375
2019-05-27,556.3004760742188,416.67083740234375,579.9635620117188,580.142578125,1680.3841552734375,11924.75
2019-05-28,558.1138305664062,415.5227355957031,596.34423828125,585.9411010742188,1695.5924072265625,11928.75
2019-05-29,558.275390625,404.998291015625,596.0986328125,581.2048950195312,1723.2286376953125,11861.099609375
2019-05-30,563.5073852539062,407.77294921875,600.80810546875,588.5970458984375,1754.912353515625,11945.900390625
2019-05-31,560.2273559570312,405.38104248046875,604.2482299804688,588.7739868164062,1795.999267578125,11922.7998046875
2019-06-03,567.5611572265625,404.6156311035156,609.8995361328125,602.0752563476562,1833.4063720703125,12088.5498046875
2019-06-04,566.4524536132812,400.9798889160156,602.2415161132812,598.2907104492188,1799.4468994140625,12021.650390625
2019-06-06,559.7654418945312,393.7563171386719,602.4872436523438,587.5346069335938,1785.434326171875,11843.75
2019-06-07,565.3782958984375,398.5880126953125,605.3536987304688,582.0237426757812,1798.3343505859375,11870.650390625
2019-06-10,563.657470703125,398.1095886230469,617.14794921875,583.9049682617188,1839.3409423828125,11922.7001953125
2019-06-11,565.5515747070312,403.13262939453125,618.2947387695312,588.331298828125,1856.8984375,11965.599609375
2019-06-12,560.6201171875,399.92742919921875,617.3938598632812,589.6592407226562,1863.574462890625,11906.2001953125
2019-06-13,564.6969604492188,401.45831298828125,616.8538818359375,587.4904174804688,1857.969482421875,11914.0498046875
2019-06-14,562.4794921875,399.6882629394531,615.0265502929688,583.1967163085938,1858.2991943359375,11823.2998046875
2019-06-17,559.4535522460938,396.2917785644531,615.1096801757812,567.5936889648438,1853.9306640625,11672.150390625
2019-06-18,558.3563842773438,403.89801025390625,623.0833740234375,567.018310546875,1855.291015625,11691.5
2019-06-19,560.9203491210938,401.6496276855469,624.5370483398438,565.4027709960938,1862.750244140625,11691.4501953125
2019-06-20,563.9418334960938,414.66162109375,627.0288696289062,573.9898681640625,1877.6275634765625,11831.75
2019-06-21,561.1177978515625,412.1740417480469,623.1250610351562,566.3543701171875,1854.466796875,11724.099609375
2019-06-24,561.9894409179688,410.8824462890625,619.22119140625,558.785400390625,1875.6087646484375,11699.650390625
2019-06-25,564.4879760742188,414.9007873535156,621.380615234375,573.5914916992188,1869.26220703125,11796.4501953125
2019-06-26,573.5989990234375,419.68463134765625,613.9882202148438,572.839111328125,1858.0521240234375,11847.5498046875
2019-06-27,572.2974853515625,421.8852844238281,606.803466796875,563.986328125,1856.692138671875,11841.5498046875
2019-06-28,567.9859619140625,418.20166015625,608.0078125,554.6688232421875,1835.797119140625,11788.849609375
2019-07-01,577.7013549804688,420.01953125,607.4263305664062,561.6404418945312,1845.9766845703125,11865.599609375
2019-07-02,579.8975830078125,417.8668212890625,614.6527099609375,565.9118041992188,1856.3212890625,11910.2998046875
2019-07-03,578.6542358398438,417.1014404296875,607.4263305664062,567.7045288085938,1844.410400390625,11916.75
2019-07-04,577.2945556640625,417.340576171875,609.5029907226562,568.3463134765625,1848.5318603515625,11946.75
2019-07-05,574.6448364257812,417.484130859375,596.3792724609375,559.205810546875,1782.9617919921875,11811.150390625
2019-07-08,560.0486450195312,407.48590087890625,596.0469970703125,554.2041015625,1793.0997314453125,11558.599609375
2019-07-09,552.9713745117188,409.9734802246094,594.302734375,566.6199951171875,1758.4395751953125,11555.900390625
2019-07-10,555.2026977539062,412.26971435546875,595.75634765625,566.0667114257812,1737.7093505859375,11498.900390625
2019-07-11,559.4791870117188,408.1078186035156,599.2864379882812,567.2617797851562,1733.052978515625,11582.900390625
2019-07-12,556.3995971679688,408.586181640625,603.6471557617188,566.7970581054688,1737.2154541015625,11552.5
2019-07-15,556.59716796875,404.0415344238281,647.3372192382812,564.8494262695312,1768.61962890625,11588.349609375
2019-07-16,555.7720947265625,406.24212646484375,651.9057006835938,572.3300170898438,1739.9508056640625,11662.599609375
2019-07-17,557.2246704101562,406.33782958984375,659.6303100585938,567.3946533203125,1749.245361328125,11687.5
2019-07-18,560.5833129882812,400.54937744140625,658.4259643554688,558.5418090820312,1706.8616943359375,11596.900390625
2019-07-19,552.1578979492188,392.5603942871094,652.362548828125,552.85400390625,1715.9500732421875,11419.25
2019-07-22,533.9359130859375,394.67041015625,651.531982421875,566.7970581054688,1743.1729736328125,11346.2001953125
2019-07-23,526.0914916992188,395.1020202636719,656.2249145507812,563.7207641601562,1745.2794189453125,11331.0498046875
2019-07-24,530.1357421875,391.7930908203125,653.1100463867188,557.32470703125,1732.35009765625,11271.2998046875
2019-07-25,531.3327026367188,392.27264404296875,659.9210205078125,545.1078491210938,1758.043701171875,11252.150390625
2019-07-26,529.2989501953125,398.7466125488281,653.6914672851562,537.2731323242188,1742.4705810546875,11284.2998046875
2019-07-29,521.6290283203125,411.7903747558594,657.3878173828125,536.0115356445312,1759.779052734375,11189.2001953125
2019-07-30,523.4767456054688,407.9539794921875,658.4259643554688,522.71044921875,1800.386474609375,11085.400390625
2019-07-31,523.33740234375,407.2346496582031,659.215087890625,516.2257080078125,1822.321533203125,11118.0
2019-08-01,517.5487670898438,399.9933776855469,638.615966796875,522.4227294921875,1801.1297607421875,10980.0
2019-08-02,515.8134155273438,393.8072204589844,644.2224731445312,527.3842163085938,1821.990966796875,10997.349609375
2019-08-05,507.6371154785156,386.182373046875,645.1361694335938,509.127197265625,1857.7652587890625,10862.599609375
2019-08-06,509.9315490722656,393.4715270996094,643.267333984375,502.42547607421875,1829.9227294921875,10948.25
2019-08-07,508.7435302734375,391.6971740722656,644.6378784179688,494.0094299316406,1828.7247314453125,10855.5
2019-08-08,520.192626953125,397.4518127441406,655.1451416015625,513.1348266601562,1865.614013671875,11032.4501953125
2019-08-09,531.57177734375,402.9666442871094,656.058837890625,517.4764404296875,1855.8238525390625,11109.650390625
2019-08-13,517.2109375,393.4715270996094,635.2103271484375,567.638916015625,1817.1578369140625,10925.849609375
2019-08-14,519.3307495117188,400.23321533203125,643.5580444335938,573.650390625,1821.247314453125,11029.400390625
2019-08-16,518.923095703125,401.8157653808594,643.3504638671875,569.0859985351562,1788.77880859375,11047.7998046875
2019-08-19,514.0663452148438,406.0837097167969,645.9252319335938,575.5873413085938,1787.0433349609375,11053.900390625
2019-08-20,517.269287109375,399.8495178222656,658.4675903320312,568.1732177734375,1806.66552734375,11017.0
2019-08-21,518.4922485351562,395.1979064941406,664.0325927734375,565.9467163085938,1806.2105712890625,10918.7001953125
2019-08-22,506.43756103515625,382.7775573730469,660.9177856445312,555.170654296875,1830.8316650390625,10741.349609375
2019-08-23,503.78192138671875,379.2288513183594,666.31689453125,568.1286010742188,1857.02099609375,10829.349609375
2019-08-26,525.55029296875,394.8142395019531,666.6074829101562,564.0986938476562,1880.6505126953125,11057.849609375
2019-08-27,526.4354248046875,401.4800109863281,651.739501953125,567.6832885742188,1847.7685546875,11105.349609375
2019-08-28,523.5352783203125,396.0611267089844,666.5660400390625,562.540283203125,1850.0401611328125,11046.099609375
2019-08-29,518.7484130859375,387.86077880859375,670.2621459960938,552.944091796875,1845.248291015625,10948.2998046875
2019-08-30,518.9813232421875,392.89605712890625,676.8655395507812,555.9721069335938,1866.853271484375,11023.25
2019-09-03,515.0213623046875,376.1117858886719,676.32568359375,537.2029418945312,1860.2440185546875,10797.900390625
2019-09-04,523.5935668945312,381.24298095703125,682.1814575195312,534.8651123046875,1855.1209716796875,10844.650390625
2019-09-05,520.6585083007812,373.09063720703125,692.7718505859375,533.7296752929688,1830.2530517578125,10847.900390625
2019-09-06,523.16259765625,375.3445129394531,697.838623046875,544.3721923828125,1815.5465087890625,10946.2001953125
2019-09-09,524.0245361328125,379.2768249511719,688.6602783203125,544.2387084960938,1803.44287109375,11003.0498046875
2019-09-11,524.4205322265625,378.4615783691406,681.1847534179688,549.671142578125,1779.6075439453125,11035.7001953125
2019-09-12,528.9745483398438,386.2303466796875,678.1114501953125,538.9619750976562,1762.7535400390625,10982.7998046875
2019-09-13,525.8530883789062,396.49273681640625,688.8263549804688,545.7526245117188,1769.652587890625,11075.900390625
2019-09-16,522.7549438476562,395.2938232421875,687.4973754882812,539.1400146484375,1776.3031005859375,11003.5
2019-09-17,515.114501953125,384.2641906738281,690.4461059570312,533.2175903320312,1753.70703125,10817.599609375
2019-09-18,509.6170959472656,383.017333984375,689.2833251953125,536.8912963867188,1766.843017578125,10840.650390625
2019-09-19,512.9598388671875,370.788818359375,681.6831665039062,525.0241088867188,1736.6043701171875,10704.7998046875
2019-09-20,558.8724365234375,400.4250183105469,668.6423950195312,558.5548095703125,1706.4486083984375,11274.2001953125
2019-09-23,585.7305908203125,428.047119140625,634.8780517578125,551.8086547851562,1665.4285888671875,11600.2001953125
2019-09-24,584.1233520507812,422.8680114746094,659.5472412109375,569.3978271484375,1689.305419921875,11588.2001953125
2019-09-25,577.5543823242188,416.44207763671875,658.384521484375,569.7763671875,1725.450927734375,11440.2001953125
2019-09-26,578.85888671875,433.466064453125,649.995361328125,577.45751953125,1724.749267578125,11571.2001953125
2019-09-27,579.6508178710938,430.8285217285156,649.7047119140625,582.9124145507812,1698.76513671875,11512.400390625
2019-09-30,571.8473510742188,415.96246337890625,669.1824340820312,593.2432861328125,1734.4154052734375,11474.4501953125
2019-10-01,581.7939453125,407.2346496582031,659.1319580078125,581.064453125,1701.9052734375,11359.900390625
2019-10-03,570.0303955078125,409.82421875,652.5286254882812,583.8031005859375,1702.1527099609375,11314.0
2019-10-04,554.26025390625,396.9722595214844,659.0489501953125,582.4893188476562,1717.932373046875,11174.75
2019-10-07,552.9559326171875,399.0822448730469,655.8095703125,583.3799438476562,1691.783935546875,11126.400390625
2019-10-09,572.1734619140625,418.8397521972656,650.908935546875,589.9035034179688,1668.9814453125,11313.2998046875
2019-10-10,559.3151245117188,406.3714599609375,650.4105834960938,606.8247680664062,1656.05126953125,11234.5498046875
2019-10-11,558.4998779296875,411.0231018066406,676.7825927734375,602.3049926757812,1641.5108642578125,11305.0498046875
2019-10-14,561.1087036132812,411.3108215332031,652.94384765625,604.70947265625,1669.7247314453125,11341.150390625
2019-10-15,569.7974243164062,414.18817138671875,638.1590576171875,607.4481811523438,1683.1917724609375,11428.2998046875
2019-10-16,568.888916015625,417.4970397949219,640.7755126953125,611.099609375,1690.7100830078125,11464.0
2019-10-17,568.3765258789062,422.58026123046875,639.15576171875,621.8533935546875,1715.6729736328125,11586.349609375
2019-10-18,572.5693969726562,419.894775390625,637.7852783203125,630.6925048828125,1737.9747314453125,11661.849609375
2019-10-22,577.3681030273438,432.69879150390625,534.540283203125,629.7129516601562,1732.9481201171875,11588.349609375
2019-10-23,578.4395751953125,436.48724365234375,547.1982421875,620.0276489257812,1748.745361328125,11604.099609375
2019-10-24,575.877197265625,436.15155029296875,534.3720703125,639.6428833007812,1758.7978515625,11582.599609375
2019-10-25,572.5693969726562,449.9146728515625,536.13818359375,637.30517578125,1795.0804443359375,11583.900390625
2019-10-27,576.6226806640625,450.34625244140625,545.726318359375,638.6632080078125,1787.2659912109375,
2019-10-29,578.85888671875,457.8752136230469,547.2403564453125,653.2688598632812,1854.1295166015625,11786.849609375
2019-10-30,581.5842895507812,451.8808288574219,555.6089477539062,658.6347045898438,1903.083984375,11844.099609375
2019-10-31,573.1983642578125,444.1121520996094,576.6356201171875,652.0665893554688,1917.318115234375,11877.4501953125
2019-11-01,577.717529296875,443.3448181152344,578.5701293945312,648.7491455078125,1859.240478515625,11890.599609375
2019-11-04,576.2266845703125,451.2574157714844,596.3165893554688,649.0831298828125,1853.3692626953125,11941.2998046875
2019-11-05,577.4611206054688,449.19537353515625,585.466796875,644.4742431640625,1860.0428466796875,11917.2001953125
2019-11-06,585.4510498046875,461.040283203125,599.0921630859375,638.9526977539062,1848.76513671875,11966.0498046875
2019-11-07,588.735595703125,458.9781799316406,605.6524658203125,649.5061645507812,1846.1043701171875,12012.0498046875
2019-11-08,584.9619140625,469.4324035644531,595.6017456054688,643.6728515625,1799.3050537109375,11908.150390625
2019-11-11,589.2246704101562,476.4817810058594,592.44775390625,635.7910766601562,1774.8062744140625,11913.4501953125
2019-11-13,585.870361328125,465.8836975097656,581.4717407226562,655.606689453125,1840.4022216796875,11840.4501953125
2019-11-14,593.487548828125,478.256103515625,593.20458984375,651.3541259765625,1855.776611328125,11872.099609375
2019-11-15,595.35107421875,479.4070739746094,592.0271606445312,654.9611206054688,1836.896484375,11895.4501953125
2019-11-18,587.9669189453125,477.96844482421875,593.1205444335938,649.7733154296875,1818.4384765625,11884.5
2019-11-19,592.5557861328125,473.3167419433594,599.5546875,672.282958984375,1781.437744140625,11940.099609375
2019-11-20,593.2313232421875,474.75543212890625,599.6808471679688,689.1596069335938,1781.2266845703125,11999.099609375
2019-11-21,597.89013671875,477.8725280761719,599.8911743164062,684.684326171875,1789.2939453125,11968.400390625
2019-11-22,589.2246704101562,476.4817810058594,583.0277709960938,688.6475219726562,1750.096923828125,11914.400390625
2019-11-25,592.1830444335938,477.44091796875,587.14892578125,695.3491821289062,1758.375244140625,12073.75
2019-11-26,594.0233154296875,489.8133239746094,580.8410034179688,694.7704467773438,1728.9356689453125,12037.7001953125
2019-11-27,595.583984375,484.8260192871094,585.17236328125,699.045166015625,1735.3980712890625,12100.7001953125
2019-11-28,589.4810791015625,497.9177551269531,590.302978515625,703.698486328125,1754.8701171875,12151.150390625
2019-11-29,593.9767456054688,491.63555908203125,585.6770629882812,690.7182006835938,1734.51123046875,12056.0498046875
2019-12-02,589.6906127929688,490.005126953125,582.6071166992188,706.4592895507812,1707.3096923828125,12048.2001953125
2019-12-03,584.8687744140625,488.5185546875,587.3591918945312,703.0750122070312,1732.6099853515625,11994.2001953125
2019-12-04,583.1217041015625,507.6046447753906,596.1904907226562,691.4083862304688,1755.84130859375,12043.2001953125
2019-12-05,580.3030395507812,506.501708984375,601.2367553710938,690.5845947265625,1791.9971923828125,12018.400390625
2019-12-06,580.5127563476562,503.3366394042969,601.4470825195312,692.3880004882812,1793.940185546875,11921.5
2019-12-09,579.0684814453125,504.9671630859375,603.2554321289062,700.2697143554688,1740.593505859375,11937.5
2019-12-10,582.1201782226562,507.07708740234375,600.9845581054688,695.52734375,1700.382568359375,11856.7998046875
2019-12-11,581.7705688476562,511.7287902832031,606.4515380859375,695.7277221679688,1724.9229736328125,11910.150390625
2019-12-12,588.68896484375,513.4552001953125,590.51318359375,698.3104248046875,1707.183349609375,11971.7998046875
2019-12-13,588.8054809570312,515.0855712890625,598.2509765625,704.8562622070312,1749.7166748046875,12086.7001953125
2019-12-16,585.7771606445312,517.1956176757812,600.5220336914062,697.5980224609375,1796.6009521484375,12053.9501953125
2019-12-17,592.1830444335938,519.0180053710938,613.7267456054688,695.8613891601562,1828.87109375,12165.0
2019-12-18,602.0830688476562,519.2578125,616.039794921875,701.7169189453125,1831.236083984375,12221.650390625
2019-12-19,600.42919921875,518.1068115234375,614.6939086914062,716.9014282226562,1883.020751953125,12259.7001953125
2019-12-20,604.1096801757812,523.7655639648438,615.2826538085938,712.070068359375,1877.825439453125,12271.7998046875
2019-12-23,606.7651977539062,519.1618041992188,619.025390625,699.7353515625,1885.2589111328125,12262.75
2019-12-24,600.59228515625,518.969970703125,616.838623046875,688.625244140625,1871.6580810546875,12214.5498046875
2019-12-26,591.8803100585938,516.7161865234375,613.095947265625,674.7988891601562,1860.12744140625,12126.5498046875
2019-12-27,594.0,526.9306030273438,619.8245239257812,686.799560546875,1857.213134765625,12245.7998046875
2019-12-30,597.3309936523438,521.7034912109375,616.4180908203125,687.6234130859375,1844.2877197265625,12255.849609375
2019-12-31,592.6489868164062,516.8600463867188,614.9463500976562,674.19775390625,1826.1253662109375,12168.4501953125
2020-01-01,595.6771850585938,514.7978515625,619.740234375,672.2161865234375,1831.10986328125,12182.5
2020-01-02,599.4742431640625,518.4904174804688,617.9320068359375,683.6602783203125,1822.7041015625,12282.2001953125
2020-01-03,590.9251708984375,516.8120727539062,627.4360961914062,684.4840087890625,1859.02880859375,12226.650390625
2020-01-06,578.13671875,504.19989013671875,621.4224243164062,668.6093139648438,1858.8603515625,11993.0498046875
2020-01-07,587.2913208007812,501.5143737792969,612.2127685546875,678.8956909179688,1863.4217529296875,12052.9501953125
2020-01-08,585.7539672851562,504.439697265625,604.054443359375,673.7969970703125,1905.1531982421875,12025.349609375
2020-01-09,592.3228759765625,523.9573364257812,611.9183349609375,689.3154296875,1870.6029052734375,12215.900390625
2020-01-10,597.58740234375,518.15478515625,620.8336791992188,689.1596069335938,1869.9267578125,12256.7998046875
2020-01-13,599.1246948242188,516.5722045898438,650.6074829101562,687.4007568359375,1850.3277587890625,12329.5498046875
2020-01-14,600.75537109375,515.6131591796875,652.3736572265625,681.0330810546875,1864.30908203125,12362.2998046875
2020-01-15,598.3094482421875,513.6949462890625,645.5610961914062,678.5616455078125,1881.2041015625,12343.2998046875
2020-01-16,599.8934326171875,515.181640625,645.0985717773438,684.8179931640625,1891.2568359375,12355.5
2020-01-17,595.4675903320312,510.2901916503906,645.8134155273438,704.0101928710938,1874.6151123046875,12352.349609375
2020-01-20,584.6358642578125,512.9755249023438,646.3179931640625,682.3466796875,1833.432861328125,12224.5498046875
2020-01-21,579.720703125,509.3310241699219,641.313720703125,683.0368041992188,1834.0242919921875,12169.849609375
2020-01-22,578.0902099609375,501.4663391113281,647.7898559570312,682.7919311523438,1864.30908203125,12106.900390625
2020-01-23,579.9536743164062,506.1180114746094,659.6910400390625,679.8975830078125,1855.03759765625,12180.349609375
2020-01-24,579.8139038085938,512.0165405273438,658.3453979492188,677.5374145507812,1848.6455078125,12248.25
2020-01-27,565.2084350585938,515.2774658203125,654.434326171875,670.8580322265625,1836.664794921875,12119.0
2020-01-28,569.8673095703125,506.5976257324219,654.3502197265625,655.36181640625,1848.9415283203125,12055.7998046875
2020-01-29,575.7606201171875,505.0630187988281,664.1906127929688,658.9686889648438,1824.2608642578125,12129.5
2020-01-30,571.1951904296875,510.43402099609375,656.6211547851562,642.8934936523438,1810.0789794921875,12035.7998046875
2020-01-31,571.3115844726562,504.15191650390625,652.6260986328125,628.5995483398438,1760.2940673828125,11962.099609375
2020-02-03,555.7044677734375,494.46490478515625,645.4348754882812,616.9551391601562,1780.1488037109375,11707.900390625
2020-02-04,572.942138671875,509.0911865234375,662.634765625,635.167724609375,1784.59423828125,11979.650390625
2020-02-05,579.8605346679688,517.0517578125,659.8593139648438,645.0086669921875,1817.4447021484375,12089.150390625
2020-02-06,577.60107421875,519.449462890625,648.757080078125,649.14990234375,1802.0357666015625,12137.9501953125
2020-02-07,578.7191162109375,514.5101318359375,653.7615356445312,638.3961181640625,1808.978271484375,12098.349609375
2020-02-10,577.8338623046875,512.1124877929688,650.3131713867188,639.2644653320312,1830.48388671875,12031.5
2020-02-11,577.9736938476562,517.6752319335938,650.6074829101562,646.9011840820312,1823.244873046875,12107.900390625
2020-02-12,581.8870239257812,526.8345947265625,656.9154663085938,654.7161254882812,1837.9349365234375,12201.2001953125
2020-02-13,578.346435546875,518.8741455078125,666.3353881835938,656.4305419921875,1855.8843994140625,12174.650390625
2020-02-14,568.07373046875,523.477783203125,661.457275390625,662.4197387695312,1849.322509765625,12113.4501953125
2020-02-17,567.0487670898438,519.449462890625,663.98046875,658.2562255859375,1865.451904296875,12045.7998046875
2020-02-18,565.2317504882812,519.06591796875,670.8772583007812,653.4247436523438,1876.03564453125,11992.5
2020-02-19,571.7308349609375,522.5186767578125,673.232177734375,669.6334228515625,1859.60986328125,12125.900390625
2020-02-20,567.025390625,524.6287231445312,670.33056640625,661.6849975585938,1826.12353515625,12080.849609375
2020-02-24,563.6943359375,508.1800537109375,669.3633422851562,643.4278564453125,1791.0284423828125,11829.400390625
2020-02-25,559.1986083984375,509.2350769042969,671.5078735351562,630.7147827148438,1825.5732421875,11797.900390625
2020-02-26,558.7094116210938,502.2816162109375,658.3453979492188,619.8495483398438,1798.0140380859375,11678.5
2020-02-27,558.8025512695312,494.27313232421875,654.22412109375,617.2891845703125,1782.6884765625,11633.2998046875
2020-02-28,548.6463012695312,476.91339111328125,615.4088745117188,591.6400756835938,1693.49072265625,11201.75
2020-03-02,549.5548706054688,485.4014587402344,623.2728271484375,586.0740356445312,1694.4647216796875,11132.75
2020-03-03,550.5798950195312,493.6976623535156,628.2771606445312,597.96337890625,1724.013916015625,11303.2998046875
2020-03-04,535.2289428710938,487.5594787597656,638.15966796875,596.5607299804688,1763.8079833984375,11251.0
2020-03-05,536.3936157226562,483.8669128417969,634.669189453125,583.8475341796875,1799.241455078125,11269.0
2020-03-06,528.7299194335938,466.4591979980469,621.5066528320312,565.9688720703125,1791.959716796875,10989.4501953125
2020-03-09,515.8715209960938,439.0289001464844,592.48974609375,496.1246032714844,1669.9532470703125,10451.4501953125
2020-03-11,518.8998413085938,446.60577392578125,576.9720458984375,513.6691284179688,1654.1622314453125,10458.400390625
2020-03-12,475.8056945800781,408.2417297363281,530.881591796875,473.3477478027344,1498.5,9590.150390625
2020-03-13,498.4009704589844,428.9103698730469,540.2594604492188,492.1836853027344,1529.361572265625,9955.2001953125
2020-03-16,465.6494445800781,386.4221496582031,490.4682922363281,452.2853698730469,1436.3111572265625,9197.400390625
2020-03-17,454.28192138671875,352.23016357421875,466.75018310546875,448.8565368652344,1403.798583984375,8967.0498046875
2020-03-18,408.5322570800781,340.52911376953125,449.3821716308594,431.26751708984375,1400.7506103515625,8468.7998046875
2020-03-19,417.220947265625,324.70391845703125,458.8440856933594,408.6465148925781,1395.5906982421875,8263.4501953125
2020-03-20,411.3042297363281,331.5615234375,492.1925048828125,453.2872619628906,1532.98779296875,8745.4501953125
2020-03-23,359.4515380859375,272.3849182128906,442.77984619140625,393.6623840332031,1424.0340576171875,7610.25
2020-03-24,357.6578674316406,284.37371826171875,496.06146240234375,420.090576171875,1452.5625,7801.0498046875
2020-03-25,399.1446838378906,303.9393310546875,509.8548278808594,481.9196472167969,1492.7750244140625,8317.849609375
2020-03-26,419.80657958984375,316.743408203125,540.8062744140625,474.7726745605469,1527.44384765625,8641.4501953125
2020-03-27,421.3673400878906,325.9507751464844,548.9645385742188,474.5055236816406,1556.0577392578125,8660.25
2020-03-30,387.4510803222656,300.5825500488281,527.0968017578125,458.8533935546875,1516.826171875,8281.099609375
2020-03-31,401.54400634765625,310.50921630859375,539.5444946289062,495.94647216796875,1557.4222412109375,8597.75
2020-04-01,386.519287109375,298.424560546875,506.9952697753906,481.1181945800781,1457.338134765625,8253.7998046875
2020-04-03,379.1583557128906,274.92657470703125,492.6130676269531,479.7823181152344,1410.814208984375,8083.7998046875
2020-04-07,417.4772033691406,312.76312255859375,537.44189453125,537.0694580078125,1514.011474609375,8792.2001953125
2020-04-08,414.1228942871094,305.905517578125,531.218017578125,530.857421875,1454.5238037109375,8748.75
2020-04-09,430.9644775390625,328.6842041015625,535.1290283203125,543.2367553710938,1506.2930908203125,9111.900390625
2020-04-13,417.1278076171875,317.12701416015625,536.0963745117188,529.521728515625,1500.408203125,8993.849609375
2020-04-15,402.1962890625,313.9620056152344,537.4839477539062,512.0215454101562,1479.8543701171875,8925.2998046875
2020-04-16,409.86004638671875,328.0128479003906,524.69970703125,520.1259155273438,1463.5645751953125,8992.7998046875
2020-04-17,424.0927429199219,360.190673828125,528.8209228515625,545.0400390625,1540.4503173828125,9266.75
2020-04-20,440.18896484375,346.52349853515625,549.4691772460938,553.8569946289062,1551.068359375,9261.849609375
2020-04-21,429.38055419921875,318.2779541015625,532.5635986328125,550.9848022460938,1481.986083984375,8981.4501953125
2020-04-22,432.6183776855469,322.2102966308594,539.8389892578125,607.2032470703125,1509.150146484375,9187.2998046875
2020-04-23,444.8943786621094,338.5150146484375,571.3367919921875,610.4539184570312,1601.899658203125,9313.900390625
2020-04-24,437.02099609375,321.1552734375,553.4222412109375,630.98193359375,1550.9835205078125,9154.400390625
2020-04-27,433.130859375,333.6715393066406,558.97314453125,636.659423828125,1566.377685546875,9282.2998046875
2020-04-28,433.9228515625,345.1328125,555.693115234375,635.947021484375,1585.5245361328125,9380.900390625
2020-04-29,455.213623046875,355.2992858886719,569.0238647460938,635.41259765625,1625.26806640625,9553.349609375
2020-04-30,466.7209777832031,364.60260009765625,601.7835083007812,652.8013305664062,1718.06005859375,9859.900390625
2020-05-04,430.00946044921875,324.2243347167969,566.6268920898438,639.0863037109375,1646.419189453125,9293.5
2020-05-05,424.6285095214844,317.3188781738281,566.6268920898438,650.4189453125,1648.380859375,9205.599609375
2020-05-06,440.91107177734375,327.4373474121094,560.0665893554688,650.463623046875,1623.52001953125,9270.900390625
2020-05-07,430.94122314453125,322.9775085449219,559.267578125,671.0361328125,1613.3280029296875,9199.0498046875
2020-05-08,432.8280334472656,323.8887023925781,567.0474243164062,695.4605712890625,1614.8204345703125,9251.5
2020-05-11,426.65509033203125,307.0564880371094,574.36474609375,702.139892578125,1650.555908203125,9239.2001953125
2020-05-12,420.0162658691406,308.0635070800781,578.3598022460938,658.7015380859375,1662.666259765625,9196.5498046875
2020-05-13,432.17584228515625,324.2243347167969,583.8267822265625,672.677001953125,1662.7945556640625,9383.5498046875
2020-05-14,416.3591003417969,314.0099182128906,553.5484008789062,645.4813232421875,1622.4537353515625,9142.75
2020-05-15,413.7734069824219,309.5021667480469,548.6280517578125,656.0224609375,1614.394287109375,9136.849609375
2020-05-18,389.7804870605469,286.2918701171875,558.384521484375,647.6390380859375,1659.3399658203125,8823.25
2020-05-19,386.9851989746094,288.01824951171875,562.3375244140625,633.3218994140625,1661.9415283203125,8879.099609375
2020-05-20,399.3077697753906,293.1495056152344,563.136474609375,644.4700317382812,1666.1630859375,9066.5498046875
2020-05-21,400.4491882324219,291.9505920410156,565.3653564453125,647.8637084960938,1698.23095703125,9106.25
2020-05-22,390.8053894042969,279.1466064453125,582.3128662109375,643.5034790039062,1723.0921630859375,9039.25
2020-05-26,397.11810302734375,280.7290954589844,572.3882446289062,640.1320190429688,1657.123291015625,9029.0498046875
2020-05-27,420.99462890625,305.8096008300781,593.330810546875,649.7966918945312,1710.2567138671875,9314.9501953125
2020-05-28,440.3753356933594,313.4824523925781,594.9708862304688,661.7987060546875,1709.403564453125,9490.099609375
2020-05-29,443.35699462890625,318.3738708496094,589.0885009765625,658.27001953125,1682.154296875,9580.2998046875
2020-06-01,460.1287536621094,325.3753662109375,596.3775634765625,683.4204711914062,1744.3287353515625,9826.150390625
2020-06-02,466.3482666015625,334.151123046875,603.66650390625,690.3204345703125,1745.948974609375,9979.099609375
2020-06-03,476.24822998046875,342.2555236816406,598.0824584960938,692.9950561523438,1750.2261962890625,10061.5498046875
2020-06-04,466.67437744140625,333.6235656738281,603.3682861328125,710.14404296875,1789.0601806640625,10029.099609375
2020-06-05,481.4195861816406,342.5911560058594,599.78759765625,710.9981689453125,1752.0223388671875,10142.150390625
2020-06-08,473.2899475097656,345.0848388671875,614.5361328125,705.5140380859375,1772.1234130859375,10167.4501953125
2020-06-09,459.9656677246094,334.29498291015625,611.7655029296875,690.9722900390625,1772.3798828125,10046.650390625
2020-06-10,462.08538818359375,338.56298828125,610.2734985351562,706.7052612304688,1803.771728515625,10116.150390625
2020-06-11,451.2536926269531,327.2934875488281,600.1287231445312,691.2195434570312,1768.6168212890625,9902.0
2020-06-12,457.84588623046875,330.12286376953125,589.9837036132812,714.1898193359375,1744.5377197265625,9972.900390625
2020-06-15,442.5183410644531,317.5586242675781,586.1473999023438,725.7647705078125,1736.325927734375,9813.7001953125
2020-06-16,461.4099426269531,328.9239807128906,597.7843017578125,727.1807250976562,1749.926513671875,9914.0
2020-06-17,456.2153625488281,327.96490478515625,599.8728637695312,726.1243286132812,1751.6368408203125,9881.150390625
2020-06-18,475.17669677734375,337.6038818359375,608.6112060546875,744.3521728515625,1743.340087890625,10091.650390625
2020-06-19,481.4195861816406,348.9212341308594,601.4926147460938,790.8770751953125,1748.89990234375,10244.400390625
2020-06-22,479.2764892578125,352.5179138183594,599.91552734375,784.9210205078125,1734.6575927734375,10311.2001953125
2020-06-23,485.5892028808594,360.7661437988281,614.3656616210938,773.5706787109375,1740.945068359375,10471.0
2020-06-24,481.0235900878906,333.86334228515625,608.8244018554688,776.69482421875,1746.84716796875,10305.2998046875
2020-06-25,479.2764892578125,336.6447448730469,597.1874389648438,772.2221069335938,1724.5218505859375,10288.900390625
2020-06-26,492.1814270019531,334.8224792480469,637.8526000976562,782.8981323242188,1812.4117431640625,10383.0
2020-06-29,501.3127746582031,329.06787109375,623.82861328125,774.5821533203125,1797.698974609375,10312.400390625
2020-06-30,496.5606994628906,337.076416015625,627.4090576171875,766.018798828125,1781.0196533203125,10302.099609375
2020-07-01,505.2958984375,349.1610107421875,623.95654296875,781.07763671875,1789.4874267578125,10430.0498046875
2020-07-02,507.5322570800781,348.0101013183594,645.0135498046875,794.5241088867188,1845.17236328125,10551.7001953125
2020-07-03,500.3344421386719,346.23577880859375,650.2140502929688,806.958740234375,1881.5255126953125,10607.349609375
2020-07-06,513.8682861328125,347.051025390625,651.3221435546875,835.7996215820312,1935.884765625,10763.650390625
2020-07-07,514.8699340820312,360.67022705078125,677.0255737304688,823.0040283203125,1941.6163330078125,10799.650390625
2020-07-08,517.29248046875,353.860595703125,660.444091796875,811.517333984375,1897.9918212890625,10705.75
2020-07-09,524.0943603515625,355.2033386230469,666.4116821289062,823.364990234375,1885.5465087890625,10813.4501953125
2020-07-10,514.8465576171875,345.61236572265625,666.53955078125,847.6474609375,1900.942626953125,10768.0498046875
2020-07-13,503.2695007324219,339.1383972167969,679.4978637695312,873.3514404296875,1898.9332275390625,10802.7001953125
2020-07-14,493.299560546875,331.41766357421875,667.733154296875,865.2272338867188,1857.83203125,10607.349609375
2020-07-15,490.6440734863281,331.6574401855469,708.3982543945312,832.2791137695312,1910.822265625,10618.2001953125
2020-07-16,495.0233154296875,330.554443359375,776.6420288085938,832.00830078125,1915.837646484375,10739.9501953125
2020-07-17,511.7484436035156,339.3302307128906,769.9497680664062,862.8351440429688,1886.68994140625,10901.7001953125
2020-07-20,527.8681030273438,348.15399169921875,796.5056762695312,866.5361328125,1892.8184814453125,11022.2001953125
2020-07-21,530.4304809570312,363.3077392578125,798.5942993164062,889.8480834960938,1907.522216796875,11162.25
2020-07-22,524.7466430664062,365.5137023925781,782.5243530273438,904.4942626953125,1878.287841796875,11132.599609375
2020-07-23,526.6334838867188,376.20770263671875,774.0418701171875,928.776611328125,1861.3565673828125,11215.4501953125
2020-07-24,521.3689575195312,366.1850891113281,786.7442626953125,968.6528930664062,1849.5260009765625,11194.150390625
2020-07-27,502.919921875,343.8380432128906,808.56884765625,973.1888427734375,1891.8759765625,11131.7998046875
2020-07-28,506.2510681152344,337.69976806640625,820.8450317382812,982.8926391601562,1980.1348876953125,11300.5498046875
2020-07-29,495.9783630371094,336.69268798828125,813.4281005859375,946.3113403320312,1951.2437744140625,11202.849609375
2020-07-30,489.4793395996094,330.8421630859375,819.6514892578125,951.8177490234375,1954.2017822265625,11102.150390625
2020-07-31,481.1633605957031,332.61651611328125,823.5304565429688,932.97412109375,1955.8302001953125,11073.4501953125
2020-08-03,466.8141784667969,329.21173095703125,815.7725830078125,906.7509765625,1932.46875,10891.599609375
2020-08-04,485.2864074707031,336.6447448730469,809.76220703125,970.6613159179688,1928.654296875,11095.25
2020-08-05,478.71746826171875,337.7956848144531,805.3717651367188,959.7614135742188,1937.0557861328125,11101.650390625
2020-08-06,484.8437805175781,344.0777893066406,827.6651611328125,963.2140502929688,1978.720703125,11200.150390625
2020-08-07,486.3113098144531,343.3105773925781,810.6575317382812,968.7882080078125,1967.7899169921875,11214.0498046875
2020-08-10,489.4793395996094,348.68145751953125,811.0410766601562,956.782470703125,1957.031005859375,11270.150390625
2020-08-11,496.9335021972656,352.3260498046875,808.56884765625,963.0787963867188,1954.5445556640625,11322.5
2020-08-12,495.5590515136719,351.8465270996094,814.110107421875,960.2803344726562,1935.2127685546875,11308.400390625
2020-08-13,493.3927307128906,352.9974060058594,810.9132690429688,957.7754516601562,1932.7259521484375,11300.4501953125
2020-08-14,481.9320373535156,346.619384765625,812.959228515625,954.0518798828125,1922.1817626953125,11178.400390625
2020-08-17,481.1400451660156,345.468505859375,816.2839965820312,943.9192504882812,1931.8260498046875,11247.099609375
2020-08-18,492.2047119140625,354.4360656738281,824.851806640625,956.1957397460938,1945.8431396484375,11385.349609375
2020-08-19,496.91009521484375,359.1357116699219,817.8184814453125,962.063232421875,1934.5693359375,11408.400390625
2020-08-20,493.36944580078125,352.709716796875,814.2807006835938,946.4918212890625,1931.3553466796875,11312.2001953125
2020-08-21,505.78521728515625,355.97064208984375,808.8671264648438,939.63134765625,1927.711181640625,11371.599609375
2020-08-24,520.4139404296875,364.79437255859375,807.6737060546875,945.9050903320312,1927.2823486328125,11466.4501953125
2020-08-25,521.6484375,370.54901123046875,799.7451782226562,939.7442626953125,1922.6104736328125,11472.25
2020-08-26,521.0661010742188,373.4263000488281,810.5722045898438,964.658447265625,1931.9119873046875,11549.599609375
2020-08-27,518.1078491210938,376.15972900390625,807.3751220703125,952.6074829101562,1927.539306640625,11559.25
2020-08-28,519.2258911132812,392.9440612792969,797.3155517578125,955.1124877929688,1919.0953369140625,11647.599609375
2020-08-31,519.8547973632812,378.4615783691406,791.6464233398438,939.1123046875,1935.12646484375,11387.5
2020-09-01,525.1892700195312,374.96087646484375,779.3274536132812,942.0686645507812,1925.7825927734375,11470.25
2020-09-02,528.3805541992188,376.3515625,787.7247924804688,960.5512084960938,1941.8995361328125,11535.0
2020-09-03,526.8663940429688,367.09625244140625,797.5713500976562,953.2845458984375,1971.34716796875,11527.4501953125
2020-09-04,521.4622192382812,357.3133544921875,783.590087890625,937.55517578125,1962.1741943359375,11333.849609375
2020-09-07,517.3624267578125,358.12860107421875,788.6199340820312,939.9924926757812,1994.9659423828125,11355.0498046875
2020-09-08,518.2708129882812,360.3345642089844,800.7681884765625,951.0278930664062,2013.097900390625,11317.349609375
2020-09-09,510.8400573730469,352.56585693359375,790.9215698242188,975.5133056640625,1995.4801025390625,11278.0
2020-09-10,508.0680847167969,355.53912353515625,801.4076538085938,1044.4110107421875,1998.480712890625,11449.25
2020-09-11,502.5239562988281,355.34722900390625,806.2244262695312,1047.0062255859375,2035.30126953125,11464.4501953125
2020-09-14,492.8802490234375,348.82537841796875,834.1016235351562,1039.2431640625,2135.861328125,11440.0498046875
2020-09-15,498.72705078125,356.35430908203125,837.5543212890625,1046.6002197265625,2135.861328125,11521.7998046875
2020-09-16,509.5122375488281,359.37548828125,854.0079345703125,1049.172607421875,2145.806640625,11604.5498046875
2020-09-17,504.83013916015625,353.9085693359375,861.8937377929688,1037.528076171875,2109.7578125,11516.099609375
2020-09-18,492.5774841308594,354.4360656738281,854.348876953125,1040.664794921875,2100.28466796875,11504.9501953125
2020-09-21,488.85040283203125,336.3570251464844,860.9558715820312,1018.1654052734375,2113.487060546875,11250.5498046875
2020-09-22,482.3746032714844,339.9056701660156,858.9098510742188,997.9902954101562,2162.9091796875,11153.650390625
2020-09-23,487.8953552246094,337.46002197265625,869.3530883789062,1006.8590698242188,2115.330078125,11131.849609375
2020-09-24,480.0451965332031,321.97052001953125,831.5441284179688,984.472412109375,1999.4244384765625,10805.5498046875
2020-09-25,486.3811950683594,334.3908386230469,862.2772216796875,993.7250366210938,2076.623046875,11050.25
2020-09-28,491.1331787109375,348.15399169921875,861.3822021484375,1000.2921142578125,2080.05224609375,11227.5498046875
2020-09-29,495.0233154296875,342.4472961425781,860.1885375976562,1013.2907104492188,2133.2900390625,11222.400390625
2020-09-30,502.5007629394531,340.24139404296875,859.5491333007812,1008.46142578125,2136.63330078125,11247.5498046875
2020-10-01,515.70849609375,354.1004333496094,867.56298828125,1004.3541870117188,2163.338623046875,11416.9501953125
2020-10-05,519.156005859375,357.8409118652344,894.033447265625,998.4640502929688,2319.66650390625,11503.349609375
2020-10-06,533.0159912109375,365.0341796875,900.0436401367188,997.6292114257812,2326.95263671875,11662.400390625
2020-10-07,541.4718017578125,367.00030517578125,909.2508544921875,1018.9100952148438,2345.51318359375,11738.849609375
2020-10-08,555.2387084960938,371.6519775390625,932.396728515625,1010.6729125976562,2422.45556640625,11834.599609375
2020-10-09,574.689208984375,385.07940673828125,943.5648193359375,1008.05517578125,2411.525146484375,11914.2001953125
2020-10-12,565.4181518554688,387.52508544921875,965.1332397460938,1009.6799926757812,2426.142578125,11930.9501953125
2020-10-13,558.336669921875,380.0440979003906,987.04296875,1029.38134765625,2423.184326171875,11934.5
2020-10-14,564.41650390625,390.1626281738281,969.310546875,1032.450439453125,2418.92236328125,11971.0498046875
2020-10-15,544.7330322265625,375.0088195800781,944.80078125,995.8914794921875,2359.51708984375,11680.349609375
2020-10-16,558.7560424804688,379.9002685546875,961.2116088867188,982.0352172851562,2379.060791015625,11762.4501953125
2020-10-19,560.7127075195312,400.0413818359375,959.8478393554688,982.2156982421875,2334.507080078125,11873.0498046875
2020-10-20,570.2166748046875,397.64361572265625,969.7369384765625,973.053466796875,2358.13916015625,11896.7998046875
2020-10-21,580.8156127929688,403.11053466796875,978.9869384765625,958.9264526367188,2303.383544921875,11937.650390625
2020-10-22,574.57275390625,396.01318359375,962.5331420898438,950.9601440429688,2299.72412109375,11896.4501953125
2020-10-23,575.737548828125,399.89752197265625,967.2293701171875,953.7133178710938,2313.19775390625,11930.349609375
2020-10-26,564.1370849609375,387.9087219238281,958.569580078125,915.8229370117188,2314.403564453125,11767.75
2020-10-27,574.4795532226562,393.1838073730469,939.9573364257812,918.2603149414062,2264.4248046875,11889.400390625
2020-10-28,563.53125,379.852294921875,927.6353149414062,907.8567504882812,2257.580810546875,11729.599609375
2020-10-29,553.0955810546875,383.5447998046875,926.1705322265625,914.8300170898438,2266.57763671875,11670.7998046875
2020-10-30,551.3951416015625,376.5433654785156,913.8915405273438,927.287109375,2294.30078125,11642.400390625
2020-11-02,566.16357421875,400.3770751953125,923.9733276367188,847.3765258789062,2242.427978515625,11669.150390625
2020-11-03,581.39794921875,425.6973876953125,915.5719604492188,835.1677856445312,2267.3955078125,11813.5
2020-11-04,585.800537109375,419.1754455566406,942.62841796875,863.5120849609375,2284.227294921875,11908.5
2020-11-05,591.2978515625,420.5661315917969,951.2883911132812,882.3783569335938,2312.2509765625,12120.2998046875
2020-11-06,609.2111206054688,424.6902770996094,958.828125,915.8455200195312,2330.976318359375,12263.5498046875
2020-11-09,624.53857421875,443.7763977050781,979.3358154296875,925.5720825195312,2347.4638671875,12461.0498046875
2020-11-10,649.2769775390625,464.06146240234375,940.1295166015625,940.8499755859375,2281.17041015625,12631.099609375
2020-11-11,647.55322265625,466.6509704589844,967.2293701171875,901.4249877929688,2314.05859375,12749.150390625
2020-11-12,639.0509033203125,457.203857421875,963.1365356445312,893.6619262695312,2299.637939453125,12690.7998046875
2020-11-13,633.0410766601562,465.69189453125,968.6941528320312,901.06396484375,2287.41259765625,12719.9501953125
2020-11-14,638.1190185546875,466.9867248535156,976.6646728515625,903.7269287109375,2299.03515625,
2020-11-17,656.1719970703125,466.50714111328125,968.2632446289062,899.6422729492188,2295.33349609375,12874.2001953125
2020-11-18,656.2885131835938,477.2970275878906,956.9323120117188,896.91162109375,2261.41162109375,12938.25
2020-11-19,640.285400390625,459.1700134277344,945.041259765625,890.5702514648438,2270.23681640625,12771.7001953125
2020-11-20,653.935791015625,460.56072998046875,950.7282104492188,857.3287963867188,2290.339111328125,12859.0498046875
2020-11-23,649.7196044921875,449.09942626953125,982.1792602539062,880.4376220703125,2345.4404296875,12926.4501953125
2020-11-24,670.0320434570312,458.64251708984375,982.3515625,886.4629516601562,2343.546142578125,13055.150390625
2020-11-25,653.539794921875,453.367431640625,961.326904296875,879.128662109375,2325.68212890625,12858.400390625
2020-11-26,664.651123046875,455.8611145019531,959.2156982421875,881.295166015625,2342.298095703125,12987.0
2020-11-27,671.2666015625,453.99090576171875,947.841552734375,871.00439453125,2307.04150390625,12968.9501953125
2020-12-01,667.7492065429688,465.26031494140625,980.4558715820312,882.3331909179688,2347.6357421875,13109.0498046875
2020-12-02,655.4732666015625,460.8005065917969,983.0840454101562,883.8001708984375,2367.222412109375,13113.75
2020-12-03,641.6132202148438,462.14324951171875,970.6329345703125,886.4629516601562,2332.69873046875,13133.900390625
2020-12-04,645.5266723632812,481.5171203613281,977.698486328125,878.6547241210938,2348.28173828125,13258.5498046875
2020-12-07,639.30712890625,489.5735778808594,985.3245849609375,883.8226318359375,2357.020263671875,13355.75
2020-12-08,641.19384765625,487.6073913574219,993.8120727539062,899.867919921875,2408.3330078125,13392.9501953125
2020-12-09,655.5896606445312,490.5805969238281,1012.6394653320312,914.8526000976562,2419.955810546875,13529.099609375
2020-12-10,645.64306640625,486.2166748046875,1006.2200927734375,905.8482055664062,2397.140869140625,13478.2998046875
2020-12-11,644.2222290039062,494.36907958984375,1002.299560546875,905.3067016601562,2396.53759765625,13513.849609375
2020-12-14,639.260498046875,504.2957458496094,1003.4628295898438,898.76220703125,2408.677490234375,13558.150390625
2020-12-15,648.1821899414062,496.8626708984375,994.8887329101562,891.1118774414062,2377.5537109375,13567.849609375
2020-12-16,657.2201538085938,491.49176025390625,1004.4536743164062,892.1047973632812,2422.882568359375,13682.7001953125
2020-12-17,671.709228515625,489.5255432128906,998.8525390625,896.1895141601562,2443.54541015625,13740.7001953125
2020-12-18,657.5231323242188,495.99951171875,1025.2198486328125,898.8750610351562,2463.17578125,13760.5498046875
2020-12-21,639.493408203125,474.27587890625,1014.4489135742188,875.4727172851562,2428.00537109375,13328.400390625
2020-12-22,639.7030639648438,479.838623046875,1051.6732177734375,874.1187744140625,2473.076171875,13466.2998046875
2020-12-23,640.89111328125,483.0036926269531,1079.7210693359375,877.345947265625,2504.28564453125,13601.099609375
2020-12-24,650.8843383789062,492.5467529296875,1065.0726318359375,900.0484619140625,2504.8017578125,13749.25
2020-12-28,658.2219848632812,498.828857421875,1068.734619140625,904.1782836914062,2522.063720703125,13873.2001953125
2020-12-29,664.9072875976562,507.1730041503906,1077.351318359375,898.1979370117188,2523.010986328125,13932.599609375
2020-12-30,667.3765258789062,507.1251525878906,1074.3355712890625,900.65771484375,2504.759033203125,13981.9501953125
2020-12-31,669.1469116210938,513.1674194335938,1082.090576171875,896.0540771484375,2464.681396484375,13981.75
2021-01-01,663.9057006835938,505.9262390136719,1086.09716796875,897.047119140625,2521.07373046875,14018.5
2021-01-04,659.689453125,509.9545593261719,1110.0517578125,898.55908203125,2616.8115234375,14132.900390625
2021-01-05,664.67431640625,515.2774658203125,1114.833984375,887.3883666992188,2662.916015625,14199.5
2021-01-06,661.8092651367188,524.3409423828125,1104.7525634765625,863.986083984375,2627.18603515625,14146.25
2021-01-07,659.805908203125,518.969970703125,1087.56201171875,862.5869750976562,2611.0859375,14137.349609375
2021-01-08,666.9805908203125,519.881103515625,1130.602783203125,872.7647094726562,2686.935791015625,14347.25
2021-01-11,676.2049560546875,522.4227905273438,1185.8359375,856.3131713867188,2734.76123046875,14484.75
2021-01-12,689.9717407226562,525.5877685546875,1182.0015869140625,883.3036499023438,2733.384521484375,14563.4501953125
2021-01-13,685.14990234375,533.7401733398438,1195.2713623046875,875.0665893554688,2719.69482421875,14564.849609375
2021-01-14,684.2648315429688,530.6710815429688,1180.92431640625,884.9058837890625,2804.013427734375,14595.599609375
2021-01-15,683.2864379882812,520.7922973632812,1158.90869140625,874.457275390625,2789.04736328125,14433.7001953125
2021-01-18,690.9501342773438,511.34515380859375,1130.5595703125,895.4447631835938,2779.04052734375,14281.2998046875
2021-01-19,700.6171875,524.1011962890625,1134.523193359375,910.0909423828125,2812.638671875,14521.150390625
2021-01-20,695.0964965820312,528.4651489257812,1154.16943359375,927.3773193359375,2854.12939453125,14644.7001953125
2021-01-21,687.0834350585938,530.0955200195312,1154.384765625,947.552490234375,2823.982177734375,14590.349609375
2021-01-22,672.5245971679688,511.968505859375,1155.3759765625,925.0756225585938,2849.21240234375,14371.900390625
2021-01-25,681.5159912109375,516.0447387695312,1141.8045654296875,876.0595703125,2839.033203125,14238.900390625
2021-01-27,656.7078247070312,500.9868469238281,1121.0380859375,855.2976684570312,2812.940673828125,13967.5
2021-01-28,638.934326171875,506.6455383300781,1099.6685791015625,846.9703979492188,2757.303955078125,13817.5498046875
2021-01-29,647.8093872070312,515.0377197265625,1067.657470703125,831.3539428710938,2683.81201171875,13634.599609375
2021-02-01,687.9918823242188,579.105712890625,1086.485107421875,855.4330444335938,2707.964111328125,14281.2001953125
2021-02-02,727.0327758789062,592.1014404296875,1095.4034423828125,869.1991577148438,2763.255859375,14647.849609375
2021-02-03,733.671630859375,596.89697265625,1106.9495849609375,871.3881225585938,2760.322265625,14789.9501953125
2021-02-04,735.6748046875,602.6036376953125,1102.3829345703125,868.5220336914062,2750.316650390625,14895.650390625
2021-02-05,744.293701171875,589.032470703125,1096.1356201171875,868.2738647460938,2724.007568359375,14924.25
2021-02-08,747.857666015625,603.8505249023438,1123.2354736328125,880.7760620117188,2772.442626953125,15115.7998046875
2021-02-09,750.9326171875,607.4472045898438,1124.9588623046875,882.8973999023438,2740.353759765625,15109.2998046875
2021-02-10,736.909423828125,606.2962646484375,1117.160400390625,891.0892333984375,2771.752685546875,15106.5
2021-02-11,732.5301513671875,604.8576049804688,1113.84326171875,927.8287353515625,2765.455078125,15173.2998046875
2021-02-12,737.0026245117188,621.1143188476562,1128.6209716796875,921.4647827148438,2752.343994140625,15163.2998046875
2021-02-15,753.1454467773438,646.38671875,1128.49169921875,917.4027099609375,2708.395263671875,15314.7001953125
2021-02-16,757.8275756835938,631.4246826171875,1111.904541015625,929.5438232421875,2681.61181640625,15313.4501953125
2021-02-17,739.1223754882812,630.465576171875,1104.063232421875,940.2633056640625,2650.8173828125,15208.900390625
2021-02-18,724.1209716796875,618.2850341796875,1113.670654296875,933.2449340820312,2637.232421875,15118.9501953125
2021-02-19,717.03955078125,598.5275268554688,1112.6800537109375,938.9317626953125,2649.739013671875,14981.75
2021-02-22,721.1859741210938,584.9082641601562,1090.1903076171875,906.3447265625,2551.921630859375,14675.7001953125
2021-02-23,712.4041137695312,591.094482421875,1091.18115234375,913.2728881835938,2570.6826171875,14707.7998046875
2021-02-24,748.416748046875,614.8802490234375,1098.0313720703125,930.2208862304688,2542.994384765625,14982.0
2021-02-25,748.3934936523438,602.31591796875,1098.2467041015625,967.8404541015625,2583.70849609375,15097.349609375
2021-02-26,714.8499755859375,573.3031616210938,1079.936279296875,941.4142456054688,2496.586669921875,14529.150390625
2021-03-01,726.2640991210938,583.4696044921875,1091.7412109375,948.590576171875,2522.378173828125,14761.5498046875
2021-03-02,730.5966796875,585.5316772460938,1124.0540771484375,950.5313110351562,2593.239501953125,14919.099609375
2021-03-03,739.2854614257812,606.2482299804688,1157.7022705078125,993.9056396484375,2638.7412109375,15245.599609375
2021-03-04,723.0728149414062,595.362548828125,1146.3282470703125,982.0578002929688,2630.633056640625,15080.75
2021-03-05,712.8001098632812,584.524658203125,1134.56640625,983.343994140625,2594.705810546875,14938.099609375
2021-03-08,707.9082641601562,583.181884765625,1150.9813232421875,988.9407958984375,2593.757568359375,14956.2001953125
2021-03-09,727.9412231445312,599.5345458984375,1159.42578125,988.918212890625,2631.710693359375,15098.400390625
2021-03-10,724.7965087890625,600.0140991210938,1178.899658203125,984.8109130859375,2648.962646484375,15174.7998046875
2021-03-12,723.026123046875,587.7855224609375,1184.6728515625,964.7938842773438,2637.749267578125,15030.9501953125
2021-03-15,712.1710815429688,578.8179931640625,1183.5955810546875,951.8402709960938,2644.822265625,14929.5
2021-03-16,704.4840698242188,570.61767578125,1192.5572509765625,948.0941162109375,2682.690185546875,14910.4501953125
2021-03-17,696.6571655273438,565.3905639648438,1195.1422119140625,927.6707763671875,2685.19140625,14721.2998046875
2021-03-18,694.6306762695312,554.936279296875,1152.14453125,906.796142578125,2619.2470703125,14557.849609375
2021-03-19,697.6588745117188,562.6571044921875,1158.4776611328125,939.6991577148438,2631.06396484375,14744.0
2021-03-22,684.4511108398438,549.9969482421875,1181.182861328125,930.8526000976562,2699.59716796875,14736.400390625
2021-03-23,698.8934936523438,562.4172973632812,1181.829345703125,942.1815185546875,2710.767333984375,14814.75
2021-03-24,688.9468383789062,544.2903442382812,1166.491455078125,924.0374755859375,2692.2216796875,14549.400390625
2021-03-25,681.7489624023438,548.1746215820312,1149.3011474609375,898.829833984375,2643.701904296875,14324.900390625
2021-03-26,694.7703857421875,554.8883666992188,1151.368896484375,900.274169921875,2645.383544921875,14507.2998046875
2021-03-30,723.8414916992188,567.2608032226562,1193.67724609375,915.9132080078125,2724.525634765625,14845.099609375
2021-03-31,695.865234375,558.293212890625,1178.8133544921875,904.0880126953125,2741.173583984375,14690.7001953125
2021-04-01,692.6506958007812,570.0901489257812,1193.5909423828125,912.5507202148438,2730.089111328125,14867.349609375
2021-04-05,675.343017578125,547.886962890625,1214.8743896484375,899.348876953125,2793.83447265625,14637.7998046875
2021-04-06,670.987060546875,542.7557373046875,1215.8653564453125,895.6027221679688,2816.089111328125,14683.5
2021-04-07,674.2250366210938,554.0252075195312,1232.3663330078125,903.9751586914062,2821.868408203125,14819.0498046875
2021-04-08,667.5162963867188,553.114013671875,1240.6815185546875,905.103515625,2861.50439453125,14873.7998046875
2021-04-09,662.3682250976562,543.04345703125,1241.715576171875,894.5872192382812,2865.73095703125,14834.849609375
2021-04-12,636.884521484375,516.5243530273438,1228.531982421875,862.5869750976562,2800.433349609375,14310.7998046875
2021-04-13,652.3983154296875,537.6724853515625,1203.8883056640625,871.9072265625,2677.514404296875,14504.7998046875
2021-04-15,666.2583618164062,551.6754150390625,1172.5230712890625,877.5489501953125,2776.6259765625,14581.4501953125
2021-04-16,665.5828247070312,543.7628173828125,1166.491455078125,872.0426025390625,2756.09619140625,14617.849609375
2021-04-19,658.0122680664062,536.8572387695312,1174.0743408203125,858.3217163085938,2727.329345703125,14359.4501953125
2021-04-20,648.228759765625,536.2338256835938,1164.4234619140625,858.073486328125,2712.449462890625,14296.400390625
2021-04-22,662.7176513671875,555.5118408203125,1164.2080078125,860.4429931640625,2690.238037109375,14406.150390625
2021-04-23,658.8275756835938,546.64013671875,1149.3011474609375,859.5177612304688,2682.21630859375,14341.349609375
2021-04-26,654.4715576171875,566.925048828125,1157.7022705078125,874.6377563476562,2674.711181640625,14485.0
2021-04-27,670.2649536132812,574.2622680664062,1161.967529296875,897.5661010742188,2701.62353515625,14653.0498046875
2021-04-28,688.0150756835938,595.93798828125,1168.4302978515625,901.47021484375,2694.809326171875,14864.5498046875
2021-04-29,686.0118408203125,596.0338745117188,1168.7318115234375,913.543701171875,2687.175537109375,14894.900390625
2021-04-30,657.9656982421875,575.940673828125,1167.008544921875,900.2064208984375,2618.513427734375,14631.099609375
2021-05-03,658.9673461914062,572.3440551757812,1165.0267333984375,884.206298828125,2619.677734375,14634.150390625
2021-05-04,646.8078002929688,567.3566284179688,1145.509765625,865.0466918945312,2630.676513671875,14496.5
2021-05-05,653.4465942382812,578.1465454101562,1155.93603515625,866.6264038085938,2670.311279296875,14617.849609375
2021-05-06,652.6546630859375,583.3258666992188,1173.2554931640625,871.546142578125,2683.8984375,14724.7998046875
2021-05-07,659.1070556640625,582.2706909179688,1165.4573974609375,871.8846435546875,2702.400634765625,14823.150390625
2021-05-10,661.4830932617188,588.1691284179688,1154.255615234375,869.379638671875,2713.268310546875,14942.349609375
2021-05-11,653.8892211914062,584.9082641601562,1146.5867919921875,872.5165405273438,2693.51611328125,14850.75
2021-05-12,652.0023803710938,570.4258422851562,1143.441650390625,863.4895629882812,2663.324951171875,14696.5
2021-05-14,646.1089477539062,572.8715209960938,1134.307861328125,874.3895874023438,2632.185302734375,14677.7998046875
2021-05-17,670.987060546875,598.0958862304688,1145.509765625,884.7930297851562,2647.928466796875,14923.150390625
2021-05-18,687.968505859375,607.3033447265625,1154.643310546875,897.2500610351562,2664.35986328125,15108.099609375
2021-05-19,679.3496704101562,599.8702392578125,1152.0584716796875,901.357421875,2658.494873046875,15030.150390625
2021-05-20,667.5162963867188,593.3003540039062,1154.0401611328125,896.0993041992188,2639.51806640625,14906.0498046875
2021-05-21,697.5657958984375,616.175048828125,1167.1378173828125,903.83984375,2657.200439453125,15175.2998046875
2021-05-24,703.4591064453125,620.8745727539062,1161.5799560546875,896.2120361328125,2658.063232421875,15197.7001953125
2021-05-25,689.0167236328125,623.703857421875,1173.2554931640625,886.0568237304688,2699.236572265625,15208.4501953125
2021-05-26,688.1316528320312,625.81396484375,1203.974365234375,889.1710815429688,2737.8095703125,15301.4501953125
2021-05-27,690.7405395507812,625.5741577148438,1208.28271484375,891.9017944335938,2756.4462890625,15337.849609375
2021-05-28,700.4307861328125,616.7504272460938,1210.6953125,945.476318359375,2724.894287109375,15435.650390625
2021-05-31,706.207763671875,635.6447143554688,1213.91796875,975.0393676757812,2738.37255859375,15582.7998046875
2021-06-01,704.2744140625,623.5120849609375,1208.212890625,978.9209594726562,2733.0419921875,15574.849609375
2021-06-02,700.6870727539062,621.8335571289062,1200.76611328125,993.5219116210938,2712.628662109375,15576.2001953125
2021-06-03,708.3974609375,623.6559448242188,1210.3470458984375,997.313232421875,2722.856689453125,15690.349609375
2021-06-04,699.2661743164062,616.4147338867188,1206.863037109375,988.6699829101562,2725.023681640625,15670.25
2021-06-07,698.753662109375,621.6898193359375,1210.3470458984375,1005.3245239257812,2759.21923828125,15751.650390625
2021-06-08,690.9267578125,616.1270141601562,1230.6405029296875,999.54736328125,2773.91162109375,15740.099609375
2021-06-09,689.645751953125,610.0845947265625,1232.6873779296875,981.674072265625,2773.998291015625,15635.349609375
2021-06-10,689.9950561523438,614.2088623046875,1240.526123046875,985.2849731445312,2788.343994140625,15737.75
2021-06-11,692.4642944335938,609.7010498046875,1260.210205078125,1002.375244140625,2837.752197265625,15799.349609375
2021-06-14,689.2496337890625,609.173583984375,1273.187744140625,1016.7555541992188,2839.962890625,15811.849609375
2021-06-15,694.2813110351562,618.9083862304688,1283.7264404296875,1019.0653076171875,2828.173828125,15869.25
2021-06-16,691.6490478515625,613.921142578125,1289.56201171875,1001.6732177734375,2838.228515625,15767.5498046875
2021-06-17,683.0302124023438,607.1115112304688,1302.365234375,1003.5075073242188,2875.847900390625,15691.400390625
2021-06-18,689.4127807617188,604.6178588867188,1309.3330078125,1008.0366821289062,2858.122314453125,15683.349609375
2021-06-21,693.55908203125,605.4329833984375,1306.72021484375,1013.2905883789062,2837.1455078125,15746.5
2021-06-22,691.2763671875,605.0493774414062,1316.7796630859375,1008.0820922851562,2861.5029296875,15772.75
2021-06-23,692.0682983398438,599.15087890625,1309.202392578125,998.8424682617188,2827.003662109375,15686.9501953125
2021-06-24,701.7353515625,608.1185302734375,1358.0205078125,975.3587646484375,2924.259521484375,15790.4501953125
2021-06-25,705.8583984375,622.45703125,1371.0848388671875,953.1430053710938,2930.500732421875,15860.349609375
2021-06-28,702.7136840820312,623.703857421875,1368.99462890625,944.7868041992188,2892.317626953125,15814.7001953125
2021-06-29,702.8073120117188,613.921142578125,1361.37353515625,945.60205078125,2895.871826171875,15748.4501953125
2021-06-30,700.865478515625,605.0973510742188,1376.83349609375,955.9512329101562,2900.118896484375,15721.5
2021-07-01,695.6484375,605.0493774414062,1359.0655517578125,950.19921875,2896.43505859375,15680.0
2021-07-02,692.6773071289062,614.06494140625,1365.5106201171875,964.284912109375,2882.522705078125,15722.2001953125
2021-07-05,699.7191162109375,621.3540649414062,1375.2220458984375,973.8641357421875,2878.665283203125,15834.349609375
2021-07-06,718.0841674804688,623.703857421875,1360.63330078125,962.3599853515625,2827.783935546875,15818.25
2021-07-07,720.3300170898438,627.252685546875,1362.7236328125,955.679443359375,2838.748779296875,15879.650390625
2021-07-08,711.4165649414062,615.6474609375,1359.370361328125,947.7760009765625,2824.489990234375,15727.900390625
2021-07-09,702.7838134765625,612.4344482421875,1361.242919921875,938.0836181640625,2780.84619140625,15689.7998046875
2021-07-12,695.7654418945312,619.8196411132812,1348.134765625,943.92626953125,2767.801025390625,15692.599609375
2021-07-13,702.7136840820312,637.7548217773438,1345.60888671875,950.9917602539062,2762.990234375,15812.349609375
2021-07-14,701.4503784179688,637.1792602539062,1373.4365234375,944.7868041992188,2786.39453125,15853.9501953125
2021-07-15,711.5335693359375,640.152587890625,1376.83349609375,943.1336669921875,2782.398193359375,15924.2001953125
2021-07-16,712.3056030273438,633.2949829101562,1354.754150390625,956.7437133789062,2775.317626953125,15923.400390625
2021-07-19,688.279052734375,629.074951171875,1342.7783203125,950.6519775390625,2766.45703125,15752.400390625
2021-07-20,675.2479858398438,615.6474609375,1350.05078125,948.3194580078125,2784.87353515625,15632.099609375
2021-07-22,677.8449096679688,629.1228637695312,1385.0203857421875,960.5030517578125,2794.038330078125,15824.0498046875
2021-07-23,675.0609130859375,648.9761962890625,1385.238037109375,953.7093505859375,2790.997802734375,15856.0498046875
2021-07-26,671.2241821289062,649.0721435546875,1396.9527587890625,940.6426391601562,2777.7060546875,15824.4501953125
2021-07-27,673.6571655273438,649.7435302734375,1395.777099609375,930.746337890625,2765.024169921875,15746.4501953125
2021-07-28,663.1528930664062,657.03271484375,1398.433349609375,922.7522583007812,2777.924072265625,15709.400390625
2021-07-29,663.5973510742188,661.313232421875,1408.362548828125,929.95361328125,2776.186279296875,15778.4501953125
2021-07-30,667.43408203125,656.503662109375,1402.7012939453125,921.8238525390625,2751.558837890625,15763.0498046875
2021-08-02,665.6560668945312,655.445556640625,1421.03515625,938.6724243164062,2796.688232421875,15885.150390625
2021-08-03,671.2942504882812,664.102783203125,1441.633544921875,945.5792846679688,2853.587646484375,16130.75
2021-08-04,685.6119384765625,687.4290771484375,1436.451416015625,952.8260498046875,2844.0751953125,16258.7998046875
2021-08-05,694.7593994140625,675.6937255859375,1440.1966552734375,966.6400756835938,2852.76220703125,16294.599609375
2021-08-06,698.4089965820312,671.0765991210938,1437.27880859375,946.168212890625,2875.218017578125,16238.2001953125
2021-08-09,703.6728515625,676.0785522460938,1448.6885986328125,940.7784423828125,2886.4248046875,16258.25
2021-08-10,705.4275512695312,674.2028198242188,1460.8387451171875,945.7152099609375,2896.153564453125,16280.099609375
2021-08-11,699.4851684570312,667.1327514648438,1461.10009765625,958.963134765625,2905.101806640625,16282.25
2021-08-12,702.503173828125,674.6356201171875,1471.59521484375,955.88330078125,2911.66015625,16364.400390625
2021-08-13,714.1070556640625,677.9542236328125,1491.2791748046875,971.8032836914062,3008.650146484375,16529.099609375
2021-08-16,716.1658325195312,675.8861694335938,1484.4854736328125,984.4170532226562,3016.9462890625,16563.05078125
2021-08-17,708.7027587890625,674.4913940429688,1516.929443359375,980.2276000976562,3086.529296875,16614.599609375
2021-08-18,707.9307861328125,662.0827026367188,1509.787353515625,984.0321655273438,3093.044189453125,16568.849609375
2021-08-20,708.7495727539062,654.7722778320312,1509.3516845703125,972.9808959960938,3092.131591796875,16450.5
2021-08-23,713.3583374023438,656.696044921875,1514.4034423828125,979.3671264648438,3159.8037109375,16496.44921875
2021-08-24,729.3839111328125,667.99853515625,1498.8128662109375,989.036865234375,3138.78076171875,16624.599609375
2021-08-25,728.7055053710938,664.72802734375,1511.616455078125,997.5969848632812,3178.5673828125,16634.650390625
2021-08-26,727.4889526367188,672.1828002929688,1504.779052734375,1010.210693359375,3189.731201171875,16636.900390625
2021-08-27,724.5177001953125,673.0966186523438,1488.31787109375,1008.829345703125,3231.6884765625,16705.19921875
2021-08-30,733.7821655273438,686.4672241210938,1478.954833984375,1028.23681640625,3215.3134765625,16931.05078125
2021-08-31,739.93505859375,691.6614990234375,1486.2711181640625,1022.7565307617188,3289.282958984375,17132.19921875
2021-09-01,738.85888671875,692.4791259765625,1461.2740478515625,1026.81005859375,3227.17138671875,17076.25
2021-09-02,743.4910888671875,697.5291748046875,1471.1595458984375,1039.175048828125,3332.9794921875,17234.150390625
2021-09-03,737.4317626953125,696.7114868164062,1481.2193603515625,1081.79443359375,3337.58349609375,17323.599609375
2021-09-06,732.5889892578125,693.6814575195312,1507.1307373046875,1098.5977783203125,3346.2265625,17377.80078125
2021-09-07,734.2500610351562,689.5934448242188,1486.4451904296875,1105.52734375,3314.8662109375,17362.099609375
2021-09-08,737.5955200195312,693.4891357421875,1474.774169921875,1101.2020263671875,3278.59765625,17353.5
2021-09-09,733.9459228515625,692.8157958984375,1473.337158203125,1098.5977783203125,3293.58349609375,17369.25
2021-09-13,727.8399658203125,680.4552001953125,1473.5982666015625,1074.117431640625,3340.449462890625,17355.30078125
2021-09-14,724.5646362304688,680.5032958984375,1468.59033203125,1072.71337890625,3375.675537109375,17380.0
2021-09-15,723.7457885742188,687.1404418945312,1490.6256103515625,1077.1748046875,3435.3115234375,17519.44921875
2021-09-16,729.8985595703125,699.5010375976562,1482.613037109375,1099.7752685546875,3390.790283203125,17629.5
2021-09-17,740.2859497070312,692.7196044921875,1473.0758056640625,1082.722900390625,3325.24755859375,17585.150390625
2021-09-20,729.8517456054688,682.9562377929688,1470.07080078125,1084.4439697265625,3321.46875,17396.900390625
2021-09-21,726.1553955078125,684.7356567382812,1496.7225341796875,1089.131591796875,3355.73876953125,17562.0
2021-09-22,717.6162109375,676.5595092773438,1495.3729248046875,1100.8170166015625,3355.0439453125,17546.650390625
2021-09-23,734.60107421875,689.6895751953125,1517.713134765625,1127.720458984375,3361.21142578125,17822.94921875
2021-09-24,749.3632202148438,695.4129638671875,1536.2650146484375,1124.4593505859375,3362.99267578125,17853.19921875
2021-09-27,760.3822021484375,702.1944580078125,1499.074462890625,1143.3685302734375,3333.15234375,17855.099609375
2021-09-28,755.6798095703125,689.8339233398438,1469.4178466796875,1154.0574951171875,3282.94189453125,17748.599609375
2021-09-29,745.7603759765625,682.4752807617188,1473.9033203125,1144.90869140625,3294.017578125,17711.30078125
2021-09-30,746.2750244140625,674.1546630859375,1459.05322265625,1141.0135498046875,3279.814208984375,17618.150390625
2021-10-01,740.5432739257812,665.9784545898438,1450.2996826171875,1143.029052734375,3240.4189453125,17532.05078125
2021-10-04,741.9703979492188,673.529541015625,1462.1451416015625,1157.72607421875,3277.860595703125,17691.25
2021-10-05,746.509033203125,670.547607421875,1474.38232421875,1181.75341796875,3329.982177734375,17822.30078125
2021-10-06,755.6096801757812,663.237060546875,1457.6160888671875,1159.4019775390625,3310.52294921875,17646.0
2021-10-07,753.5509643554688,675.4532470703125,1472.814453125,1165.0860595703125,3381.756103515625,17790.349609375
2021-10-08,749.8778076171875,676.6076049804688,1501.4261474609375,1209.85693359375,3418.89306640625,17895.19921875
2021-10-11,764.4529418945312,686.1304931640625,1472.77099609375,1201.4327392578125,3201.67529296875,17945.94921875
2021-10-12,762.4877319335938,681.6094360351562,1467.7193603515625,1208.29443359375,3173.225341796875,17991.94921875
2021-10-13,767.0731811523438,682.9081420898438,1488.666259765625,1220.591064453125,3175.266357421875,18161.75
2021-10-14,789.5322875976562,699.59716796875,1494.3712158203125,1223.0595703125,3143.28076171875,18338.55078125
2021-10-18,781.53125,717.055908203125,1560.913330078125,1226.3206787109375,3174.352294921875,18477.05078125
2021-10-19,790.140625,718.9797973632812,1587.0426025390625,1237.3037109375,3163.038330078125,18418.75
2021-10-20,783.1922607421875,717.440673828125,1569.7972412109375,1223.0595703125,3141.01806640625,18266.599609375
2021-10-21,784.338623046875,726.72314453125,1527.3809814453125,1187.7772216796875,3074.565185546875,18178.099609375
2021-10-22,786.4207153320312,730.3783569335938,1497.8985595703125,1189.9964599609375,3045.278076171875,18114.900390625
2021-10-25,775.3081665039062,809.6398315429688,1487.2291259765625,1178.4019775390625,3040.142578125,18125.400390625
2021-10-26,773.3196411132812,797.8082275390625,1497.0264892578125,1205.2371826171875,3031.134521484375,18268.400390625
2021-10-27,768.6640625,803.1949462890625,1519.21337890625,1189.9964599609375,3037.357177734375,18210.94921875
2021-10-28,745.6434326171875,768.2777099609375,1497.2022705078125,1176.95263671875,2978.084716796875,17857.25
2021-10-29,740.6134643554688,771.5,1465.4375,1148.713134765625,2957.283935546875,17671.650390625
2021-11-01,751.1177978515625,773.279541015625,1493.8193359375,1149.4150390625,3025.738037109375,17929.650390625
2021-11-02,751.7962646484375,770.4419555664062,1491.9300537109375,1132.6571044921875,3032.527099609375,17888.94921875
2021-11-03,739.9584350585938,756.0133666992188,1495.9720458984375,1124.866943359375,3039.53369140625,17829.19921875
2021-11-04,745.8071899414062,752.3099365234375,1501.4200439453125,1131.77392578125,3053.80712890625,17916.80078125
2021-11-08,748.7548828125,750.4342651367188,1526.7264404296875,1133.177978515625,3048.671875,18068.55078125
2021-11-09,735.6537475585938,756.5903930664062,1531.119873046875,1142.1231689453125,3051.239501953125,18044.25
2021-11-10,727.699462890625,751.1556396484375,1529.0548095703125,1154.8953857421875,3032.613037109375,18017.19921875
2021-11-11,724.4476318359375,742.0655517578125,1523.0357666015625,1157.00146484375,3036.00830078125,17873.599609375
2021-11-12,726.646728515625,747.0194091796875,1564.2462158203125,1174.46142578125,3068.9521484375,18102.75
2021-11-15,728.6353149414062,743.8451538085938,1570.353271484375,1167.53173828125,3092.66943359375,18109.44921875
2021-11-16,724.3072509765625,734.9473876953125,1574.878662109375,1140.402099609375,3095.3671875,17999.19921875
2021-11-17,716.2593383789062,732.3021850585938,1570.616943359375,1115.9898681640625,3065.339111328125,17898.650390625
2021-11-18,720.2833251953125,733.84130859375,1563.54345703125,1120.2017822265625,3025.12841796875,17764.80078125
2021-11-22,709.0302734375,723.3564453125,1545.9697265625,1070.584716796875,3010.072021484375,17416.55078125
2021-11-23,709.1239624023438,723.2120971679688,1526.1990966796875,1080.59423828125,3015.162841796875,17503.349609375
2021-11-24,710.293701171875,731.2440795898438,1490.2608642578125,1064.9912109375,2996.928955078125,17415.05078125
2021-11-25,713.9900512695312,722.442626953125,1513.4581298828125,1129.1015625,2999.19140625,17536.25
2021-11-26,697.122314453125,694.6915893554688,1486.4383544921875,1092.7098388671875,3000.018310546875,17026.44921875
2021-11-29,702.4329833984375,691.0363159179688,1490.568115234375,1105.7991943359375,3048.019287109375,17053.94921875
2021-11-30,698.8301391601562,687.1404418945312,1504.8909912109375,1089.44873046875,3071.64990234375,16983.19921875
2021-12-01,704.0238037109375,699.9819946289062,1506.867919921875,1117.3485107421875,3113.993408203125,17166.900390625
2021-12-02,713.8965454101562,694.8839721679688,1536.172119140625,1124.52734375,3170.653564453125,17401.650390625
2021-12-03,708.1881713867188,689.0162353515625,1525.0128173828125,1090.739501953125,3168.521728515625,17196.69921875
2021-12-06,703.6260986328125,682.5233764648438,1489.645751953125,1070.0638427734375,3077.959228515625,16912.25
2021-12-07,713.873046875,706.6673583984375,1504.0120849609375,1078.782470703125,3119.82470703125,17176.69921875
2021-12-08,727.0210571289062,724.7030639648438,1540.653564453125,1095.2008056640625,3156.72802734375,17469.75
2021-12-09,714.4111328125,726.2421875,1549.5283203125,1112.5701904296875,3134.838134765625,17516.849609375
2021-12-10,712.3992309570312,729.1278686523438,1545.8377685546875,1113.7025146484375,3165.344970703125,17511.30078125
2021-12-13,707.065185546875,725.2802734375,1533.0087890625,1091.3736572265625,3141.71435546875,17368.25
2021-12-14,702.9944458007812,729.7531127929688,1539.59912109375,1078.0125732421875,3154.030029296875,17324.900390625
2021-12-15,701.8480834960938,723.5968627929688,1523.8267822265625,1074.86474609375,3107.5087890625,17221.400390625
2021-12-16,701.8948364257812,712.9197387695312,1556.6895751953125,1088.7691650390625,3117.300537109375,17248.400390625
2021-12-17,689.2382202148438,700.55908203125,1599.965087890625,1060.0316162109375,3119.69384765625,16985.19921875
2021-12-20,667.059814453125,682.9081420898438,1580.677978515625,1031.4527587890625,3095.80224609375,16614.19921875
2021-12-21,674.616455078125,692.9119262695312,1591.8372802734375,1046.806396484375,3140.539306640625,16770.849609375
2021-12-22,676.2072143554688,704.8877563476562,1603.3482666015625,1071.6490478515625,3160.078857421875,16955.44921875
2021-12-23,675.6925659179688,703.4448852539062,1632.2572021484375,1071.26416015625,3187.886962890625,17072.599609375
2021-12-24,673.2594604492188,699.4048461914062,1637.44140625,1074.68359375,3195.0234375,17003.75
2021-12-27,678.8274536132812,707.9658203125,1639.77001953125,1073.5286865234375,3216.95703125,17086.25
2021-12-28,683.5064086914062,707.7734985351562,1658.969482421875,1086.2783203125,3226.05322265625,17233.25
2021-12-29,680.2545166015625,707.67724609375,1656.816650390625,1088.1353759765625,3215.73876953125,17213.599609375
2021-12-30,683.833984375,707.67724609375,1663.23095703125,1068.478759765625,3249.7265625,17203.94921875
2021-12-31,692.2092895507812,711.957763671875,1658.7496337890625,1072.57763671875,3253.72998046875,17354.05078125
2022-01-03,711.0423583984375,735.5726318359375,1668.151611328125,1088.74658203125,3322.837158203125,17625.69921875
2022-01-04,715.2066040039062,743.4122314453125,1668.7667236328125,1113.3175048828125,3381.15234375,17805.25
2022-01-05,732.1913452148438,758.0332641601562,1620.8782958984375,1118.5260009765625,3360.437255859375,17925.25
2022-01-06,720.4470825195312,755.1474609375,1597.28515625,1094.47607421875,3313.8720703125,17745.900390625
2022-01-07,725.5003662109375,763.0352783203125,1594.2098388671875,1103.3082275390625,3353.952880859375,17812.69921875
2022-01-10,729.5242919921875,779.86865234375,1626.238037109375,1104.2138671875,3376.886962890625,18003.30078125
2022-01-11,732.6826171875,779.7725219726562,1630.499755859375,1112.16259765625,3408.263671875,18055.75
2022-01-12,728.3546752929688,792.3734741210938,1649.6993408203125,1141.8511962890625,3359.5224609375,18212.349609375
2022-01-13,714.9492797851562,793.287353515625,1666.701904296875,1148.28271484375,3392.59716796875,18257.80078125
2022-01-14,722.9737548828125,788.7664184570312,1695.3033447265625,1149.9586181640625,3453.740234375,18255.75
2022-01-17,711.9078979492188,788.0928955078125,1704.2220458984375,1155.9598388671875,3498.12890625,18308.099609375
2022-01-18,715.5341186523438,791.7481079101562,1687.7464599609375,1142.16845703125,3473.2802734375,18113.05078125
2022-01-19,710.4808349609375,777.8004760742188,1640.5609130859375,1142.0777587890625,3413.16259765625,17938.400390625
2022-01-20,706.0591430664062,779.3876342773438,1602.4693603515625,1122.0814208984375,3336.348876953125,17757.0
2022-01-21,711.9547729492188,773.856689453125,1569.079345703125,1122.2625732421875,3342.40869140625,17617.150390625
2022-01-24,695.6016235351562,768.0371704101562,1526.111328125,1076.99365234375,3288.220703125,17149.099609375
2022-01-25,696.2567138671875,771.1152954101562,1513.2384033203125,1074.887451171875,3286.9560546875,17277.94921875
2022-01-27,690.1272583007812,764.3818969726562,1474.9713134765625,1058.96728515625,3181.76171875,17110.150390625
2022-01-28,684.6528930664062,751.3961181640625,1481.6492919921875,1057.9481201171875,3217.335205078125,17101.94921875
2022-01-31,695.1571044921875,758.7546997070312,1525.583984375,1080.933837890625,3257.616455078125,17339.849609375
2022-02-01,700.4443969726562,779.435791015625,1557.0849609375,1077.35595703125,3313.766845703125,17576.849609375
2022-02-02,716.4464111328125,782.7543334960938,1570.3092041015625,1079.552490234375,3362.200439453125,17780.0
2022-02-03,709.0302734375,778.13720703125,1527.64892578125,1065.6025390625,3334.6484375,17560.19921875
2022-02-04,713.07763671875,774.3857421875,1529.8895263671875,1055.887451171875,3326.191162109375,17516.30078125
2022-02-07,686.9454956054688,756.4461669921875,1506.9559326171875,1049.4561767578125,3294.890380859375,17213.599609375
2022-02-08,683.9977416992188,762.3137817382812,1508.976806640625,1067.0972900390625,3263.89453125,17266.75
2022-02-09,700.7251586914062,772.221435546875,1526.5506591796875,1079.5299072265625,3278.8037109375,17463.80078125
2022-02-10,713.5923461914062,774.8186645507812,1554.9324951171875,1078.420166015625,3287.348388671875,17605.849609375
2022-02-11,710.66796875,760.6785278320312,1512.5352783203125,1076.314208984375,3221.60791015625,17374.75
2022-02-14,689.5423583984375,724.9916381835938,1478.134521484375,1059.171142578125,3255.43701171875,16842.80078125
2022-02-15,710.1766967773438,746.4903564453125,1527.38525390625,1095.1329345703125,3328.719970703125,17352.44921875
2022-02-16,709.2174682617188,734.9473876953125,1523.0357666015625,1092.868408203125,3324.62158203125,17322.19921875
2022-02-17,704.8893432617188,721.769287109375,1515.5670166015625,1106.704833984375,3299.423583984375,17304.599609375
2022-02-18,707.6265869140625,720.37451171875,1499.88232421875,1098.0543212890625,3307.881591796875,17276.30078125
2022-02-21,712.1886596679688,725.7130737304688,1520.7513427734375,1086.957763671875,3242.92529296875,17206.650390625
2022-02-22,706.8545532226562,722.68310546875,1523.95849609375,1082.02099609375,3126.96337890625,17092.19921875
2022-02-23,702.2691650390625,716.23828125,1531.42724609375,1075.2498779296875,3107.258056640625,17063.25
2022-02-24,664.1354370117188,680.4552001953125,1474.575927734375,1021.6695556640625,2965.879638671875,16247.9501953125
2022-02-25,681.307373046875,702.2424926757812,1489.030517578125,1034.44189453125,3069.723876953125,16658.400390625
2022-02-28,667.340576171875,714.41064453125,1507.48291015625,1068.6824951171875,3098.88818359375,16793.900390625
2022-03-02,643.0098876953125,687.6213989257812,1496.2359619140625,1086.34619140625,3091.869140625,16605.94921875
2022-03-03,641.4891967773438,671.7018432617188,1512.09619140625,1077.1748046875,3090.343505859375,16498.05078125
2022-03-04,639.3836669921875,661.8422241210938,1514.2489013671875,1053.2833251953125,3072.862060546875,16245.349609375
2022-03-07,619.8722534179688,628.8487548828125,1528.791259765625,1014.3324584960938,3038.46630859375,15863.150390625
2022-03-08,621.2760009765625,639.6702880859375,1562.489013671875,1012.4979248046875,3138.77734375,16013.4501953125
2022-03-09,641.5593872070312,642.0269775390625,1593.375,1066.214111328125,3167.244873046875,16345.349609375
2022-03-10,651.6425170898438,650.828369140625,1604.4027099609375,1083.492919921875,3157.08740234375,16594.900390625
2022-03-11,653.56103515625,652.0789184570312,1600.975830078125,1086.6180419921875,3138.079833984375,16630.44921875
2022-03-14,674.96728515625,669.6337280273438,1661.341796875,1095.54052734375,3176.3125,16871.30078125
2022-03-15,666.2877807617188,670.7879638671875,1616.1771240234375,1070.448974609375,3133.501953125,16663.0
2022-03-16,677.5875854492188,681.0323486328125,1660.199462890625,1088.5203857421875,3187.56005859375,16975.349609375
2022-03-17,692.5134887695312,692.6714477539062,1629.62109375,1124.006591796875,3202.251220703125,17287.05078125
2022-03-21,695.5314331054688,683.6776123046875,1628.2591552734375,1117.5296630859375,3162.100341796875,17117.599609375
2022-03-22,699.1109008789062,690.8438720703125,1658.4422607421875,1146.4031982421875,3226.83837890625,17315.5
2022-03-23,692.13916015625,690.9400634765625,1645.261962890625,1150.0491943359375,3236.822265625,17245.650390625
2022-03-24,675.01416015625,677.377197265625,1657.8270263671875,1167.916748046875,3269.474609375,17222.75
2022-03-25,669.5162963867188,672.6156616210938,1648.9083251953125,1175.70703125,3232.505859375,17153.0
2022-03-28,670.4053344726562,683.2929077148438,1646.5799560546875,1187.5281982421875,3232.72412109375,17222.0
2022-03-29,679.2952880859375,688.0543212890625,1657.2119140625,1187.7999267578125,3230.675537109375,17325.30078125
2022-03-30,691.06298828125,703.0601196289062,1672.984619140625,1210.626953125,3253.518310546875,17498.25
2022-03-31,687.9749145507812,702.4830322265625,1675.53271484375,1193.3255615234375,3260.8427734375,17464.75
2022-04-01,704.6554565429688,708.206298828125,1672.633056640625,1202.882080078125,3277.234619140625,17670.44921875
2022-04-04,775.2146606445312,718.1620483398438,1654.5321044921875,1206.4373779296875,3287.348388671875,18053.400390625
2022-04-05,752.4981079101562,713.544921875,1635.3326416015625,1189.3851318359375,3326.103759765625,17957.400390625
2022-04-06,725.6407470703125,713.3526000976562,1606.994873046875,1186.21484375,3274.26953125,17807.650390625
2022-04-07,709.6853637695312,720.037841796875,1591.3101806640625,1165.289794921875,3212.191162109375,17639.55078125
2022-04-08,708.7027587890625,725.56884765625,1594.473388671875,1184.6748046875,3213.4990234375,17784.349609375
2022-04-11,700.046630859375,730.6669311523438,1552.2523193359375,1182.2064208984375,3222.87158203125,17674.94921875
2022-04-12,698.8067626953125,734.7550659179688,1531.0758056640625,1159.945556640625,3218.250244140625,17530.30078125
2022-04-13,685.4482421875,733.216064453125,1536.4359130859375,1155.68798828125,3192.834716796875,17475.650390625
2022-04-18,652.9293212890625,728.9354858398438,1424.710205078125,1152.1551513671875,3076.087890625,17173.650390625
2022-04-19,628.013671875,737.1116943359375,1372.5159912109375,1196.0655517578125,3027.131103515625,16958.650390625
2022-04-20,633.67529296875,726.7711791992188,1395.0982666015625,1231.2347412109375,3101.1552734375,17136.55078125
2022-04-21,643.056640625,733.3121337890625,1422.4256591796875,1260.0631103515625,3163.80078125,17392.599609375
2022-04-22,634.2835083007812,719.172119140625,1393.121337890625,1249.5101318359375,3149.76318359375,17171.94921875
2022-04-25,639.0326538085938,723.5487670898438,1371.72509765625,1220.61376953125,3093.65673828125,16953.94921875
2022-04-26,641.98046875,725.039794921875,1389.2110595703125,1257.1416015625,3092.0,17200.80078125
2022-04-27,642.2144775390625,708.6392211914062,1364.43212890625,1258.364501953125,3104.99169921875,17038.400390625
2022-04-28,641.6528930664062,718.691162109375,1390.6171875,1277.1607666015625,3125.13232421875,17245.05078125
2022-04-29,647.8526000976562,714.98779296875,1377.3927001953125,1263.7542724609375,3092.3486328125,17102.55078125
2022-05-02,656.7894897460938,712.7754516601562,1354.0634765625,1259.3155517578125,3088.599609375,17069.099609375
2022-05-04,634.470703125,696.6634521484375,1349.274658203125,1220.00244140625,3033.97607421875,16677.599609375
2022-05-05,633.0435180664062,701.0401000976562,1392.857666015625,1196.11083984375,3063.314453125,16682.650390625
2022-05-06,616.5032958984375,691.8538208007812,1355.6888427734375,1186.939453125,2992.865966796875,16411.25
2022-05-09,617.5560913085938,683.2929077148438,1379.85302734375,1140.583251953125,3003.7646484375,16301.849609375
2022-05-10,627.4755859375,684.2067260742188,1364.607666015625,1120.8131103515625,2998.22802734375,16240.0498046875
2022-05-11,631.0082397460938,686.9962158203125,1341.5421142578125,1109.331787109375,2974.90478515625,16167.099609375
2022-05-12,616.784423828125,669.2970581054688,1325.7696533203125,1086.7313232421875,2971.984130859375,15808.0
2022-05-13,611.246337890625,651.5498657226562,1321.9033203125,1099.0506591796875,2977.43359375,15782.150390625
2022-05-16,617.7546997070312,656.984619140625,1308.45947265625,1099.322509765625,2944.213623046875,15842.2998046875
2022-05-17,621.9674682617188,682.9562377929688,1334.2490234375,1145.497314453125,3009.432373046875,16259.2998046875
2022-05-18,621.9201049804688,680.4071044921875,1326.12109375,1149.6641845703125,3006.990478515625,16240.2998046875
2022-05-19,609.2109375,664.006591796875,1254.0245361328125,1123.16845703125,2844.07666015625,15809.400390625
2022-05-20,625.257080078125,682.5233764648438,1278.6278076171875,1188.660400390625,2871.149169921875,16266.150390625
2022-05-23,617.2340698242188,683.9661865234375,1290.2705078125,1180.711669921875,2896.216552734375,16214.7001953125
2022-05-24,624.3104858398438,681.1766967773438,1266.1944580078125,1184.7652587890625,2866.790283203125,16125.150390625
2022-05-25,628.9728393554688,686.1785888671875,1239.350341796875,1183.0216064453125,2780.46142578125,16025.7998046875
2022-05-26,646.9124145507812,700.7515869140625,1251.2125244140625,1171.7440185546875,2832.5126953125,16170.150390625
2022-05-27,658.91162109375,711.6211547851562,1284.0755615234375,1166.3089599609375,2862.66455078125,16352.4501953125
2022-05-30,663.4082641601562,719.9898071289062,1341.5860595703125,1206.935791015625,2962.68603515625,16661.400390625
2022-05-31,657.4441528320312,724.1740112304688,1335.1923828125,1192.374267578125,2953.11865234375,16584.55078125
2022-06-01,660.2368774414062,723.9817504882812,1312.9482421875,1192.75927734375,2945.086669921875,16522.75
2022-06-02,655.6218872070312,721.192138671875,1339.0997314453125,1233.8841552734375,3004.59912109375,16628.0
2022-06-03,653.3497924804688,715.94970703125,1351.26513671875,1258.8853759765625,3019.65283203125,16584.30078125
2022-06-06,652.47412109375,718.306396484375,1358.6802978515625,1253.4730224609375,3011.578125,16569.55078125
2022-06-07,644.9716796875,707.2444458007812,1337.9454345703125,1255.828125,2951.670166015625,16416.349609375
2022-06-08,647.2437133789062,701.7135009765625,1331.9957275390625,1233.7711181640625,2988.053466796875,16356.25
2022-06-09,652.1190795898438,704.839599609375,1345.315673828125,1267.60400390625,3008.1982421875,16478.099609375
2022-06-10,639.5282592773438,692.5753173828125,1311.394287109375,1229.3323974609375,2949.2119140625,16201.7998046875
2022-06-13,627.9315185546875,661.7941284179688,1264.951904296875,1206.0750732421875,2826.0615234375,15774.400390625
2022-06-14,621.020751953125,659.3894653320312,1279.2044677734375,1190.3134765625,2818.1171875,15732.099609375
2022-06-15,618.8670043945312,661.07275390625,1262.909423828125,1175.910888671875,2814.387451171875,15692.150390625
2022-06-16,606.4892578125,652.6561279296875,1240.70947265625,1159.4698486328125,2757.946533203125,15360.599609375
2022-06-17,610.489013671875,660.6879272460938,1231.918212890625,1173.0572509765625,2711.337158203125,15293.5
2022-06-20,625.8251342773438,659.8223266601562,1255.76123046875,1151.79296875,2731.964599609375,15350.150390625
2022-06-21,632.6412353515625,669.5856323242188,1287.5069580078125,1170.38525390625,2819.34619140625,15638.7998046875
2022-06-22,629.6592407226562,660.447509765625,1276.2738037109375,1134.8310546875,2829.001953125,15413.2998046875
2022-06-23,631.978515625,672.5194702148438,1289.771240234375,1116.419921875,2904.358154296875,15556.650390625
2022-06-24,640.8063354492188,686.2747802734375,1279.692626953125,1132.3173828125,2890.5771484375,15699.25
2022-06-27,641.966064453125,690.0261840820312,1309.4404296875,1128.9658203125,2909.536865234375,15832.0498046875
2022-06-28,637.0669555664062,683.2447509765625,1314.368896484375,1144.840576171875,2912.565185546875,15850.2001953125
2022-06-29,636.1438598632812,675.9822998046875,1299.36181640625,1168.5960693359375,2888.295166015625,15799.099609375
2022-06-30,638.06103515625,680.2628784179688,1298.1629638671875,1175.6163330078125,2867.756103515625,15780.25
2022-07-01,640.7826538085938,677.088623046875,1313.7030029296875,1090.943359375,2909.88818359375,15752.0498046875
2022-07-04,641.6819458007812,692.6714477539062,1321.3397216796875,1093.2080078125,2839.623291015625,15835.349609375
2022-07-05,640.2383422851562,692.0462646484375,1310.6392822265625,1102.0626220703125,2823.16455078125,15810.849609375
2022-07-06,649.0660400390625,698.2986450195312,1324.580810546875,1092.3699951171875,2862.18115234375,15989.7998046875
2022-07-07,660.6865844726562,713.7373657226562,1330.8411865234375,1081.6131591796875,2885.96875,16132.900390625
2022-07-08,661.302001953125,726.91552734375,1344.827392578125,1083.10791015625,2866.306884765625,16220.599609375
2022-07-11,665.5856323242188,740.1898193359375,1308.1529541015625,1097.8277587890625,2733.193603515625,16216.0
2022-07-12,658.793212890625,730.9554443359375,1277.4727783203125,1096.26513671875,2707.650146484375,16058.2998046875
2022-07-13,642.723388671875,724.5107421875,1282.66748046875,1076.8349609375,2667.316650390625,15966.650390625
2022-07-14,639.5046997070312,723.7412109375,1268.814697265625,1085.712158203125,2639.154296875,15938.650390625
2022-07-15,644.71142578125,722.5869140625,1270.1468505859375,1087.8182373046875,2635.50244140625,16049.2001953125
2022-07-18,637.8479614257812,742.5946044921875,1323.0269775390625,1097.08056640625,2696.14013671875,16278.5
2022-07-19,638.0846557617188,750.9152221679688,1317.9210205078125,1103.8062744140625,2705.600830078125,16340.5498046875
2022-07-20,646.1314086914062,753.2717895507812,1345.58203125,1133.653564453125,2785.292724609375,16520.849609375
2022-07-21,644.0960693359375,756.0613403320312,1361.2108154296875,1126.0897216796875,2796.2939453125,16605.25
2022-07-22,659.12451171875,769.5762329101562,1337.590087890625,1133.6988525390625,2790.74951171875,16719.44921875
2022-07-25,661.065185546875,770.393798828125,1335.1923828125,1096.242431640625,2787.00830078125,16631.0
2022-07-26,659.7162475585938,765.968994140625,1288.616943359375,1096.74072265625,2742.25634765625,16483.849609375
2022-07-27,664.7572631835938,770.0090942382812,1306.2882080078125,1095.698974609375,2806.458740234375,16641.80078125
2022-07-28,670.6503295898438,783.5719604492188,1347.44677734375,1112.8646240234375,2869.516845703125,16929.599609375
2022-07-29,678.8628540039062,787.4196166992188,1376.1292724609375,1136.5748291015625,2905.9521484375,17158.25
2022-08-01,684.5192260742188,792.0368041992188,1377.3280029296875,1166.1956787109375,2903.223876953125,17340.05078125
2022-08-02,676.9931030273438,786.60205078125,1370.7122802734375,1170.63427734375,2897.063232421875,17345.44921875
2022-08-03,678.5787963867188,793.383544921875,1390.6922607421875,1180.462646484375,2939.04345703125,17388.150390625
2022-08-04,677.7741088867188,789.0067749023438,1420.7066650390625,1164.8594970703125,2952.640625,17382.0
2022-08-05,675.4784545898438,806.2730712890625,1435.58056640625,1147.6939697265625,2961.52978515625,17397.5
2022-08-08,692.0452880859375,809.9019165039062,1438.0225830078125,1162.708251953125,2969.80224609375,17525.099609375
2022-08-10,694.0570068359375,821.3204956054688,1422.970947265625,1169.66064453125,2952.0244140625,17534.75
2022-08-11,703.2396850585938,831.9166259765625,1438.5108642578125,1173.5556640625,3012.0908203125,17659.0
2022-08-12,702.9794311523438,846.1416015625,1415.5562744140625,1192.5328369140625,2993.65234375,17698.150390625
2022-08-16,711.0261840820312,850.8348999023438,1417.6429443359375,1200.8212890625,2985.863525390625,17825.25
2022-08-17,714.6945190429688,854.7056274414062,1426.3453369140625,1207.0941162109375,2993.256591796875,17944.25
2022-08-18,715.5465087890625,856.4957275390625,1405.6549072265625,1209.2833251953125,2975.786376953125,17956.5
2022-08-19,706.7188720703125,842.2708740234375,1418.22021484375,1187.7220458984375,2979.747314453125,17758.44921875
2022-08-22,695.9739990234375,824.7073974609375,1399.1727294921875,1184.4276123046875,2952.288818359375,17490.69921875
2022-08-23,693.8203735351562,835.98095703125,1369.6468505859375,1202.694580078125,2890.7265625,17577.5
2022-08-24,697.1573486328125,845.0771484375,1365.29541015625,1199.490966796875,2864.984619140625,17604.94921875
2022-08-25,693.3706665039062,844.1578369140625,1348.1129150390625,1195.9923095703125,2832.2890625,17522.44921875
2022-08-26,693.4889526367188,842.706298828125,1351.132080078125,1189.6077880859375,2835.809326171875,17558.900390625
2022-08-29,681.3240966796875,828.1911010742188,1298.02978515625,1180.3609619140625,2756.909423828125,17312.900390625
2022-08-30,703.4290771484375,858.6246948242188,1325.7353515625,1198.673095703125,2826.08447265625,17759.30078125
2022-09-01,696.8259887695312,846.0931396484375,1300.2052001953125,1163.4346923828125,2756.161865234375,17542.80078125
2022-09-02,703.1450805664062,844.206298828125,1290.2596435546875,1149.84814453125,2755.017333984375,17539.44921875
2022-09-05,707.6654663085938,853.9314575195312,1297.63037109375,1167.7060546875,2757.657958984375,17665.80078125
2022-09-06,704.9674072265625,855.0927124023438,1292.1246337890625,1179.997314453125,2752.069580078125,17655.599609375
2022-09-07,701.63037109375,847.8834838867188,1294.3890380859375,1173.135986328125,2771.91552734375,17624.400390625
2022-09-08,708.8724975585938,869.7530517578125,1310.594970703125,1174.79443359375,2789.56103515625,17798.75
2022-09-09,709.345703125,872.1239013671875,1342.3406982421875,1167.478759765625,2831.804443359375,17833.349609375
2022-09-12,706.9554443359375,877.881591796875,1364.1412353515625,1180.542724609375,2854.0712890625,17936.349609375
2022-09-13,716.2091674804688,880.5911254882812,1371.9111328125,1190.403076171875,2842.10205078125,18070.05078125
2022-09-14,723.5696411132812,888.4292602539062,1310.15087890625,1176.135009765625,2746.216796875,18003.75
2022-09-15,719.8065795898438,887.9454956054688,1272.322265625,1164.4798583984375,2732.09130859375,17877.400390625
2022-09-16,706.5767822265625,879.7201538085938,1222.8165283203125,1135.6256103515625,2647.91064453125,17530.849609375
2022-09-19,711.2391357421875,870.1400756835938,1234.58251953125,1137.1025390625,2665.60107421875,17622.25
2022-09-20,719.8065795898438,887.1229248046875,1233.028564453125,1137.2841796875,2675.7216796875,17816.25
2022-09-21,718.6942749023438,885.6714477539062,1222.993896484375,1140.419677734375,2641.310546875,17718.349609375
2022-09-22,703.3817138671875,874.2044067382812,1214.735595703125,1129.673095703125,2646.766845703125,17629.80078125
2022-09-23,684.5192260742188,853.7379150390625,1212.515625,1108.498291015625,2624.456787109375,17327.349609375
2022-09-26,675.2891235351562,833.2229614257812,1225.6580810546875,1080.257568359375,2635.326171875,17016.30078125
2022-09-27,669.2303466796875,824.9977416992188,1237.468505859375,1088.8455810546875,2655.6123046875,17007.400390625
2022-09-28,657.7282104492188,822.0463256835938,1238.4896240234375,1059.8551025390625,2671.62890625,16858.599609375
2022-09-29,654.3201293945312,816.6273803710938,1241.9971923828125,1056.6063232421875,2637.878173828125,16818.099609375
2022-09-30,672.7803955078125,834.142333984375,1255.1395263671875,1080.4393310546875,2644.259033203125,17094.349609375
2022-10-03,668.922607421875,820.9334106445312,1237.645751953125,1076.6905517578125,2627.009033203125,16887.349609375
2022-10-04,687.7615966796875,839.6098022460938,1269.302978515625,1096.5474853515625,2720.47412109375,17274.30078125
2022-10-06,680.1881713867188,856.8345336914062,1292.1690673828125,1100.591796875,2729.979248046875,17331.80078125
2022-10-07,677.25341796875,854.0281982421875,1288.6614990234375,1105.2493896484375,2697.371826171875,17314.650390625
2022-10-10,669.774658203125,853.254150390625,1298.8291015625,1093.1851806640625,2744.5888671875,17241.0
2022-10-11,662.9822387695312,842.4644165039062,1264.3304443359375,1071.4195556640625,2701.464111328125,16983.55078125
2022-10-12,667.3132934570312,840.287109375,1268.6815185546875,1079.3033447265625,2728.923583984375,17123.599609375
2022-10-13,659.645263671875,826.0137329101562,1260.8670654296875,1082.7340087890625,2731.167236328125,17014.349609375
2022-10-14,681.134765625,842.125732421875,1309.1298828125,1077.2357177734375,2727.514892578125,17185.69921875
2022-10-17,684.7085571289062,856.5925903320312,1323.0714111328125,1094.525634765625,2745.69140625,17311.80078125
2022-10-18,683.4304809570312,867.9144897460938,1335.2811279296875,1113.83740234375,2774.765625,17486.94921875
2022-10-19,690.4359741210938,863.26953125,1319.075439453125,1133.21728515625,2754.603515625,17512.25
2022-10-20,685.7735595703125,859.9310913085938,1332.794921875,1136.2618408203125,2785.883056640625,17563.94921875
2022-10-21,680.9454345703125,877.833251953125,1332.439697265625,1123.084228515625,2768.323974609375,17576.30078125
2022-10-24,691.5719604492188,896.3643798828125,1347.8463134765625,1126.8330078125,2789.765380859375,17730.75
2022-10-25,686.767578125,895.1547241210938,1355.35009765625,1109.4298095703125,2790.11865234375,17656.349609375
2022-10-27,688.4241943359375,894.5257568359375,1368.0523681640625,1113.7918701171875,2785.9716796875,17736.94921875
2022-10-28,690.4595336914062,878.5106201171875,1358.4471435546875,1147.87158203125,2791.133056640625,17786.80078125
2022-10-31,708.4464721679688,879.3331909179688,1380.35107421875,1158.5272216796875,2817.515625,18012.19921875
2022-11-01,716.2802734375,879.236328125,1412.084716796875,1149.5528564453125,2876.237060546875,18145.400390625
2022-11-02,716.7298583984375,875.46240234375,1394.400146484375,1156.7322998046875,2860.3544921875,18082.849609375
2022-11-03,713.582275390625,879.2847900390625,1374.15673828125,1161.0491943359375,2829.51611328125,18052.69921875
2022-11-04,708.6594848632812,876.04296875,1359.1204833984375,1178.13427734375,2838.91357421875,18117.150390625
2022-11-07,714.1738891601562,887.8486938476562,1353.240234375,1184.4276123046875,2853.296142578125,18202.80078125
2022-11-09,713.9609375,881.074951171875,1356.606689453125,1183.246337890625,2837.72216796875,18157.0
2022-11-10,721.7235717773438,881.2684936523438,1348.302978515625,1168.9329833984375,2828.545166015625,18028.19921875
2022-11-11,762.6201171875,877.2526245117188,1409.4813232421875,1195.878662109375,2925.869873046875,18349.69921875
2022-11-14,764.4661254882812,866.0275268554688,1423.12646484375,1190.085205078125,2943.120849609375,18329.150390625
2022-11-15,766.3358154296875,882.2362060546875,1430.9365234375,1184.745849609375,2940.5615234375,18403.400390625
2022-11-16,772.915283203125,884.0747680664062,1438.836181640625,1177.95263671875,2960.634521484375,18409.650390625
2022-11-17,765.9335327148438,890.0744018554688,1425.0115966796875,1180.9971923828125,2955.0322265625,18343.900390625
2022-11-18,763.921875,890.6066284179688,1430.3978271484375,1180.3609619140625,2950.134765625,18307.650390625
2022-11-21,756.0880737304688,891.6226806640625,1407.7757568359375,1159.1181640625,2897.23681640625,18159.94921875
2022-11-22,754.9757080078125,893.848388671875,1422.902099609375,1165.547607421875,2924.987548828125,18244.19921875
2022-11-23,756.9400024414062,897.4771728515625,1421.1964111328125,1161.91259765625,2919.120361328125,18267.25
2022-11-24,769.246826171875,908.5087890625,1463.0743408203125,1171.9320068359375,2982.517578125,18484.099609375
2022-11-25,765.69677734375,900.2350463867188,1468.3258056640625,1189.4261474609375,2990.900146484375,18512.75
2022-11-28,757.460693359375,907.1055908203125,1457.328857421875,1230.2991943359375,2995.841064453125,18562.75
2022-11-29,756.3247680664062,916.1534423828125,1462.4007568359375,1232.4119873046875,2997.6943359375,18618.05078125
2022-11-30,761.3421020507812,922.1046752929688,1467.6973876953125,1241.1136474609375,2991.914794921875,18758.349609375
2022-12-01,766.572509765625,909.815185546875,1487.58154296875,1237.455810546875,3066.78369140625,18812.5
2022-12-02,760.703125,900.525390625,1470.3455810546875,1236.93310546875,3034.576904296875,18696.099609375
2022-12-05,763.4721069335938,903.4284057617188,1472.00634765625,1218.8936767578125,3022.885498046875,18701.05078125
2022-12-06,762.6201171875,892.8323364257812,1447.9029541015625,1222.4151611328125,2987.1064453125,18642.75
2022-12-07,762.2887573242188,892.3484497070312,1441.260009765625,1204.3758544921875,2982.9150390625,18560.5
2022-12-08,766.572509765625,901.7833862304688,1454.411376953125,1203.8076171875,2956.39990234375,18609.349609375
2022-12-09,772.03955078125,899.8480224609375,1408.763427734375,1185.5638427734375,2905.398681640625,18496.599609375
2022-12-12,778.0509643554688,900.2350463867188,1388.9239501953125,1187.38134765625,2899.84033203125,18497.150390625
2022-12-13,780.2047119140625,902.7994384765625,1411.32177734375,1192.7886962890625,2940.11962890625,18608.0
2022-12-14,786.8076782226562,891.9613647460938,1417.8302001953125,1188.4720458984375,2969.458740234375,18660.30078125
2022-12-15,772.3945922851562,879.4298706054688,1382.909423828125,1171.5911865234375,2916.29638671875,18414.900390625
2022-12-16,776.1102294921875,872.8496704101562,1366.4814453125,1165.7974853515625,2859.0751953125,18269.0
2022-12-19,778.5243530273438,877.1558227539062,1353.15087890625,1181.110595703125,2825.369140625,18420.44921875
2022-12-20,773.1519165039062,880.30078125,1353.1058349609375,1191.3345947265625,2862.340087890625,18385.30078125
2022-12-21,765.6731567382812,863.4147338867188,1355.125732421875,1174.3857421875,2884.046630859375,18199.099609375
2022-12-22,763.046142578125,861.866455078125,1366.346923828125,1171.3411865234375,2876.237060546875,18127.349609375
2022-12-23,756.2300415039062,850.4962158203125,1343.94921875,1136.9888916015625,2848.575439453125,17806.80078125
2022-12-26,771.2822265625,864.3340454101562,1348.70703125,1146.91748046875,2870.23681640625,18014.599609375
2022-12-27,772.063232421875,871.5433349609375,1359.88330078125,1156.3006591796875,2876.06103515625,18132.30078125
2022-12-28,771.4478149414062,869.898193359375,1355.664306640625,1156.18701171875,2873.943115234375,18122.5
2022-12-29,776.8912963867188,878.7041015625,1362.30712890625,1155.6646728515625,2884.222412109375,18191.0
2022-12-30,770.6669311523438,862.0599365234375,1353.9136962890625,1157.4366455078125,2873.589599609375,18105.30078125
2023-01-02,770.9271850585938,873.2850952148438,1368.0972900390625,1170.47802734375,2877.781982421875,18197.44921875
2023-01-03,775.9682006835938,872.2206420898438,1366.795654296875,1161.91259765625,2921.811767578125,18232.55078125
2023-01-04,762.0994873046875,870.0433349609375,1341.8843994140625,1144.418212890625,2924.722900390625,18042.94921875
2023-01-05,757.2003784179688,850.7380981445312,1324.2894287109375,1142.3734130859375,2921.590576171875,17992.150390625
2023-01-06,754.691650390625,841.9805908203125,1300.3209228515625,1152.75634765625,2833.751708984375,17859.44921875
2023-01-09,756.1590576171875,845.1255493164062,1332.5931396484375,1179.9747314453125,2929.399658203125,18101.19921875
2023-01-10,742.3375244140625,833.5133056640625,1319.3970947265625,1162.5260009765625,2899.796142578125,17914.150390625
2023-01-11,753.0349731445312,838.3033447265625,1320.74365234375,1147.87158203125,2937.120361328125,17895.69921875
2023-01-12,757.0584106445312,832.8359375,1329.1370849609375,1123.084228515625,2942.105712890625,17858.19921875
2023-01-13,757.6500854492188,845.2222900390625,1349.829345703125,1121.266845703125,2977.576416015625,17956.599609375
2023-01-16,750.3843994140625,837.2872924804688,1369.444091796875,1110.588623046875,3008.710205078125,17894.849609375
2023-01-17,761.5551147460938,837.1905517578125,1382.0115966796875,1126.3560791015625,3048.73193359375,18053.30078125
2023-01-18,774.9979248046875,841.3999633789062,1387.3082275390625,1124.4930419921875,3059.200439453125,18165.349609375
2023-01-19,778.2166137695312,838.158203125,1381.47314453125,1123.2886962890625,3043.949462890625,18107.849609375
2023-01-20,786.1923828125,842.2224731445312,1369.4888916015625,1109.9295654296875,3034.925537109375,18027.650390625
2023-01-23,791.9435424804688,843.5288696289062,1389.642333984375,1104.3177490234375,3081.669921875,18118.55078125
2023-01-24,802.5463256835938,842.6095581054688,1393.143310546875,1097.79736328125,3100.982421875,18118.30078125
2023-01-25,780.370361328125,827.6588134765625,1385.1536865234375,1082.620361328125,3095.071533203125,17891.94921875
2023-01-27,764.8211669921875,790.7902221679688,1363.7435302734375,1062.081787109375,3078.1962890625,17604.349609375
2023-01-30,764.0401611328125,796.8865356445312,1381.38330078125,1072.2601318359375,3098.591064453125,17648.94921875
2023-01-31,758.9990844726562,805.01513671875,1376.8499755859375,1069.579345703125,3030.9541015625,17662.150390625
2023-02-01,770.3828735351562,820.5464477539062,1392.4251708984375,1063.240478515625,3075.759765625,17616.30078125
2023-02-02,758.9280395507812,830.1748657226562,1421.7349853515625,1057.35595703125,3122.730712890625,17610.400390625
2023-02-03,785.1748046875,835.8841552734375,1435.7841796875,1058.2874755859375,3142.49365234375,17854.05078125
2023-02-06,781.837646484375,826.110595703125,1409.2569580078125,1050.312744140625,3122.32470703125,17764.599609375
2023-02-07,782.9972534179688,825.1912841796875,1402.5692138671875,1047.7908935546875,3133.695068359375,17721.5
2023-02-08,782.9026489257812,831.3360595703125,1427.79443359375,1068.7159423828125,3176.60498046875,17871.69921875
2023-02-09,781.2697143554688,832.9811401367188,1451.583740234375,1070.5789794921875,3195.330078125,17893.44921875
2023-02-10,784.3700561523438,826.2557373046875,1443.9979248046875,1061.763671875,3192.3515625,17856.5
2023-02-13,784.961669921875,823.1591796875,1407.102294921875,1055.7203369140625,3142.583984375,17770.900390625
2023-02-14,792.2274780273438,837.335693359375,1430.26318359375,1080.598388671875,3158.556396484375,17929.849609375
2023-02-15,790.6181030273438,842.657958984375,1433.674560546875,1105.0675048828125,3177.101318359375,18015.849609375
2023-02-16,787.7544555664062,841.3516235351562,1437.9384765625,1104.2042236328125,3210.851318359375,18035.849609375
2023-02-17,783.802001953125,834.7713623046875,1421.780029296875,1108.8162841796875,3159.50439453125,17944.19921875
2023-02-20,776.4415893554688,824.562255859375,1429.544921875,1097.093017578125,3147.00537109375,17844.599609375
2023-02-21,779.3526611328125,826.5943603515625,1417.9197998046875,1106.0445556640625,3114.248046875,17826.69921875
2023-02-22,764.0637817382812,812.1275634765625,1402.0306396484375,1080.9617919921875,3069.623779296875,17554.30078125
2023-02-23,758.8806762695312,812.6114501953125,1392.0660400390625,1075.78173828125,3080.677734375,17511.25
2023-02-24,752.1119384765625,812.5630493164062,1392.0208740234375,1083.1429443359375,3068.631103515625,17465.80078125
2023-02-27,753.981689453125,828.723388671875,1354.9012451171875,1075.9407958984375,3006.724853515625,17392.69921875
2023-02-28,757.153076171875,827.223388671875,1335.3759765625,1055.356689453125,2989.5791015625,17303.94921875
2023-03-01,756.4193725585938,828.6265258789062,1343.006591796875,1065.05810546875,3055.319580078125,17450.900390625
2023-03-02,749.9818725585938,826.4008178710938,1321.551513671875,1056.947021484375,2997.339599609375,17321.900390625
2023-03-03,764.8684692382812,840.480712890625,1327.9698486328125,1083.9154052734375,3016.01953125,17594.349609375
2023-03-06,770.2645874023438,839.7064819335938,1353.240234375,1094.5028076171875,3042.82177734375,17711.44921875
2023-03-08,771.802978515625,843.9158935546875,1339.999267578125,1098.4334716796875,3059.5615234375,17754.400390625
2023-03-09,771.8739013671875,828.2879638671875,1328.9576416015625,1072.032958984375,3011.236572265625,17589.599609375
2023-03-10,751.969970703125,815.4176635742188,1321.012939453125,1055.4248046875,3005.957763671875,17412.900390625
2023-03-13,742.4558715820312,801.628173828125,1288.2916259765625,1038.0670166015625,2961.693603515625,17154.30078125
2023-03-14,740.4677734375,803.5152587890625,1274.7364501953125,1034.1820068359375,2901.232177734375,17043.30078125
2023-03-15,729.8413696289062,799.208984375,1274.422119140625,1016.5057373046875,2886.747802734375,16972.150390625
2023-03-16,734.5748291015625,797.273681640625,1260.4627685546875,1011.4392700195312,2874.204345703125,16985.599609375
2023-03-17,744.396484375,809.2244873046875,1275.3646240234375,1010.1670532226562,2869.060302734375,17100.05078125
2023-03-20,739.2371826171875,809.4180908203125,1260.0589599609375,1000.238525390625,2836.5732421875,16988.400390625
2023-03-21,747.6152954101562,824.8526000976562,1248.4337158203125,1031.341796875,2803.00390625,17107.5
2023-03-22,745.8875732421875,832.4005126953125,1247.1319580078125,1034.4771728515625,2825.29296875,17151.900390625
2023-03-23,739.8998413085938,827.8040161132812,1233.93603515625,1021.3905029296875,2819.74365234375,17076.900390625
2023-03-24,738.716552734375,824.8526000976562,1239.4117431640625,1001.1699829101562,2815.998291015625,16945.05078125
2023-03-27,741.9351806640625,821.272216796875,1246.862548828125,1016.7330322265625,2817.623046875,16985.69921875
2023-03-28,747.97021484375,827.1265869140625,1236.6737060546875,1021.4815063476562,2811.84716796875,16951.69921875
2023-03-29,751.567626953125,823.4978637695312,1242.0152587890625,1015.4380493164062,2832.60302734375,17080.69921875
2023-03-31,761.8628540039062,848.8994750976562,1281.8729248046875,1059.2191162109375,2893.064453125,17359.75
2023-04-03,762.3361206054688,855.2378540039062,1266.5223388671875,1059.4007568359375,2887.740966796875,17398.05078125
2023-04-05,782.7843627929688,856.011962890625,1277.92333984375,1056.856201171875,2923.656494140625,17557.05078125
2023-04-06,788.7484130859375,846.7222290039062,1276.4420166015625,1063.9447021484375,2906.421142578125,17599.150390625
2023-04-10,785.0089721679688,840.3839111328125,1281.5589599609375,1056.40185546875,2944.9541015625,17624.05078125
2023-04-11,787.3048095703125,853.3992919921875,1262.3033447265625,1061.62744140625,2900.1943359375,17722.30078125
2023-04-12,797.5288696289062,861.3826293945312,1282.1873779296875,1066.3074951171875,2925.325927734375,17812.400390625
2023-04-13,801.1025390625,869.946533203125,1247.087158203125,1070.3289794921875,2877.6787109375,17828.0
2023-04-17,788.890380859375,872.1722412109375,1129.5780029296875,1075.7589111328125,2833.14404296875,17706.849609375
2023-04-18,785.5534057617188,867.8660888671875,1130.5205078125,1063.4449462890625,2825.24853515625,17660.150390625
2023-04-19,788.4407348632812,863.0760498046875,1106.14794921875,1068.738525390625,2788.114013671875,17618.75
2023-04-20,791.37548828125,865.4953002929688,1098.2481689453125,1066.034912109375,2801.830078125,17624.44921875
2023-04-21,792.6534423828125,857.028076171875,1101.794189453125,1067.3753662109375,2852.41162109375,17624.05078125
2023-04-24,799.0672607421875,875.5107421875,1100.8516845703125,1071.465087890625,2865.000244140625,17743.400390625
2023-04-25,787.7070922851562,883.9296875,1099.594970703125,1079.666748046875,2866.082763671875,17769.25
2023-04-26,791.328125,885.3811645507812,1101.9737548828125,1073.3280029296875,2886.071044921875,17813.599609375
2023-04-27,795.6828002929688,888.6712036132812,1118.7606201171875,1080.1212158203125,2876.866455078125,17915.05078125
2023-04-28,798.8069458007812,887.993896484375,1124.5958251953125,1099.8646240234375,2905.1123046875,18065.0
2023-05-02,798.6411743164062,892.300048828125,1146.76904296875,1109.2025146484375,2905.24755859375,18147.650390625
2023-05-03,801.433837890625,893.0258178710938,1139.318115234375,1099.6829833984375,2869.60205078125,18089.849609375
2023-05-04,817.8350830078125,891.9130249023438,1143.26806640625,1112.360595703125,2906.421142578125,18255.80078125
2023-05-05,769.4835205078125,896.993408203125,1130.296142578125,1109.5206298828125,2915.44482421875,18069.0
2023-05-08,778.38232421875,907.5894775390625,1136.1312255859375,1123.2205810546875,2933.4033203125,18264.400390625
2023-05-09,778.406005859375,904.20263671875,1140.7095947265625,1126.69677734375,2962.86767578125,18265.94921875
2023-05-10,782.0033569335938,905.7991943359375,1134.0216064453125,1134.4443359375,2966.070556640625,18315.099609375
2023-05-11,782.5240478515625,908.8474731445312,1127.6031494140625,1127.0377197265625,2961.874267578125,18297.0
2023-05-12,789.434814453125,913.3955078125,1117.818115234375,1128.8778076171875,2954.790283203125,18314.80078125
2023-05-15,793.2215576171875,915.1857299804688,1129.622802734375,1131.1043701171875,2937.419189453125,18398.849609375
2023-05-16,788.6731567382812,915.766357421875,1134.96435546875,1114.99609375,2940.21630859375,18286.5
2023-05-17,784.4360961914062,908.9926147460938,1119.34423828125,1108.4073486328125,2895.592041015625,18181.75
2023-05-18,787.5720825195312,915.9115600585938,1118.5361328125,1106.0218505859375,2887.60546875,18129.94921875
2023-05-19,788.481689453125,923.45947265625,1139.0936279296875,1109.6114501953125,2908.361083984375,18203.400390625
2023-05-22,785.6809692382812,919.6370239257812,1160.5487060546875,1115.541259765625,2976.809326171875,18314.400390625
2023-05-23,783.837646484375,922.5885620117188,1167.05712890625,1115.3369140625,2975.3203125,18348.0
2023-05-24,773.592041015625,910.2506103515625,1165.8004150390625,1108.8389892578125,2981.006103515625,18285.400390625
2023-05-25,770.6236572265625,909.4763793945312,1170.9171142578125,1108.7027587890625,2972.11669921875,18321.150390625
2023-05-26,773.592041015625,919.9757690429688,1182.677001953125,1138.94287109375,3004.062744140625,18499.349609375
2023-05-29,783.0237426757812,917.5082397460938,1179.9390869140625,1145.3497314453125,2996.34716796875,18598.650390625
2023-05-30,783.6222534179688,919.25,1188.4224853515625,1145.054443359375,2992.6015625,18633.849609375
2023-05-31,771.22216796875,918.4758911132812,1183.440185546875,1122.3118896484375,2968.5078125,18534.400390625
2023-06-01,767.9425659179688,905.8475952148438,1184.517578125,1119.2901611328125,2999.64013671875,18487.75
2023-06-02,769.1395263671875,907.8313598632812,1181.7880859375,1115.6322021484375,2983.0361328125,18534.099609375
2023-06-05,768.1340942382812,916.1534423828125,1186.791748046875,1125.651611328125,2967.9658203125,18593.849609375
2023-06-06,765.7402954101562,911.6536865234375,1163.5927734375,1126.60595703125,2916.888427734375,18599.0
2023-06-07,769.7140502929688,909.815185546875,1172.6448974609375,1135.1484375,2955.331787109375,18726.400390625
2023-06-08,770.1927490234375,907.5894775390625,1167.0499267578125,1135.830078125,2920.6337890625,18634.55078125
2023-06-09,771.1024780273438,907.7345581054688,1151.72021484375,1127.787353515625,2896.13330078125,18563.400390625
2023-06-12,766.4105834960938,905.7024536132812,1175.374267578125,1128.7869873046875,2930.0634765625,18601.5
2023-06-13,767.7032470703125,913.056884765625,1187.1102294921875,1145.46337890625,2927.17626953125,18716.150390625
2023-06-14,766.8652954101562,909.4280395507812,1183.0618896484375,1159.5496826171875,2933.809326171875,18755.900390625
2023-06-15,757.4336547851562,896.6546630859375,1170.68896484375,1159.8677978515625,2924.035888671875,18688.099609375
2023-06-16,767.3441772460938,904.0090942382812,1175.1015625,1171.159423828125,2886.39794921875,18826.0
2023-06-19,768.014404296875,893.316162109375,1177.2391357421875,1159.52685546875,2918.671875,18755.44921875
2023-06-20,769.6182861328125,895.6386108398438,1185.791015625,1161.9351806640625,2934.39990234375,18816.69921875
2023-06-21,783.0715942382812,894.8161010742188,1182.1064453125,1165.206787109375,2962.128173828125,18856.849609375
2023-06-22,786.9017333984375,895.8320922851562,1165.91259765625,1152.1201171875,2944.218994140625,18771.25
2023-06-23,786.8538208007812,893.65478515625,1150.85595703125,1142.691650390625,2924.08203125,18665.5
2023-06-26,783.0476684570312,897.4771728515625,1155.7232666015625,1133.967041015625,2899.8076171875,18691.19921875
2023-06-27,794.083251953125,905.8475952148438,1163.7293701171875,1134.376220703125,2906.808349609375,18817.400390625
2023-06-28,802.4856567382812,907.154052734375,1176.64794921875,1149.3939208984375,2923.26318359375,18972.099609375
2023-06-30,814.5745239257812,904.3961181640625,1214.9945068359375,1158.8226318359375,3002.17578125,19189.05078125
2023-07-03,823.3839111328125,912.089111328125,1213.3570556640625,1188.5628662109375,2974.947265625,19322.55078125
2023-07-04,827.4054565429688,914.1697387695312,1223.7738037109375,1176.31689453125,3008.176025390625,19389.0
2023-07-05,801.1211547851562,927.0399169921875,1225.72998046875,1174.3857421875,3018.26708984375,19398.5
2023-07-06,801.93505859375,928.3947143554688,1222.63671875,1199.0367431640625,3020.948974609375,19497.30078125
2023-07-07,794.945068359375,915.8147583007812,1210.1728515625,1196.696533203125,3026.72216796875,19331.80078125
2023-07-10,793.0538940429688,917.7501831054688,1209.2176513671875,1242.7947998046875,2974.629150390625,19355.900390625
2023-07-11,789.1998291015625,914.4116821289062,1226.9124755859375,1256.2677001953125,2975.037841796875,19439.400390625
2023-07-12,781.8029174804688,913.87939453125,1212.9932861328125,1257.653564453125,2963.673828125,19384.30078125
2023-07-13,785.704833984375,924.814208984375,1241.9237060546875,1246.4073486328125,3036.995849609375,19413.75
2023-07-14,787.3326416015625,929.0236206054688,1297.2830810546875,1245.3621826171875,3195.274658203125,19564.5
2023-07-17,803.80224609375,937.39404296875,1294.5537109375,1270.8084716796875,3174.410400390625,19711.44921875
2023-07-18,803.1319580078125,943.9259033203125,1342.089111328125,1281.6002197265625,3179.092529296875,19749.25
2023-07-19,806.7705688476562,941.9905395507812,1341.8616943359375,1291.3243408203125,3154.727783203125,19833.150390625
2023-07-20,808.51806640625,963.4247436523438,1318.7081298828125,1289.760498046875,3156.77880859375,19979.150390625
2023-07-21,802.2941284179688,964.7794799804688,1211.446533203125,1249.834716796875,3070.186767578125,19745.0
2023-07-24,803.5629272460938,959.9411010742188,1215.995361328125,1224.554931640625,3094.295654296875,19672.349609375
2023-07-25,812.2763671875,962.5537719726562,1214.1756591796875,1223.767333984375,3098.30615234375,19680.599609375
2023-07-26,809.45166015625,964.247314453125,1227.139892578125,1243.65625,3088.4169921875,19778.30078125
2023-07-27,801.04931640625,958.2476196289062,1231.052001953125,1232.087158203125,3096.255126953125,19659.900390625
2023-07-28,786.8538208007812,964.00537109375,1219.54345703125,1244.4686279296875,3058.428466796875,19646.05078125
2023-07-31,790.5403442382812,966.0374145507812,1233.3719482421875,1255.00390625,3118.6328125,19753.80078125
2023-08-01,795.8306884765625,962.40869140625,1242.0146484375,1237.25634765625,3146.5244140625,19733.55078125
2023-08-02,785.4176025390625,955.0543212890625,1234.4180908203125,1224.0380859375,3136.13330078125,19526.55078125
2023-08-03,779.7442016601562,933.8136596679688,1241.1959228515625,1218.8934326171875,3099.035400390625,19381.650390625
2023-08-04,791.0191040039062,939.1359252929688,1253.9781494140625,1235.4595947265625,3138.776611328125,19517.0
2023-08-07,790.5642700195312,944.1194458007812,1267.3062744140625,1242.49951171875,3175.692138671875,19597.30078125
2023-08-08,789.91796875,948.232177734375,1264.7589111328125,1235.0162353515625,3163.432861328125,19570.849609375
2023-08-09,790.2052001953125,949.0126342773438,1268.5799560546875,1243.1640625,3156.049560546875,19632.55078125
2023-08-10,783.1912231445312,940.6220703125,1263.7581787109375,1248.7022705078125,3137.455078125,19543.099609375
2023-08-11,775.0283813476562,929.64599609375,1248.0645751953125,1253.969970703125,3143.561767578125,19428.30078125
2023-08-14,771.24609375,936.182861328125,1267.8067626953125,1268.7884521484375,3144.51904296875,19434.55078125
2023-08-16,768.9957885742188,933.2070922851562,1290.505126953125,1267.7545166015625,3152.312255859375,19465.0
2023-08-17,764.73486328125,928.4752807617188,1284.1824951171875,1249.4654541015625,3131.667236328125,19365.25
2023-08-18,761.598876953125,927.4996337890625,1263.4853515625,1258.7208251953125,3069.09326171875,19310.150390625
2023-08-21,761.0004272460938,931.9388427734375,1278.58740234375,1244.986328125,3100.5849609375,19393.599609375
2023-08-22,757.7448120117188,928.8167724609375,1277.086181640625,1244.68994140625,3082.810791015625,19396.44921875
2023-08-23,759.6119384765625,943.3051147460938,1280.9073486328125,1246.0733642578125,3097.486083984375,19444.0
2023-08-24,756.1170043945312,945.35400390625,1295.1451416015625,1225.1258544921875,3087.915283203125,19386.69921875
2023-08-25,747.594970703125,946.7686767578125,1291.9610595703125,1219.4691162109375,3082.035888671875,19265.80078125
2023-08-28,755.3749389648438,946.9150390625,1287.9124755859375,1207.315673828125,3076.795166015625,19306.05078125
2023-08-29,761.3834838867188,944.1831665039062,1289.73193359375,1195.755126953125,3077.342041015625,19342.650390625
2023-08-30,755.8297119140625,935.5487670898438,1305.653076171875,1194.6187744140625,3090.83203125,19347.44921875
2023-08-31,752.3587036132812,935.40234375,1305.9259033203125,1189.1595458984375,3059.704345703125,19253.80078125
2023-09-01,753.9146728515625,945.1100463867188,1313.5679931640625,1191.950927734375,3080.1220703125,19435.30078125
2023-09-04,758.630615234375,943.7929077148438,1332.9005126953125,1190.987548828125,3115.94384765625,19528.80078125
2023-09-05,754.0104370117188,944.8173828125,1345.4554443359375,1197.36083984375,3125.833984375,19574.900390625
2023-09-06,763.873046875,934.182861328125,1344.1361083984375,1199.8802490234375,3126.3349609375,19611.05078125
2023-09-07,771.22216796875,942.1343383789062,1333.9010009765625,1201.5107421875,3149.441162109375,19727.05078125
2023-09-08,777.2306518554688,946.9150390625,1336.994384765625,1209.51416015625,3137.27294921875,19819.94921875
2023-09-11,781.2523193359375,954.427490234375,1343.2261962890625,1222.5570068359375,3172.5927734375,19996.349609375
2023-09-12,783.694091796875,966.379150390625,1365.6522216796875,1204.8948974609375,3263.87939453125,19993.19921875
2023-09-13,787.04541015625,965.6962280273438,1363.150146484375,1210.9222412109375,3252.0751953125,20070.0
2023-09-14,786.5665893554688,963.6473999023438,1370.97412109375,1212.0338134765625,3244.96630859375,20103.099609375
2023-09-15,795.5913696289062,968.28173828125,1375.204833984375,1214.28173828125,3279.83056640625,20192.349609375
2023-09-18,779.9357299804688,966.0865478515625,1357.191162109375,1203.7091064453125,3286.985595703125,20133.30078125
2023-09-20,748.648193359375,963.1107788085938,1355.7811279296875,1176.8826904296875,3286.89453125,19901.400390625
2023-09-21,743.6929931640625,935.93896484375,1366.2435302734375,1168.31103515625,3267.9814453125,19742.349609375
2023-09-22,732.3462524414062,927.1580810546875,1361.1488037109375,1163.4447021484375,3284.706787109375,19674.25
2023-09-25,732.9925537109375,933.060791015625,1341.1339111328125,1156.281005859375,3260.55224609375,19674.55078125
2023-09-26,736.1763305664062,925.5971069335938,1328.8521728515625,1157.2938232421875,3268.34521484375,19664.69921875
2023-09-27,731.005615234375,920.1334228515625,1334.629150390625,1170.336669921875,3271.626953125,19716.44921875
2023-09-28,729.49755859375,919.6456298828125,1309.5648193359375,1153.14404296875,3223.728271484375,19523.55078125
2023-09-29,730.742431640625,928.7191772460938,1305.9259033203125,1158.529052734375,3216.2998046875,19638.30078125
2023-10-03,722.0048828125,917.401611328125,1304.606689453125,1145.263916015625,3202.854736328125,19528.75
2023-10-04,732.29833984375,907.4012451171875,1314.022705078125,1143.287841796875,3224.6396484375,19436.099609375
2023-10-05,735.2667236328125,917.938232421875,1331.3992919921875,1143.26318359375,3271.672607421875,19545.75
2023-10-06,734.4528198242188,922.182373046875,1345.2733154296875,1145.1898193359375,3300.8857421875,19653.5
2023-10-09,725.9307861328125,915.7431030273438,1342.3165283203125,1135.4326171875,3316.3359375,19512.349609375
2023-10-10,730.0481567382812,928.0362548828125,1360.239013671875,1140.447021484375,3307.721923828125,19689.849609375
2023-10-11,737.1099853515625,929.8899536132812,1359.556640625,1158.5537109375,3290.403564453125,19811.349609375
2023-10-12,742.0173950195312,931.011962890625,1333.264404296875,1160.70263671875,3229.014892578125,19794.0
2023-10-13,735.2667236328125,928.1337890625,1302.013916015625,1160.6534423828125,3254.8095703125,19751.05078125
2023-10-16,732.322265625,928.2314453125,1304.7432861328125,1158.0596923828125,3212.15234375,19731.75
2023-10-17,737.8759765625,930.6705322265625,1312.2943115234375,1163.5928955078125,3196.65673828125,19811.5
2023-10-18,727.6065063476562,920.7676391601562,1310.565673828125,1148.154052734375,3178.608642578125,19671.099609375
2023-10-19,725.3082885742188,912.9624633789062,1304.288330078125,1139.33544921875,3157.95556640625,19624.69921875
2023-10-20,729.0667114257812,910.0355224609375,1298.4656982421875,1135.8524169921875,3193.5048828125,19542.650390625
2023-10-23,721.04736328125,907.3037109375,1281.5440673828125,1118.1162109375,3116.375244140625,19281.75
2023-10-25,716.47509765625,893.7909545898438,1262.560302734375,1115.5225830078125,3098.05322265625,19122.150390625
2023-10-26,700.6279296875,886.5224609375,1252.7918701171875,1099.9849853515625,3049.29833984375,18857.25
2023-10-27,703.380859375,890.5225830078125,1272.052001953125,1119.40087890625,3062.275390625,19047.25
2023-10-30,711.01708984375,902.376708984375,1269.0111083984375,1142.47265625,3087.497802734375,19140.900390625
2023-10-31,706.8997192382812,893.0592651367188,1261.0399169921875,1130.3192138671875,3078.5419921875,19079.599609375
2023-11-01,705.9422607421875,891.7908935546875,1247.90771484375,1135.0126953125,3043.724853515625,18989.150390625
2023-11-02,707.0194702148438,897.5472412109375,1262.6524658203125,1146.2767333984375,3070.63720703125,19133.25
2023-11-03,710.370849609375,911.0599365234375,1280.069580078125,1146.0296630859375,3062.229736328125,19230.599609375
2023-11-06,715.517578125,922.42626953125,1293.2017822265625,1155.564697265625,3089.051513671875,19411.75
2023-11-07,712.0465087890625,925.0116577148438,1294.1231689453125,1148.0552978515625,3080.095947265625,19406.69921875
2023-11-08,714.105224609375,912.9624633789062,1281.8665771484375,1154.033203125,3090.23974609375,19443.5
2023-11-09,711.2805786132812,914.5234375,1266.9376220703125,1141.50927734375,3059.07666015625,19395.30078125
2023-11-10,714.081298828125,915.7431030273438,1261.4544677734375,1143.6583251953125,3046.28271484375,19425.349609375
2023-11-13,712.7886352539062,911.6941528320312,1265.7857666015625,1143.5101318359375,3044.54736328125,19443.55078125
2023-11-15,720.2574462890625,918.1821899414062,1299.836669921875,1164.185791015625,3111.029541015625,19675.44921875
2023-11-16,722.1484985351562,913.2063598632812,1331.5377197265625,1166.285400390625,3196.52099609375,19765.19921875
2023-11-17,720.5924682617188,899.4009399414062,1324.7645263671875,1163.7410888671875,3200.724365234375,19731.80078125
2023-11-20,720.640380859375,899.0107421875,1323.8890380859375,1160.6781005859375,3216.396728515625,19694.0
2023-11-21,726.74462890625,903.5474243164062,1326.1007080078125,1175.2769775390625,3207.806396484375,19783.400390625
2023-11-22,724.1593017578125,900.279052734375,1343.4256591796875,1179.87158203125,3226.03759765625,19811.849609375
2023-11-23,728.3485107421875,900.52294921875,1335.5465087890625,1183.47802734375,3206.024658203125,19802.0
2023-11-24,733.5192260742188,906.76708984375,1324.6260986328125,1182.6875,3159.28076171875,19794.69921875
2023-11-28,731.867431640625,902.9620971679688,1329.5103759765625,1182.9345703125,3171.206298828125,19889.69921875
2023-11-29,746.4698486328125,916.7186889648438,1345.08447265625,1186.047119140625,3211.051025390625,20096.599609375
2023-11-30,746.3023071289062,912.1819458007812,1340.9835205078125,1174.5606689453125,3187.153564453125,20133.150390625
2023-12-01,744.6744995117188,923.6458129882812,1338.3572998046875,1182.8853759765625,3209.131591796875,20267.900390625
2023-12-04,770.5279541015625,967.0621337890625,1349.4617919921875,1195.6810302734375,3209.86279296875,20686.80078125
2023-12-05,777.3743286132812,988.7703247070312,1339.877685546875,1204.3514404296875,3227.36328125,20855.099609375
2023-12-06,779.3372192382812,978.8186645507812,1358.6312255859375,1215.887451171875,3293.61767578125,20937.69921875
2023-12-07,780.60595703125,974.6721801757812,1350.8902587890625,1213.886474609375,3303.487548828125,20901.150390625
2023-12-08,791.4979248046875,986.2335815429688,1374.1591796875,1213.244140625,3314.27001953125,20969.400390625
2023-12-11,790.4446411132812,992.3314208984375,1371.7171630859375,1215.0228271484375,3329.074462890625,20997.099609375
2023-12-12,782.5928344726562,990.9655151367188,1360.2440185546875,1197.5830078125,3355.759521484375,20906.400390625
2023-12-13,780.8214721679688,989.2093505859375,1335.3160400390625,1202.4739990234375,3283.976318359375,20926.349609375
2023-12-14,790.0376586914062,1008.4783935546875,1383.6510009765625,1217.39404296875,3351.3271484375,21182.69921875
2023-12-15,793.101806640625,1012.1371459960938,1454.56396484375,1232.9317626953125,3528.386474609375,21456.650390625
2023-12-18,792.69482421875,996.5755615234375,1441.6160888671875,1245.4803466796875,3526.7412109375,21418.650390625
2023-12-19,791.3543090820312,990.7216186523438,1436.0408935546875,1263.8094482421875,3487.44580078125,21453.099609375
2023-12-20,793.3171997070312,982.1358642578125,1415.8590087890625,1248.518798828125,3454.409912109375,21150.150390625
2023-12-21,807.5365600585938,979.940673828125,1415.4903564453125,1266.0079345703125,3461.21826171875,21255.05078125
2023-12-22,799.9481811523438,970.0866088867188,1440.2799072265625,1267.2430419921875,3494.573486328125,21349.400390625
2023-12-26,805.5018310546875,970.8671264648438,1422.816650390625,1273.6656494140625,3468.574462890625,21441.349609375
2023-12-27,815.4841918945312,977.8430786132812,1444.1502685546875,1278.01318359375,3482.8759765625,21654.75
2023-12-28,816.4177856445312,981.4041748046875,1440.0494384765625,1287.2518310546875,3472.549560546875,21778.69921875
2023-12-29,818.3328247070312,972.3306274414062,1421.8489990234375,1277.074462890625,3466.609619140625,21731.400390625
2024-01-01,812.9945678710938,975.0624389648438,1429.6361083984375,1279.69287109375,3482.78466796875,21741.900390625
2024-01-02,813.4733276367188,958.3300170898438,1414.015869140625,1290.2900390625,3457.28857421875,21665.80078125
2024-01-03,800.9296264648438,960.0863037109375,1373.099365234375,1276.2593994140625,3373.7158203125,21517.349609375
2024-01-04,809.5234985351562,963.1107788085938,1394.0184326171875,1282.8546142578125,3350.915771484375,21658.599609375
2024-01-05,805.3822021484375,969.501220703125,1412.3111572265625,1288.3138427734375,3415.890869140625,21710.80078125
2024-01-08,796.4052734375,958.0861206054688,1403.325927734375,1278.26025390625,3361.425537109375,21513.0
2024-01-09,790.2052001953125,955.8909301757812,1409.316162109375,1274.8759765625,3372.026123046875,21544.849609375
2024-01-10,792.8145141601562,968.8670654296875,1400.6534423828125,1309.2613525390625,3393.181884765625,21618.69921875
2024-01-11,789.4871215820312,967.0133666992188,1376.9698486328125,1343.6961669921875,3413.743408203125,21647.19921875
2024-01-12,785.7527465820312,979.0626220703125,1486.218994140625,1354.39208984375,3548.30810546875,21894.55078125
2024-01-15,800.8817749023438,985.2579345703125,1522.4814453125,1377.5130615234375,3567.4990234375,22097.44921875
2024-01-16,803.9219970703125,984.4774780273438,1503.5438232421875,1358.24560546875,3528.66015625,22032.30078125
2024-01-17,736.1045532226562,957.84228515625,1511.5150146484375,1345.35107421875,3549.95361328125,21571.94921875
2024-01-18,711.5198974609375,962.3302001953125,1513.726806640625,1351.6500244140625,3566.402587890625,21462.25
2024-01-19,704.0989990234375,974.8673095703125,1529.0244140625,1351.156005859375,3628.47119140625,21622.400390625
2024-01-23,683.3683471679688,1003.9904174804688,1513.3121337890625,1312.7442626953125,3550.436767578125,21238.80078125
2024-01-24,697.0371704101562,974.8673095703125,1543.953369140625,1327.862060546875,3535.299072265625,21453.94921875
2024-01-25,686.9830322265625,985.3555297851562,1538.147705078125,1336.9522705078125,3506.3125,21352.599609375
2024-01-29,696.438720703125,991.6484985351562,1526.62841796875,1430.795654296875,3497.754150390625,21737.599609375
2024-01-30,691.4835205078125,992.1363525390625,1521.88232421875,1390.8524169921875,3497.340087890625,21522.099609375
2024-01-31,700.220947265625,1003.1123657226562,1530.591064453125,1409.6258544921875,3511.511474609375,21725.69921875
2024-02-01,702.0402221679688,1000.1853637695312,1527.043212890625,1409.650634765625,3546.663818359375,21697.44921875
2024-02-02,692.3692016601562,999.0633544921875,1560.4951171875,1440.3306884765625,3649.8662109375,21853.80078125
2024-02-05,691.7467651367188,998.5755615234375,1554.8277587890625,1421.8782958984375,3656.307861328125,21771.69921875
2024-02-06,691.3876953125,1001.4049682617188,1593.7628173828125,1410.7869873046875,3806.02783203125,21929.400390625
2024-02-07,684.6131591796875,997.2584838867188,1560.8638916015625,1424.966064453125,3757.623779296875,21930.5
2024-02-08,671.734375,965.2084350585938,1559.34326171875,1432.845947265625,3804.279296875,21717.94921875
2024-02-09,671.9976196289062,986.0872802734375,1538.3780517578125,1443.3443603515625,3803.911376953125,21782.5
2024-02-12,665.4864501953125,971.8428344726562,1548.2847900390625,1435.04443359375,3791.94873046875,21616.05078125
2024-02-13,667.6168823242188,994.9656372070312,1552.3856201171875,1447.6424560546875,3818.45068359375,21743.25
2024-02-14,662.6378173828125,997.7950439453125,1535.4754638671875,1463.7235107421875,3772.991943359375,21840.05078125
2024-02-15,677.0007934570312,991.8923950195312,1544.8289794921875,1453.076904296875,3775.844970703125,21910.75
2024-02-16,679.8015747070312,998.3316650390625,1568.14404296875,1443.17138671875,3798.94189453125,22040.69921875
2024-02-19,678.4609985351562,1018.3323974609375,1566.3931884765625,1456.4365234375,3776.396484375,22122.25
2024-02-20,696.2711181640625,1023.2107543945312,1553.03076171875,1453.4969482421875,3709.08251953125,22196.94921875
2024-02-21,689.017822265625,1026.332763671875,1525.6610107421875,1450.2115478515625,3673.05615234375,22055.05078125
2024-02-22,679.634033203125,1036.8209228515625,1549.4365234375,1464.0941162109375,3761.029296875,22217.44921875
2024-02-23,680.1366577148438,1035.455078125,1545.28955078125,1475.82763671875,3728.821533203125,22212.69921875
2024-02-26,680.9505615234375,1028.5279541015625,1529.89990234375,1469.6026611328125,3681.844482421875,22122.05078125
2024-02-27,679.9212036132812,1034.3817138671875,1533.079345703125,1467.94775390625,3776.948486328125,22198.349609375
2024-02-28,674.7745361328125,1020.72265625,1540.129150390625,1438.280517578125,3790.338134765625,21951.150390625
2024-02-29,671.9019165039062,1026.57666015625,1542.5711669921875,1443.3939208984375,3768.390869140625,21982.80078125
2024-03-01,684.9961547851562,1060.431640625,1524.87744140625,1474.3455810546875,3767.70068359375,22338.75
2024-03-04,685.9297485351562,1065.748779296875,1508.7506103515625,1489.4384765625,3755.139404296875,22405.599609375
2024-03-05,689.8317260742188,1061.5535888671875,1480.459228515625,1482.32421875,3692.0126953125,22356.30078125
2024-03-06,690.6695556640625,1070.3831787109375,1490.642333984375,1485.0909423828125,3740.0478515625,22474.05078125
2024-03-07,692.34521484375,1061.4560546875,1489.628662109375,1461.3028564453125,3780.813720703125,22493.55078125
2024-03-11,683.5838012695312,1052.4312744140625,1475.0220947265625,1449.1246337890625,3793.466796875,22332.650390625
2024-03-12,698.7847290039062,1050.6263427734375,1486.403076171875,1457.844482421875,3857.790283203125,22335.69921875
2024-03-13,699.191650390625,1057.5533447265625,1484.974609375,1415.10986328125,3817.990966796875,21997.69921875
2024-03-14,696.8217163085938,1057.2119140625,1523.5875244140625,1414.4180908203125,3871.915771484375,22146.650390625
2024-03-15,695.4811401367188,1054.041015625,1505.8016357421875,1401.3260498046875,3882.635986328125,22023.349609375
2024-03-18,692.3213500976562,1054.870361328125,1476.9112548828125,1422.32275390625,3821.21142578125,22055.69921875
2024-03-19,693.9011840820312,1057.5533447265625,1438.9434814453125,1408.267333984375,3659.989013671875,21817.44921875
2024-03-20,685.1397705078125,1058.0899658203125,1432.9534912109375,1426.5469970703125,3654.09912109375,21839.099609375
2024-03-21,692.1776733398438,1055.455810546875,1432.7232666015625,1433.6856689453125,3655.986083984375,22011.94921875
2024-03-22,690.7891845703125,1063.7489013671875,1390.4703369140625,1437.6875,3598.88623046875,22096.75
2024-03-26,682.434814453125,1057.3094482421875,1375.54150390625,1424.3978271484375,3568.151123046875,22004.69921875
2024-03-27,689.7599487304688,1057.3583984375,1367.431884765625,1475.061767578125,3534.470703125,22123.650390625
2024-03-28,693.20703125,1066.67578125,1380.5177001953125,1468.1451416015625,3567.046875,22326.900390625
2024-04-01,704.0271606445312,1072.8712158203125,1378.12158203125,1467.0831298828125,3604.26953125,22462.0
2024-04-02,708.6472778320312,1054.870361328125,1366.5103759765625,1469.2320556640625,3573.9482421875,22453.30078125
2024-04-03,709.6766357421875,1050.9677734375,1364.4830322265625,1454.0650634765625,3632.382080078125,22434.650390625
2024-04-04,731.36474609375,1052.57763671875,1370.0582275390625,1445.4935302734375,3683.914794921875,22514.650390625
2024-04-05,741.8737182617188,1057.0169677734375,1363.0545654296875,1442.7020263671875,3661.78369140625,22513.69921875
2024-04-08,740.4613647460938,1060.675537109375,1360.8427734375,1468.268798828125,3655.617919921875,22666.30078125
2024-04-09,741.3949584960938,1080.091064453125,1377.56884765625,1446.209716796875,3631.692138671875,22642.75
2024-04-10,735.5540161132812,1082.3837890625,1388.58154296875,1461.945068359375,3666.7529296875,22753.80078125
2024-04-12,727.2233276367188,1077.505615234375,1368.26123046875,1449.6680908203125,3682.166015625,22519.400390625
2024-04-15,715.61328125,1052.08984375,1352.963623046875,1447.3707275390625,3626.769287109375,22272.5
2024-04-16,722.5794067382812,1041.06494140625,1303.4765625,1448.2847900390625,3563.82568359375,22147.900390625
2024-04-18,715.61328125,1029.7474365234375,1307.900146484375,1446.876708984375,3553.887939453125,21995.849609375
2024-04-19,733.13623046875,1041.2601318359375,1300.52783203125,1452.6075439453125,3520.943603515625,22147.0
2024-04-22,723.9917602539062,1060.187744140625,1320.3409423828125,1462.2166748046875,3556.280517578125,22336.400390625
2024-04-23,721.7894287109375,1063.7000732421875,1329.23388671875,1441.936279296875,3565.57421875,22368.0
2024-04-24,723.7523803710938,1070.041748046875,1318.498046875,1432.895263671875,3525.406982421875,22402.400390625
2024-04-25,723.2975463867188,1086.6278076171875,1325.59375,1442.5784912109375,3544.869140625,22570.349609375
2024-04-26,722.8427734375,1080.9202880859375,1318.0372314453125,1435.2420654296875,3516.48095703125,22419.94921875
2024-04-29,732.2744140625,1131.8978271484375,1322.18408203125,1447.5684814453125,3561.432861328125,22643.400390625
2024-04-30,727.7740478515625,1122.38525390625,1309.0982666015625,1449.5198974609375,3515.83642578125,22604.849609375
2024-05-02,733.591064453125,1111.701904296875,1303.4765625,1449.0753173828125,3555.083984375,22648.19921875
2024-05-03,727.53466796875,1114.2386474609375,1305.1817626953125,1416.9130859375,3536.771484375,22475.849609375
2024-05-06,728.994873046875,1118.3851318359375,1314.0284423828125,1402.610595703125,3608.226806640625,22442.69921875
2024-05-07,721.09521484375,1104.3358154296875,1327.8975830078125,1384.7755126953125,3661.507080078125,22302.5
2024-05-08,709.84423828125,1095.6524658203125,1315.318603515625,1401.647216796875,3659.6669921875,22302.5
2024-05-09,693.0155029296875,1088.5302734375,1326.6075439453125,1377.5130615234375,3644.253173828125,21957.5
2024-05-10,697.8200073242188,1089.847412109375,1313.1070556640625,1390.65478515625,3583.24267578125,22055.19921875
2024-05-13,706.2400512695312,1100.53076171875,1311.770751953125,1385.9859619140625,3632.842529296875,22104.05078125
2024-05-14,709.0062866210938,1093.26220703125,1312.92236328125,1403.1539306640625,3589.9599609375,22217.849609375
2024-05-15,698.1111450195312,1096.9696044921875,1308.5452880859375,1399.3992919921875,3570.819580078125,22200.55078125
2024-05-16,708.6665649414062,1103.5064697265625,1339.3248291015625,1408.3660888671875,3615.82080078125,22403.849609375
2024-05-17,710.5349731445312,1102.9698486328125,1330.9849853515625,1418.5927734375,3553.857421875,22466.099609375
2024-05-21,707.962890625,1093.65234375,1321.63134765625,1419.0126953125,3540.97314453125,22529.05078125
2024-05-22,708.156982421875,1084.042236328125,1340.6610107421875,1443.24560546875,3551.910888671875,22597.80078125
2024-05-23,724.3661499023438,1106.8724365234375,1356.8802490234375,1468.343017578125,3608.869140625,22967.650390625
2024-05-24,736.3046875,1104.3843994140625,1350.15283203125,1462.6119384765625,3568.1318359375,22957.099609375
2024-05-27,741.400390625,1102.2869873046875,1355.91259765625,1448.77880859375,3565.8603515625,22932.44921875
2024-05-28,742.75927734375,1099.5062255859375,1351.949951171875,1438.8485107421875,3559.233154296875,22888.150390625
2024-05-29,731.9855346679688,1075.1639404296875,1337.1131591796875,1423.607421875,3525.6328125,22704.69921875
2024-05-30,735.1642456054688,1086.5789794921875,1315.456787109375,1407.8720703125,3463.0205078125,22488.650390625
2024-05-31,743.2688598632812,1093.7501220703125,1322.459716796875,1413.3560791015625,3402.632080078125,22530.69921875
2024-06-03,762.9964599609375,1131.75146484375,1321.5198974609375,1492.32861328125,3432.2001953125,23263.900390625
2024-06-04,719.7800903320312,1045.35791015625,1310.0050048828125,1380.625732421875,3443.462646484375,21884.5
2024-06-05,753.0963134765625,1081.6519775390625,1344.267333984375,1403.821044921875,3472.613525390625,22620.349609375
2024-06-06,756.93017578125,1083.3592529296875,1383.8875732421875,1414.541748046875,3550.427490234375,22821.400390625
2024-06-07,763.5545654296875,1094.3841552734375,1441.5552978515625,1452.4346923828125,3609.33251953125,23290.150390625
2024-06-10,757.7067260742188,1096.4329833984375,1409.7369384765625,1453.867431640625,3576.659423828125,23259.19921875
2024-06-11,759.4052734375,1090.9693603515625,1405.97705078125,1439.3179931640625,3570.5419921875,23264.849609375
2024-06-12,763.94287109375,1092.28662109375,1396.060302734375,1445.888671875,3551.5859375,23322.94921875
2024-06-13,767.1458129882812,1080.3836669921875,1404.28515625,1447.7906494140625,3594.6875,23398.900390625
2024-06-14,774.9835815429688,1078.7249755859375,1399.5380859375,1459.944091796875,3551.95703125,23465.599609375
2024-06-18,780.2733764648438,1095.506103515625,1408.280029296875,1463.3778076171875,3536.24609375,23557.900390625
2024-06-19,804.5628051757812,1116.580078125,1420.6407470703125,1441.2694091796875,3523.824951171875,23516.0
2024-06-20,810.143798828125,1128.6295166015625,1424.4476318359375,1456.139892578125,3510.431396484375,23567.0
2024-06-21,808.396728515625,1130.4344482421875,1440.709228515625,1436.8724365234375,3532.214111328125,23501.099609375
2024-06-24,811.6240234375,1141.6055908203125,1435.4925537109375,1424.2989501953125,3537.821533203125,23537.849609375
2024-06-25,830.5266723632812,1168.77734375,1449.4041748046875,1436.8228759765625,3557.88916015625,23721.30078125
2024-06-26,825.7463989257812,1188.339111328125,1448.2291259765625,1495.9844970703125,3574.017578125,23868.80078125
2024-06-27,823.1500244140625,1190.19287109375,1478.9195556640625,1512.3126220703125,3646.593994140625,24044.5
2024-06-28,817.156494140625,1170.3870849609375,1472.7158203125,1546.7474365234375,3618.787109375,24010.599609375
2024-07-01,827.5420532226562,1182.3387451171875,1495.3223876953125,1541.5599365234375,3687.424560546875,24141.94921875
2024-07-02,839.8687744140625,1161.6063232421875,1523.7567138671875,1546.525146484375,3723.75927734375,24123.849609375
2024-07-03,858.3346557617188,1172.33837890625,1529.7255859375,1533.927001953125,3675.421142578125,24286.5
2024-07-04,838.1945190429688,1202.9737548828125,1551.5802001953125,1535.5079345703125,3727.0498046875,24302.150390625
2024-07-05,799.8310546875,1203.364013671875,1548.572265625,1569.695556640625,3718.569091796875,24323.849609375
2024-07-08,793.6434936523438,1204.973876953125,1561.9200439453125,1581.824462890625,3701.328125,24320.55078125
2024-07-09,794.2015380859375,1217.8524169921875,1557.6900634765625,1571.3260498046875,3694.19091796875,24433.19921875
2024-07-10,789.1544799804688,1212.9254150390625,1549.32421875,1565.3480224609375,3623.42138671875,24324.44921875
2024-07-11,787.1161499023438,1208.291015625,1553.507080078125,1561.815673828125,3636.90771484375,24315.94921875
2024-07-12,787.50439453125,1202.876220703125,1609.012939453125,1577.6990966796875,3878.13623046875,24502.150390625
2024-07-15,787.2131958007812,1199.998046875,1604.59521484375,1578.193115234375,3864.464111328125,24586.69921875
2024-07-16,786.07275390625,1209.7056884765625,1622.454833984375,1557.4681396484375,3873.038330078125,24613.0
2024-07-18,783.6705322265625,1219.8525390625,1652.5341796875,1567.76904296875,4000.11669921875,24800.849609375
2024-07-19,780.0307006835938,1218.2427978515625,1685.3394775390625,1536.61962890625,3997.1904296875,24530.900390625
2024-07-22,797.1376953125,1210.92529296875,1702.1651611328125,1482.7935791015625,3983.208984375,24509.25
2024-07-23,785.4176025390625,1196.8759765625,1726.6517333984375,1470.1708984375,3997.143798828125,24479.05078125
2024-07-24,778.4534912109375,1193.21728515625,1723.878662109375,1477.8779296875,4000.76708984375,24413.5
2024-07-25,784.5440673828125,1168.728515625,1715.324951171875,1474.6171875,4015.86376953125,24406.099609375
2024-07-26,785.2962646484375,1177.802001953125,1766.1309814453125,1491.044189453125,4076.579345703125,24834.849609375
2024-07-29,778.9387817382812,1183.16796875,1758.7991943359375,1501.987060546875,4070.30810546875,24836.099609375
2024-07-30,784.0344848632812,1179.9971923828125,1764.4859619140625,1495.1199951171875,4055.674560546875,24857.30078125
2024-07-31,784.1315307617188,1185.314697265625,1756.1201171875,1487.487060546875,4074.25634765625,24951.150390625
2024-08-01,795.3178100585938,1180.63134765625,1741.409423828125,1497.244384765625,4085.171630859375,25010.900390625
2024-08-02,805.1937255859375,1167.4114990234375,1711.8939208984375,1481.4595947265625,3979.212646484375,24717.69921875
2024-08-05,784.1315307617188,1144.0445556640625,1646.7532958984375,1430.079345703125,3860.293212890625,24055.599609375
2024-08-06,777.0703125,1138.4346923828125,1646.0013427734375,1438.700439453125,3875.2978515625,23992.55078125
2024-08-07,787.8926391601562,1143.8983154296875,1684.1175537109375,1447.3707275390625,3902.472900390625,24297.5
2024-08-08,797.21044921875,1136.239501953125,1638.5284423828125,1431.8577880859375,3876.551513671875,24117.0
2024-08-09,800.8502197265625,1143.0689697265625,1664.4720458984375,1456.7330322265625,3928.76513671875,24367.5
2024-08-12,805.65478515625,1154.09033203125,1689.5225830078125,1443.220703125,3898.01318359375,24347.0
2024-08-13,778.0409545898438,1149.7113037109375,1689.5693359375,1446.18505859375,3899.221435546875,24139.0
2024-08-14,780.2733764648438,1143.1181640625,1713.821044921875,1444.4312744140625,3990.547607421875,24143.75
2024-08-16,792.0662841796875,1168.3096923828125,1747.378173828125,1460.58642578125,4102.77783203125,24541.150390625
2024-08-19,791.7993774414062,1157.140869140625,1752.8773193359375,1475.65625,4171.48193359375,24572.650390625
2024-08-20,794.783935546875,1160.6341552734375,1759.8331298828125,1483.1416015625,4202.4189453125,24698.849609375
2024-08-21,789.0089111328125,1156.1075439453125,1760.302978515625,1485.8433837890625,4228.61962890625,24770.19921875
2024-08-22,791.6781005859375,1172.098388671875,1767.3997802734375,1485.2979736328125,4182.630859375,24811.5
2024-08-23,788.6448974609375,1184.300537109375,1750.3392333984375,1487.1322021484375,4147.2333984375,24823.150390625
2024-08-26,795.8758544921875,1193.9442138671875,1763.546142578125,1499.6490478515625,4183.04833984375,25010.599609375
2024-08-27,794.8082275390625,1206.7860107421875,1786.0584716796875,1487.6031494140625,4178.125,25017.75
2024-08-28,794.49267578125,1204.325927734375,1822.7177734375,1485.4715576171875,4186.39306640625,25052.349609375
2024-08-29,795.1964721679688,1202.4071044921875,1817.312744140625,1507.90283203125,4191.73486328125,25151.94921875
2024-08-30,794.3956909179688,1209.5904541015625,1827.0416259765625,1496.6995849609375,4230.70947265625,25235.900390625
2024-09-02,789.56689453125,1210.3284912109375,1846.5933837890625,1503.267822265625,4200.32958984375,25278.69921875
2024-09-03,794.6140747070312,1227.79541015625,1824.7386474609375,1496.203857421875,4192.24658203125,25279.849609375
2024-09-04,796.773681640625,1216.62646484375,1807.0670166015625,1501.5823974609375,4161.49462890625,25198.69921875
2024-09-05,798.5450439453125,1216.23291015625,1817.1248779296875,1480.192138671875,4158.42919921875,25145.099609375
2024-09-06,794.419921875,1188.8763427734375,1787.703369140625,1452.2830810546875,4140.5908203125,24852.150390625
2024-09-09,799.0546264648438,1215.2979736328125,1780.9356689453125,1449.9283447265625,4133.9013671875,24936.400390625
2024-09-10,800.9229736328125,1217.5614013671875,1797.5263671875,1449.0113525390625,4188.0654296875,25041.099609375
2024-09-11,797.7928466796875,1216.62646484375,1795.50537109375,1439.0721435546875,4161.587890625,24918.44921875
2024-09-12,808.8092651367188,1232.174560546875,1833.3865966796875,1467.1298828125,4197.21728515625,25388.900390625
2024-09-13,808.4937744140625,1230.403076171875,1827.4178466796875,1460.016357421875,4201.76904296875,25356.5
2024-09-16,810.9202880859375,1242.7037353515625,1833.1986083984375,1458.752197265625,4193.08251953125,25383.75
2024-09-17,809.876953125,1247.8699951171875,1835.360595703125,1459.6942138671875,4186.0224609375,25418.55078125
2024-09-18,822.494873046875,1267.796875,1778.5855712890625,1450.919921875,4037.836669921875,25377.55078125
2024-09-19,829.1435546875,1271.388671875,1780.5125732421875,1457.0916748046875,3991.383056640625,25415.80078125
2024-09-20,845.0130004882812,1317.09765625,1791.3695068359375,1473.2025146484375,3980.931640625,25790.94921875
2024-09-23,854.0397338867188,1300.8116455078125,1782.6275634765625,1480.5887451171875,3965.695068359375,25939.05078125
2024-09-24,858.0435180664062,1297.5643310546875,1784.6485595703125,1476.6229248046875,3968.29638671875,25940.400390625
2024-09-25,863.4060668945312,1302.7305908203125,1781.546630859375,1481.15869140625,3971.501708984375,26004.150390625
2024-09-26,865.5171508789062,1307.84765625,1786.199462890625,1485.12451171875,3987.99267578125,26216.05078125
2024-09-27,850.5697631835938,1285.7557373046875,1792.309326171875,1513.10791015625,4003.043212890625,26178.94921875
2024-09-30,840.572509765625,1252.69189453125,1763.029052734375,1463.9324951171875,3965.695068359375,25810.849609375
2024-10-01,837.7334594726562,1254.069580078125,1790.053466796875,1452.2830810546875,3983.718505859375,25796.900390625
2024-10-03,816.282958984375,1236.307373046875,1779.7607421875,1394.928466796875,3932.481201171875,25250.099609375
2024-10-04,804.4657592773438,1219.97216796875,1803.0252685546875,1374.653564453125,3950.59765625,25014.599609375
2024-10-07,785.12646484375,1214.215576171875,1818.2059326171875,1358.9888916015625,3969.73583984375,24795.75
2024-10-08,801.2627563476562,1216.8724365234375,1831.6005859375,1385.3858642578125,3951.526611328125,25013.150390625
2024-10-09,792.5758666992188,1224.302001953125,1835.5484619140625,1362.8306884765625,3951.248046875,24981.94921875
2024-10-10,806.7709350585938,1223.6624755859375,1803.82421875,1359.31103515625,3927.5107421875,24998.44921875
2024-10-11,801.238525390625,1203.489501953125,1818.9578857421875,1360.35205078125,3854.858154296875,24964.25
2024-10-14,819.2432861328125,1212.099853515625,1841.3294677734375,1360.7734375,3843.19873046875,25127.94921875
2024-10-15,817.3020629882812,1235.470947265625,1841.7054443359375,1332.5174560546875,3824.756591796875,25057.349609375
2024-10-16,824.92138671875,1223.3179931640625,1804.858154296875,1342.4813232421875,3804.45654296875,24971.30078125
2024-10-17,811.9879760742188,1211.60791015625,1849.9771728515625,1344.811279296875,3817.510009765625,24749.849609375
2024-10-18,816.2101440429688,1244.327392578125,1766.7889404296875,1347.66162109375,3839.90771484375,24854.05078125
2024-10-21,838.9466552734375,1238.9644775390625,1741.5504150390625,1357.476806640625,3799.67529296875,24781.099609375
2024-10-22,832.0796508789062,1247.279541015625,1740.4693603515625,1331.8482666015625,3739.744140625,24472.099609375
2024-10-23,842.3923950195312,1231.6331787109375,1760.9610595703125,1327.0645751953125,3787.0087890625,24435.5
2024-10-24,849.1138305664062,1232.764892578125,1751.51416015625,1328.3287353515625,3769.919189453125,24399.400390625
2024-10-25,846.0806884765625,1235.4217529296875,1750.292236328125,1316.4808349609375,3778.90673828125,24180.80078125
2024-10-28,841.6158447265625,1272.2252197265625,1753.394287109375,1322.9251708984375,3809.91943359375,24339.150390625
2024-10-29,850.1815185546875,1310.6029052734375,1748.59326171875,1328.52685546875,3795.390625,24466.849609375
2024-10-30,841.8099975585938,1291.21728515625,1713.2276611328125,1332.3935546875,3804.1455078125,24340.849609375
2024-10-31,842.3438110351562,1271.6346435546875,1670.589599609375,1320.64501953125,3695.92529296875,24205.349609375
2024-11-01,843.120361328125,1271.19189453125,1674.011962890625,1327.1884765625,3710.59375,24304.349609375
2024-11-04,831.8612060546875,1256.82470703125,1676.674072265625,1291.0009765625,3691.92041015625,23995.349609375
2024-11-05,853.0933227539062,1276.013671875,1667.68994140625,1294.1240234375,3698.6259765625,24213.30078125
2024-11-06,851.8316040039062,1281.5736083984375,1733.762451171875,1314.002197265625,3855.3681640625,24484.05078125
2024-11-07,847.6094360351562,1258.30078125,1714.1309814453125,1294.470947265625,3865.845703125,24199.349609375
2024-11-08,851.4432983398438,1238.7674560546875,1739.704345703125,1272.758544921875,3862.21337890625,24148.19921875
2024-11-11,857.1942138671875,1249.0509033203125,1768.367431640625,1261.802978515625,3910.363525390625,24141.30078125
2024-11-12,833.8509521484375,1250.330078125,1776.638427734375,1263.33984375,3909.152587890625,23883.44921875
2024-11-13,815.967529296875,1233.6995849609375,1776.2581787109375,1241.3299560546875,3865.333740234375,23559.05078125
2024-11-14,821.5,1236.897705078125,1772.5980224609375,1256.746826171875,3861.18896484375,23532.69921875
2024-11-18,827.4934692382812,1233.45361328125,1722.1165771484375,1249.9554443359375,3743.46923828125,23453.80078125
2024-11-19,845.5225830078125,1229.173095703125,1734.7607421875,1231.0189208984375,3762.142822265625,23518.5
2024-11-21,845.0130004882812,1230.5999755859375,1743.6021728515625,1212.528564453125,3793.15576171875,23349.900390625
2024-11-22,847.1483764648438,1257.6612548828125,1808.4388427734375,1254.565673828125,3953.111328125,23907.25
2024-11-25,866.560546875,1280.1959228515625,1796.507568359375,1275.9805908203125,4018.769775390625,24221.900390625
2024-11-26,866.5363159179688,1284.132080078125,1829.2587890625,1284.6060791015625,4053.7880859375,24194.5
2024-11-27,879.5182495117188,1279.9498291015625,1829.591552734375,1282.1275634765625,4035.021240234375,24274.900390625
2024-11-28,870.224609375,1265.8287353515625,1765.087646484375,1259.91943359375,3953.390869140625,23914.150390625
2024-11-29,871.632080078125,1279.3594970703125,1766.2283935546875,1281.1361083984375,3977.558837890625,24131.099609375
2024-12-02,875.8298950195312,1283.8369140625,1787.095947265625,1297.9410400390625,3982.960205078125,24276.05078125
2024-12-03,886.3125610351562,1287.527099609375,1798.789306640625,1311.969970703125,4007.268310546875,24457.150390625
2024-12-04,902.7157592773438,1295.0550537109375,1796.0799560546875,1297.74267578125,4055.37109375,24467.44921875
2024-12-05,905.4577026367188,1315.1788330078125,1839.4310302734375,1310.7305908203125,4157.49072265625,24708.400390625
2024-12-06,900.6531982421875,1307.552490234375,1827.5950927734375,1300.320556640625,4140.21435546875,24677.80078125
2024-12-09,907.520263671875,1301.205322265625,1828.783447265625,1284.0609130859375,4146.40771484375,24619.0
2024-12-10,906.59814453125,1309.2252197265625,1852.45556640625,1273.8489990234375,4128.15380859375,24610.05078125
2024-12-11,904.1716918945312,1306.3223876953125,1876.79296875,1267.2559814453125,4123.404296875,24641.80078125
2024-12-12,902.30322265625,1308.04443359375,1889.00927734375,1252.0870361328125,4149.01611328125,24548.69921875
2024-12-13,908.3695678710938,1323.44482421875,1901.0830078125,1261.9517822265625,4166.6640625,24768.30078125
2024-12-16,905.1907958984375,1324.6256103515625,1882.402099609375,1257.4407958984375,4111.99609375,24668.25
2024-12-17,889.6853637695312,1312.47265625,1879.1220703125,1234.6378173828125,4031.2490234375,24336.0
2024-12-18,878.74169921875,1293.1854248046875,1881.54638671875,1242.5196533203125,4049.27099609375,24198.849609375
2024-12-19,870.3944702148438,1266.3701171875,1850.2213134765625,1219.914794921875,3978.536376953125,23951.69921875
2024-12-20,859.7177734375,1267.84619140625,1827.3575439453125,1194.9803466796875,3883.91357421875,23587.5
2024-12-23,874.0343017578125,1276.1121826171875,1829.4013671875,1211.834716796875,3872.73779296875,23753.44921875
2024-12-24,872.6268310546875,1276.5550537109375,1814.9034423828125,1212.2808837890625,3892.4814453125,23727.650390625
2024-12-26,869.0598754882812,1276.6533203125,1813.3348388671875,1206.1339111328125,3882.7958984375,23750.19921875
2024-12-27,872.6996459960938,1286.6907958984375,1822.2237548828125,1210.595458984375,3878.837890625,23813.400390625
2024-12-30,862.82373046875,1273.9964599609375,1812.00390625,1200.3338623046875,3873.202880859375,23644.900390625
2024-12-31,860.3729248046875,1261.203857421875,1787.2860107421875,1205.043212890625,3813.598388671875,23644.80078125
2025-01-01,865.1774291992188,1263.1719970703125,1789.6627197265625,1210.7935791015625,3830.036376953125,23742.900390625
2025-01-02,870.5158081054688,1270.0111083984375,1861.296875,1231.167724609375,3888.9892578125,24188.650390625
2025-01-03,848.8954467773438,1244.86865234375,1843.1387939453125,1240.4376220703125,3818.348388671875,24004.75
2025-01-06,830.1141357421875,1243.933837890625,1842.283203125,1207.571533203125,3813.78466796875,23616.05078125
2025-01-07,831.5215454101562,1258.8421630859375,1835.6282958984375,1230.2257080078125,3751.6650390625,23707.900390625
2025-01-08,822.252197265625,1243.58935546875,1837.81494140625,1254.664794921875,3826.264404296875,23688.94921875
2025-01-09,809.3916625976562,1242.260986328125,1822.7467041015625,1244.0068359375,3761.490478515625,23526.5
2025-01-10,804.0289916992188,1229.9111328125,1869.9478759765625,1231.266845703125,3972.71533203125,23431.5
2025-01-13,791.4596557617188,1210.1318359375,1865.4322509765625,1229.234375,3996.41845703125,23085.94921875
2025-01-14,799.1030883789062,1220.5135498046875,1844.374755859375,1228.143798828125,3942.354248046875,23176.05078125
2025-01-15,797.3803100585938,1218.49609375,1853.501220703125,1241.478515625,3957.767822265625,23213.19921875
2025-01-16,801.7481079101562,1229.173095703125,1833.3466796875,1255.6065673828125,3917.44140625,23311.80078125
2025-01-17,794.3228759765625,1205.9002685546875,1725.9193115234375,1291.19921875,3911.750244140625,23203.19921875
2025-01-20,801.3598022460938,1213.28076171875,1723.87548828125,1294.272705078125,3867.64697265625,23344.75
2025-01-21,797.0648803710938,1177.0677490234375,1711.896728515625,1262.7945556640625,3827.859130859375,23024.650390625
2025-01-22,808.5423583984375,1181.299072265625,1764.8974609375,1266.16552734375,3942.38623046875,23155.349609375
2025-01-23,807.9842529296875,1182.5784912109375,1773.45361328125,1252.8306884765625,3931.810546875,23205.349609375
2025-01-24,800.6561279296875,1189.90966796875,1782.96044921875,1235.6292724609375,3938.355224609375,23092.19921875
2025-01-27,790.9500732421875,1208.3604736328125,1732.1463623046875,1218.82421875,3855.6484375,22829.150390625
2025-01-28,810.6534423828125,1227.0081787109375,1739.5142822265625,1223.8310546875,3832.079345703125,22957.25
2025-01-29,814.0020141601562,1231.6824951171875,1788.474365234375,1224.921630859375,3888.512939453125,23163.099609375
2025-01-30,820.8933715820312,1235.5693359375,1768.224853515625,1242.3214111328125,3888.75048828125,23249.5
2025-01-31,824.4118041992188,1232.814208984375,1787.095947265625,1254.2681884765625,3900.463623046875,23508.400390625
2025-02-01,820.6264038085938,1235.520263671875,1760.0489501953125,1253.7724609375,3863.236328125,23482.150390625
2025-02-03,814.3417358398438,1233.0108642578125,1771.40966796875,1235.232666015625,3858.96826171875,23361.05078125
2025-02-04,835.1613159179688,1247.9683837890625,1805.158935546875,1274.196044921875,3895.389404296875,23739.25
2025-02-05,843.363037109375,1247.476318359375,1803.4952392578125,1267.2559814453125,3880.261474609375,23696.30078125
2025-02-06,846.299072265625,1252.101318359375,1821.1781005859375,1270.577392578125,3872.341552734375,23603.349609375
2025-02-07,840.9122314453125,1236.8487548828125,1809.769775390625,1255.8544921875,3821.741455078125,23559.94921875
2025-02-10,832.6619873046875,1242.4576416015625,1787.5712890625,1242.916259765625,3828.902099609375,23381.599609375
2025-02-11,825.6978759765625,1232.764892578125,1783.1507568359375,1224.2772216796875,3759.284912109375,23071.80078125
2025-02-12,828.3185424804688,1231.8299560546875,1771.26708984375,1206.1339111328125,3746.575439453125,23045.25
2025-02-13,823.9022216796875,1228.976318359375,1752.3485107421875,1205.6876220703125,3708.63671875,23031.400390625
2025-02-14,822.5191040039062,1239.99755859375,1764.849853515625,1206.827880859375,3732.064208984375,22929.25
2025-02-17,833.4384765625,1231.1904296875,1751.4453125,1214.4124755859375,3703.2783203125,22959.5
2025-02-18,836.2047119140625,1223.2196044921875,1760.619384765625,1214.908203125,3673.5908203125,22945.30078125
2025-02-19,838.2186889648438,1241.52294921875,1721.498779296875,1216.9404296875,3589.08349609375,22932.900390625
2025-02-20,818.7579956054688,1230.009521484375,1735.14111328125,1222.4429931640625,3584.625244140625,22913.150390625
2025-02-21,821.3786010742188,1213.28076171875,1725.49169921875,1217.634521484375,3590.88525390625,22795.900390625
2025-02-24,813.9049682617188,1198.9136962890625,1677.1016845703125,1204.151123046875,3486.175048828125,22553.349609375
2025-02-25,816.4527587890625,1204.6212158203125,1680.524169921875,1193.69140625,3442.498046875,22547.55078125
2025-02-27,825.3580932617188,1202.9482421875,1677.2918701171875,1196.7647705078125,3426.373779296875,22545.05078125
2025-02-28,840.7423095703125,1184.8909912109375,1604.469482421875,1189.82470703125,3303.7373046875,22124.69921875
2025-03-03,825.7706909179688,1186.9573974609375,1624.3387451171875,1161.2216796875,3313.03271484375,22119.30078125
2025-03-04,829.8715209960938,1191.0904541015625,1605.0399169921875,1151.9517822265625,3350.02294921875,22082.650390625
2025-03-05,820.1654052734375,1196.305908203125,1627.0958251953125,1165.534423828125,3364.24951171875,22337.30078125
2025-03-06,820.7477416992188,1198.6185302734375,1631.231201171875,1199.2432861328125,3415.988525390625,22544.69921875
2025-03-07,819.8014526367188,1195.17431640625,1602.853271484375,1239.0992431640625,3425.093505859375,22552.5
2025-03-10,818.9521484375,1195.469482421875,1617.5413818359375,1227.796875,3404.654541015625,22460.30078125
2025-03-11,817.9815063476562,1225.5321044921875,1579.6566162109375,1236.62060546875,3391.043701171875,22497.900390625
2025-03-12,830.4296264648438,1224.105224609375,1512.3958740234375,1246.2872314453125,3325.5048828125,22470.5
2025-03-13,828.221435546875,1230.10791015625,1501.9381103515625,1237.2154541015625,3330.105224609375,22397.19921875
2025-03-17,830.065673828125,1248.7557373046875,1511.63525390625,1228.242919921875,3317.44287109375,22508.75
2025-03-18,830.065673828125,1248.7557373046875,1511.63525390625,1228.242919921875,3317.44287109375,22834.30078125
2025-03-19,846.42041015625,1292.1519775390625,1508.307861328125,1236.471923828125,3316.873779296875,22907.599609375
2025-03-20,858.3831787109375,1300.6148681640625,1535.877685546875,1258.283447265625,3379.519775390625,23190.650390625
2025-03-21,859.15966796875,1321.673583984375,1514.011962890625,1265.421875,3393.69970703125,23350.400390625
2025-03-24,873.5489501953125,1336.4835205078125,1514.2021484375,1290.951416015625,3441.9287109375,23658.349609375
2025-03-25,883.958740234375,1322.263916015625,1548.1414794921875,1274.4439697265625,3469.24462890625,23668.650390625
2025-03-26,876.7277221679688,1314.58837890625,1520.571533203125,1262.150146484375,3448.42578125,23486.849609375
2025-03-27,885.8514404296875,1315.326416015625,1524.469482421875,1267.2559814453125,3463.032470703125,23591.94921875
2025-03-28,887.2344970703125,1326.8397216796875,1493.1920166015625,1264.1824951171875,3420.303466796875,23519.349609375
2025-04-01,857.9463500976562,1297.416748046875,1451.21923828125,1241.8751220703125,3367.80615234375,23165.69921875
2025-04-02,872.0444946289062,1310.0125732421875,1473.7030029296875,1240.4376220703125,3361.309326171875,23332.349609375
2025-04-03,871.0496826171875,1308.3397216796875,1422.69873046875,1238.008544921875,3227.765625,23250.099609375
2025-04-04,881.9447631835938,1313.998046875,1380.0606689453125,1194.38525390625,3129.362548828125,22904.44921875
2025-04-07,853.0205078125,1267.009765625,1327.8680419921875,1155.71923828125,3105.318603515625,22161.599609375
2025-04-08,858.5773315429688,1279.1627197265625,1358.3375244140625,1172.0780029296875,3123.2451171875,22535.849609375
2025-04-09,856.5632934570312,1280.04833984375,1334.47509765625,1175.2010498046875,3079.28369140625,22399.150390625
2025-04-11,876.8247680664062,1290.7252197265625,1339.941650390625,1208.5133056640625,3064.96142578125,22828.55078125
2025-04-15,905.0452270507812,1328.66015625,1355.675537109375,1229.4822998046875,3080.80078125,23328.55078125
2025-04-16,911.4027099609375,1334.7613525390625,1343.41162109375,1228.689208984375,3105.081787109375,23437.19921875
2025-04-17,925.3309326171875,1384.2587890625,1349.49609375,1263.5877685546875,3128.88818359375,23851.650390625
2025-04-21,935.2311401367188,1387.3095703125,1379.442626953125,1284.407958984375,3150.41845703125,24125.55078125
2025-04-22,952.0227661132812,1393.902587890625,1352.63330078125,1280.1446533203125,3143.589599609375,24167.25
2025-04-23,933.67822265625,1401.676513671875,1402.1639404296875,1288.869384765625,3237.10791015625,24328.94921875
2025-04-24,930.2325439453125,1380.3226318359375,1398.8365478515625,1290.4556884765625,3226.295654296875,24246.69921875
2025-04-25,927.5148315429688,1382.38916015625,1407.2025146484375,1289.2659912109375,3270.3046875,24039.349609375
2025-04-28,931.882568359375,1406.00634765625,1409.0087890625,1357.080322265625,3266.0361328125,24328.5
2025-04-29,926.35009765625,1406.9903564453125,1423.6494140625,1387.7156982421875,3293.541259765625,24335.94921875
2025-04-30,934.2120361328125,1404.235107421875,1426.1212158203125,1392.9703369140625,3275.710205078125,24334.19921875
2025-05-02,932.7075805664062,1407.2855224609375,1432.5858154296875,1407.6436767578125,3254.18017578125,24346.69921875
2025-05-05,939.9386596679688,1406.5968017578125,1434.2020263671875,1419.0452880859375,3276.27978515625,24461.150390625
2025-05-06,937.4635620117188,1408.7615966796875,1436.958984375,1408.7342529296875,3281.685791015625,24379.599609375
2025-05-07,944.2093505859375,1412.5010986328125,1433.916748046875,1393.9617919921875,3267.5537109375,24414.400390625
2025-05-08,935.91064453125,1412.5994873046875,1436.8638916015625,1394.9532470703125,3271.15771484375,24273.80078125
2025-05-09,917.0807495117188,1366.742919921875,1433.2513427734375,1365.408447265625,3263.001220703125,24008.0
2025-05-12,949.8388671875,1425.39208984375,1546.66796875,1424.20068359375,3433.8193359375,24924.69921875
2025-05-13,933.0473022460938,1407.777587890625,1491.2430419921875,1403.5787353515625,3333.851318359375,24578.349609375
2025-05-14,927.2236938476562,1403.44775390625,1513.869384765625,1412.2042236328125,3365.814453125,24666.900390625
2025-05-15,938.4827270507812,1427.6553955078125,1533.4534912109375,1441.7491455078125,3395.40625,25062.099609375
2025-05-16,938.9194946289062,1430.8043212890625,1511.49267578125,1443.9302978515625,3377.765380859375,25019.80078125
2025-05-19,940.8607177734375,1425.8841552734375,1482.8770751953125,1428.4638671875,3337.455322265625,24945.44921875
2025-05-20,929.3104858398438,1415.25634765625,1483.637451171875,1412.402587890625,3318.011962890625,24683.900390625
2025-05-21,935.0856323242188,1421.6527099609375,1491.14794921875,1416.963134765625,3344.0947265625,24813.44921875
2025-05-22,931.7369995117188,1419.0941162109375,1471.18359375,1397.332763671875,3297.8095703125,24609.69921875
2025-05-23,938.3856811523438,1426.67138671875,1487.63037109375,1414.5838623046875,3333.47216796875,24853.150390625
2025-05-26,941.5886840820312,1437.2989501953125,1502.55615234375,1422.5152587890625,3355.002197265625,25001.150390625
2025-05-27,934.8429565429688,1423.3255615234375,1492.6690673828125,1409.9239501953125,3318.39111328125,24826.19921875
2025-05-28,933.4840698242188,1430.6075439453125,1494.2852783203125,1400.802734375,3317.44287109375,24752.44921875
2025-05-29,935.42529296875,1433.264404296875,1507.4046630859375,1405.660888671875,3317.822265625,24833.599609375
2025-05-30,943.86962890625,1422.7352294921875,1506.5369873046875,1408.7342529296875,3284.910400390625,24750.69921875
2025-06-02,937.65771484375,1427.3602294921875,1497.9569091796875,1401.5958251953125,3272.01123046875,24716.599609375
2025-06-03,934.0179443359375,1414.961181640625,1487.5450439453125,1393.4661865234375,3229.70947265625,24542.5
2025-06-04,942.073974609375,1408.1712646484375,1495.4503173828125,1411.31201171875,3235.1640625,24620.19921875
2025-06-05,946.1505126953125,1431.591552734375,1498.43896484375,1430.0501708984375,3225.78662109375,24750.900390625
2025-06-06,960.27294921875,1436.413330078125,1507.5975341796875,1431.1407470703125,3238.322265625,25003.05078125
2025-06-09,960.3699951171875,1411.9107666015625,1516.3704833984375,1436.3953857421875,3274.396728515625,25103.19921875
2025-06-10,953.7698974609375,1400.200439453125,1538.6402587890625,1426.1834716796875,3313.629638671875,25104.25
2025-06-11,946.538818359375,1408.1712646484375,1572.478759765625,1436.4945068359375,3322.241455078125,25141.400390625
2025-06-12,943.1417236328125,1402.4637451171875,1550.787353515625,1429.257080078125,3286.16650390625,24888.19921875
2025-06-13,930.6207885742188,1393.5089111328125,1544.424560546875,1415.67431640625,3297.1708984375,24718.599609375
2025-06-16,939.2592163085938,1404.13671875,1565.441162109375,1425.4896240234375,3345.590087890625,24946.5
2025-06-17,936.4444580078125,1400.49560546875,1580.9625244140625,1418.946044921875,3363.770751953125,24853.400390625
2025-06-18,938.5313110351562,1390.064697265625,1574.214111328125,1417.85546875,3302.625244140625,24812.05078125
2025-06-19,939.210693359375,1388.78564453125,1560.2352294921875,1421.0281982421875,3276.40625,24793.25
2025-06-20,953.4786987304688,1404.33349609375,1564.573486328125,1453.6463623046875,3287.60205078125,25112.400390625
2025-06-23,945.5681762695312,1397.4451904296875,1527.071533203125,1444.326904296875,3247.31689453125,24971.900390625
2025-06-24,951.634521484375,1401.38134765625,1524.7576904296875,1438.3782958984375,3244.25439453125,25044.349609375
2025-06-25,961.0009155273438,1403.05419921875,1556.8609619140625,1454.737060546875,3296.31005859375,25244.75
2025-06-26,981.1896362304688,1416.1419677734375,1557.92138671875,1482.497314453125,3293.439208984375,25549.0
2025-06-27,988.5983276367188,1438.8734130859375,1550.208984375,1502.4251708984375,3292.769775390625,25637.80078125
2025-06-30,982.023681640625,1422.7352294921875,1544.2318115234375,1487.7518310546875,3312.768798828125,25517.05078125
2025-07-01,987.2244873046875,1409.1552734375,1549.05224609375,1515.3138427734375,3281.860595703125,25541.80078125
2025-07-02,974.418701171875,1405.0223388671875,1552.619140625,1505.7960205078125,3275.736572265625,25453.400390625
2025-07-03,974.9583740234375,1403.152587890625,1560.5244140625,1504.8046875,3254.20654296875,25405.30078125
2025-07-04,976.037841796875,1419.7830810546875,1581.733642578125,1514.223388671875,3272.38720703125,25461.0
2025-07-07,975.1055908203125,1412.796142578125,1568.5262451171875,1528.3016357421875,3264.636474609375,25461.30078125
2025-07-08,981.974609375,1418.9957275390625,1579.8055419921875,1524.4349365234375,3259.373291015625,25522.5
2025-07-09,986.7828979492188,1409.0570068359375,1574.9853515625,1505.9942626953125,3237.939208984375,25476.099609375
2025-07-10,984.3296508789062,1401.38134765625,1557.728759765625,1504.2095947265625,3236.216796875,25355.25
2025-07-11,973.2901611328125,1399.2164306640625,1537.5797119140625,1482.3980712890625,3125.21728515625,25149.849609375
2025-07-14,972.94677734375,1400.2989501953125,1513.8638916015625,1470.9964599609375,3083.783447265625,25082.30078125
2025-07-15,979.079833984375,1407.9744873046875,1528.614013671875,1472.6820068359375,3112.10791015625,25195.80078125
2025-07-16,979.4723510742188,1403.6446533203125,1550.1126708984375,1472.8802490234375,3104.234375,25212.05078125
2025-07-17,974.8602905273438,1396.0675048828125,1526.589599609375,1463.7591552734375,3081.286865234375,25111.44921875
2025-07-18,960.3862915039062,1403.05419921875,1529.095947265625,1463.362548828125,3062.75634765625,24968.400390625
2025-07-21,981.5330200195312,1442.4161376953125,1527.36083984375,1416.3682861328125,3032.319580078125,25090.69921875
2025-07-22,984.771240234375,1450.0916748046875,1514.4423828125,1400.70361328125,3033.6640625,25060.900390625
2025-07-23,993.2103881835938,1464.852294921875,1517.9129638671875,1412.402587890625,3052.386962890625,25219.900390625
2025-07-24,988.2548217773438,1459.7353515625,1496.70361328125,1390.888427734375,3022.526123046875,25062.099609375
2025-07-25,985.9922485351562,1453.5357666015625,1461.2261962890625,1379.7841796875,3010.8125,24837.0
2025-07-28,987.9105224609375,1464.6556396484375,1461.515380859375,1375.71923828125,2956.564697265625,24680.900390625
2025-07-29,994.3539428710938,1462.4906005859375,1459.2979736328125,1404.9666748046875,2934.193359375,24821.099609375
2025-07-30,996.4197998046875,1458.7513427734375,1464.40771484375,1398.026611328125,2931.88916015625,24855.05078125
2025-07-31,992.6815795898438,1457.767333984375,1454.76708984375,1378.2969970703125,2915.758544921875,24768.349609375
2025-08-01,989.7304077148438,1448.12353515625,1416.782958984375,1381.76708984375,2883.305908203125,24565.349609375
2025-08-04,979.7947387695312,1439.8575439453125,1427.291259765625,1399.4146728515625,2951.859619140625,24722.75
2025-08-05,972.7118530273438,1421.357421875,1407.8172607421875,1379.7841796875,2941.7783203125,24649.55078125
2025-08-06,976.499267578125,1420.5703125,1385.0654296875,1380.874755859375,2911.437744140625,24574.19921875
2025-08-07,981.4671020507812,1417.322998046875,1385.2581787109375,1377.5040283203125,2925.552001953125,24596.150390625
2025-08-08,970.8920288085938,1412.9931640625,1371.9542236328125,1356.0888671875,2915.37451171875,24363.30078125
2025-08-11,981.5654296875,1413.681884765625,1376.870849609375,1374.331298828125,2919.59912109375,24585.05078125
2025-08-12,968.924560546875,1410.112060546875,1372.9183349609375,1368.5810546875,2914.4140625,24487.400390625
2025-08-13,974.0399169921875,1408.922119140625,1375.3284912109375,1370.7620849609375,2915.182373046875,24619.349609375
2025-08-14,979.35205078125,1415.3677978515625,1395.6700439453125,1367.4774169921875,2901.836669921875,24631.30078125
2025-08-18,985.5003662109375,1422.606689453125,1384.19775390625,1375.3409423828125,2891.178955078125,24876.94921875
2025-08-19,979.35205078125,1424.29248046875,1388.2469482421875,1413.564208984375,2895.979736328125,24980.650390625
2025-08-20,977.9256591796875,1418.64013671875,1442.427001953125,1406.4969482421875,2975.095458984375,25050.55078125
2025-08-21,979.4012451171875,1433.911376953125,1442.619873046875,1418.24267578125,2978.935791015625,25083.75
2025-08-22,966.317626953125,1424.3917236328125,1434.0396728515625,1402.71435546875,2932.273193359375,24870.099609375
2025-08-25,966.0717163085938,1421.2183837890625,1477.0367431640625,1406.0987548828125,3015.42138671875,24967.75
2025-08-26,957.5625,1404.7572021484375,1474.6265869140625,1378.5262451171875,3031.35986328125,24712.05078125
2025-08-28,942.2162475585938,1387.4034423828125,1446.1868896484375,1379.521728515625,2970.390380859375,24500.900390625
2025-08-29,936.1171264648438,1386.1143798828125,1416.782958984375,1350.9537353515625,2961.74951171875,24426.849609375
2025-09-01,935.1333618164062,1399.2039794921875,1445.5120849609375,1347.6689453125,2988.537353515625,24625.05078125
2025-09-02,929.1326904296875,1382.54443359375,1444.837158203125,1360.2109375,2987.48095703125,24579.599609375
2025-09-03,938.9207763671875,1385.321044921875,1425.9415283203125,1366.2828369140625,2974.0390625,24715.05078125
2025-09-04,945.610107421875,1393.75,1410.4202880859375,1353.0440673828125,2972.310546875,24734.30078125
2025-09-05,947.7251586914062,1391.0726318359375,1392.681396484375,1368.671875,2926.800048828125,24741.0
2025-09-08,950.2828369140625,1390.973388671875,1381.402099609375,1372.15576171875,2898.668212890625,24773.150390625
2025-09-09,949.4467163085938,1391.9649658203125,1450.2359619140625,1369.8662109375,2927.8564453125,24868.599609375
2025-09-10,950.1845092773438,1392.163330078125,1477.518798828125,1370.66259765625,2986.041015625,24973.099609375
2025-09-11,952.0535278320312,1389.882568359375,1455.4417724609375,1376.9337158203125,2999.675048828125,25005.5
2025-09-12,951.5617065429688,1405.847900390625,1470.7703857421875,1388.579833984375,3008.508056640625,25114.0
2025-09-15,951.3157348632812,1407.5338134765625,1454.1885986328125,1392.8599853515625,2987.865234375,25069.19921875
2025-09-16,951.1190185546875,1409.71533203125,1456.9844970703125,1398.8323974609375,3020.318359375,25239.099609375
2025-09-17,950.7747192382812,1407.33544921875,1467.685546875,1407.2933349609375,3046.337890625,25330.25
2025-09-18,961.0055541992188,1409.814453125,1485.2313232421875,1408.4876708984375,3050.082275390625,25423.599609375
2025-09-19,951.168212890625,1390.4775390625,1484.845703125,1400.9227294921875,3042.881591796875,25327.05078125
2025-09-22,948.5121459960938,1389.783447265625,1445.6083984375,1384.199951171875,2951.283935546875,25202.349609375
2025-09-23,941.6260375976562,1382.6436767578125,1443.6802978515625,1383.40380859375,2940.338134765625,25169.5
2025-09-24,935.5761108398438,1371.1405029296875,1440.884521484375,1376.635009765625,2914.4140625,25056.900390625
2025-09-25,934.3955688476562,1364.29833984375,1431.436767578125,1366.0838623046875,2839.523193359375,24890.849609375
2025-09-26,929.6737060546875,1348.233642578125,1396.8270263671875,1371.2598876953125,2783.547119140625,24654.69921875
2025-09-29,934.8382568359375,1336.829833984375,1389.982177734375,1366.48193359375,2780.666748046875,24634.900390625
2025-09-30,935.5269165039062,1336.730712890625,1389.982177734375,1357.722412109375,2773.2734375,24611.099609375
2025-10-01,949.5450439453125,1360.530029296875,1393.83837890625,1362.4007568359375,2798.044921875,24836.30078125
2025-10-03,949.4467163085938,1353.786865234375,1394.609619140625,1357.125244140625,2786.235595703125,24894.25
2025-10-06,957.6116333007812,1352.001953125,1422.9530029296875,1368.671875,2869.287841796875,25077.650390625
2025-10-07,966.514404296875,1364.3974609375,1406.0819091796875,1378.4267578125,2855.173583984375,25108.30078125
2025-10-08,962.7762451171875,1358.8443603515625,1441.2701416015625,1361.1068115234375,2906.541015625,25046.150390625
2025-10-09,961.2022094726562,1364.69482421875,1455.0562744140625,1371.458984375,2939.666015625,25181.80078125
2025-10-10,964.9404296875,1368.7607421875,1460.4549560546875,1375.3409423828125,2907.597412109375,25285.349609375
2025-10-13,961.1038818359375,1367.8681640625,1439.5347900390625,1368.671875,2887.338134765625,25227.349609375
2025-10-14,961.25146484375,1372.52880859375,1436.353515625,1369.5677490234375,2842.307861328125,25145.5
2025-10-15,962.3335571289062,1386.7093505859375,1421.41064453125,1367.97509765625,2862.063720703125,25323.55078125
2025-10-16,978.1715698242188,1405.451416015625,1418.61474609375,1391.8646240234375,2862.93115234375,25585.30078125
2025-10-17,986.2381591796875,1424.5899658203125,1389.307373046875,1410.279541015625,2854.73974609375,25709.849609375
2025-10-20,986.6316528320312,1378.6771240234375,1408.395751953125,1460.04931640625,2905.81689453125,25843.150390625
2025-10-21,991.3043823242188,1370.4464111328125,1419.482421875,1458.4566650390625,2897.62548828125,25868.599609375
2025-10-23,992.386474609375,1352.2994384765625,1473.566162109375,1441.7340087890625,2961.712890625,25891.400390625
2025-10-24,978.5650634765625,1366.182373046875,1470.57763671875,1444.9193115234375,2952.075439453125,25795.150390625
2025-10-27,986.6316528320312,1366.083251953125,1472.633056640625,1477.2696533203125,2972.988525390625,25966.05078125
2025-10-28,987.2218627929688,1351.7044677734375,1468.4241943359375,1480.056884765625,2946.9677734375,25936.19921875
2025-10-29,991.451904296875,1358.9434814453125,1478.408203125,1497.277099609375,2946.678955078125,26053.900390625
2025-10-30,981.9097900390625,1351.0103759765625,1462.1597900390625,1481.6494140625,2925.187744140625,25877.849609375
2025-10-31,971.2362670898438,1334.0533447265625,1450.9034423828125,1479.5592041015625,2947.064208984375,25722.099609375
2025-11-03,976.499267578125,1335.14404296875,1454.0355224609375,1477.866943359375,2907.359130859375,25763.349609375
2025-11-04,969.2196655273438,1325.7235107421875,1436.808349609375,1466.3203125,2881.72412109375,25597.650390625
2025-11-06,968.6294555664062,1309.3614501953125,1435.6336669921875,1489.2144775390625,2901.6728515625,25509.69921875
2025-11-07,966.317626953125,1331.7724609375,1445.5198974609375,1471.19775390625,2883.265869140625,25492.30078125
2025-11-10,968.4818725585938,1336.730712890625,1481.4425048828125,1482.44580078125,2915.4541015625,25574.349609375
2025-11-11,975.564697265625,1346.944580078125,1497.88671875,1486.5269775390625,2936.46337890625,25694.94921875
2025-11-12,973.4005126953125,1347.53955078125,1518.8333740234375,1504.5435791015625,3018.18701171875,25875.80078125
2025-11-13,970.596923828125,1374.3138427734375,1509.14306640625,1503.9464111328125,2993.03369140625,25879.150390625
2025-11-14,973.4988403320312,1361.521728515625,1470.9691162109375,1511.9095458984375,2993.322998046875,25910.05078125
2025-11-17,980.3357543945312,1367.4715576171875,1475.66748046875,1511.3123779296875,2989.66064453125,26013.44921875
2025-11-18,976.302490234375,1361.9183349609375,1454.91650390625,1512.4072265625,2975.108642578125,25910.05078125
2025-11-19,978.41748046875,1371.5372314453125,1508.4578857421875,1511.9095458984375,3033.51025390625,26052.650390625
2025-11-20,992.4356689453125,1371.4381103515625,1503.955322265625,1541.9705810546875,3030.715576171875,26192.150390625
2025-11-21,981.8114013671875,1358.0509033203125,1512.2752685546875,1539.4820556640625,3036.30517578125,26068.150390625
2025-11-24,982.8934936523438,1356.960205078125,1515.2117919921875,1528.831298828125,3027.24609375,25959.5
2025-11-25,973.6956176757812,1346.4488525390625,1498.1802978515625,1532.61376953125,3006.04443359375,25884.80078125
2025-11-26,987.5662231445312,1363.5050048828125,1524.902099609375,1562.6748046875,3048.15869140625,26205.30078125
2025-11-27,993.0750732421875,1380.5611572265625,1533.2220458984375,1556.2047119140625,3022.81298828125,26215.55078125
2025-11-28,991.2059936523438,1377.189697265625,1527.055419921875,1560.285888671875,3023.68017578125,26202.94921875
2025-12-01,985.7954711914062,1378.478759765625,1530.872802734375,1558.892333984375,3019.72900390625,26175.75
2025-12-02,973.6956176757812,1361.521728515625,1527.9364013671875,1539.1834716796875,3021.94580078125,26032.19921875
2025-12-03,984.2214965820312,1379.8670654296875,1545.261474609375,1531.718017578125,3064.638427734375,25986.0
2025-12-04,980.9752197265625,1375.1070556640625,1563.7611083984375,1528.53271484375,3112.0537109375,26033.75
2025-12-05,986.9759521484375,1380.858642578125,1581.9671630859375,1533.5096435546875,3120.727294921875,26186.44921875
2025-12-08,986.7791748046875,1377.98291015625,1576.681640625,1535.898681640625,3119.0888671875,25960.55078125
2025-12-09,980.8768310546875,1363.7032470703125,1565.1314697265625,1522.3612060546875,3091.911865234375,25839.650390625
2025-12-10,973.6956176757812,1352.2001953125,1551.2322998046875,1529.8267822265625,3073.504638671875,25758.0
2025-12-11,984.0247802734375,1348.63037109375,1564.1527099609375,1537.889404296875,3076.10693359375,25898.55078125
2025-12-12,985.2052612304688,1354.5802001953125,1564.348388671875,1549.3365478515625,3103.669189453125,26046.94921875
2025-12-15,979.89306640625,1353.786865234375,1572.766357421875,1549.037841796875,3113.017333984375,26027.30078125
2025-12-16,978.1223754882812,1354.5802001953125,1559.1607666015625,1535.201904296875,3088.827880859375,25860.099609375
2025-12-17,967.989990234375,1341.0938720703125,1568.0679931640625,1537.292236328125,3101.067138671875,25818.55078125
2025-12-18,963.7599487304688,1345.4571533203125,1592.3427734375,1537.292236328125,3161.78173828125,25815.55078125
2025-12-19,969.465576171875,1342.7796630859375,1603.9906005859375,1557.8968505859375,3162.938232421875,25966.400390625
2025-12-22,971.6298217773438,1357.059326171875,1653.8125,1568.1495361328125,3204.281982421875,26172.400390625
2025-12-23,980.3849487304688,1351.605224609375,1632.9637451171875,1563.4710693359375,3189.922607421875,26177.150390625
2025-12-24,980.9752197265625,1348.43212890625,1628.16748046875,1551.0286865234375,3198.595947265625,26142.099609375
2025-12-26,975.9581909179688,1339.110595703125,1621.0220947265625,1552.0240478515625,3161.010986328125,26042.30078125
2025-12-29,975.564697265625,1332.070068359375,1609.863525390625,1538.4866943359375,3133.544677734375,25942.099609375
2025-12-30,974.7777709960938,1331.276611328125,1587.2528076171875,1532.71337890625,3129.01513671875,25938.849609375
2025-12-31,975.0728759765625,1331.67333984375,1581.1842041015625,1563.172607421875,3089.887939453125,26129.599609375
2026-01-01,975.023681640625,1326.8143310546875,1595.2791748046875,1568.3485107421875,3110.31884765625,26146.55078125
2026-01-02,985.3035888671875,1344.06884765625,1605.6546630859375,1584.9718017578125,3132.7734375,26328.55078125
2026-01-05,961.5957641601562,1360.0341796875,1572.374755859375,1570.8370361328125,3099.428955078125,26250.30078125
2026-01-06,946.544677734375,1399.4022216796875,1578.0518798828125,1500.6614990234375,3137.688720703125,26178.69921875
2026-01-07,933.608642578125,1415.7642822265625,1604.2843017578125,1497.277099609375,3176.044921875,26140.75
2026-01-08,931.296875,1423.00341796875,1579.128662109375,1463.831787109375,3087.671630859375,25876.849609375
2026-01-09,923.72216796875,1392.56005859375,1579.91162109375,1468.51025390625,3091.43017578125,25683.30078125
2026-01-12,921.7055053710938,1401.286376953125,1562.09716796875,1476.373779296875,3122.076416015625,25790.25
2026-01-13,922.0989990234375,1424.9866943359375,1565.1314697265625,1446.11376953125,3149.4462890625,25732.30078125
2026-01-14,910.3926391601562,1406.5421142578125,1565.91455078125,1452.086181640625,3076.68505859375,25665.599609375
2026-01-15,910.3926391601562,1406.5421142578125,1565.91455078125,1452.086181640625,3076.68505859375,
2026-01-16,915.95068359375,1399.0057373046875,1654.00830078125,1451.1903076171875,3146.54931640625,25694.349609375
2026-01-19,912.8027954101562,1369.05810546875,1645.59033203125,1407.0941162109375,3104.258056640625,25585.5
2026-01-20,916.049072265625,1364.29833984375,1623.7628173828125,1387.5843505859375,3044.10791015625,25232.5
2026-01-21,905.3755493164062,1337.7222900390625,1619.358154296875,1398.1356201171875,3064.027099609375,25157.5
2026-01-22,903.75244140625,1334.2515869140625,1628.265380859375,1396.0452880859375,3091.305419921875,25289.900390625
2026-01-23,901.1947021484375,1332.169189453125,1635.4107666015625,1379.720703125,3103.178466796875,25048.650390625
2026-01-27,911.3272094726562,1350.0186767578125,1647.05859375,1374.146484375,3098.762939453125,25175.400390625
2026-01-28,917.524658203125,1356.2659912109375,1631.2017822265625,1390.2718505859375,3140.073486328125,25342.75
2026-01-29,920.2791137695312,1372.0330810546875,1624.35009765625,1384.59814453125,3085.41796875,25418.900390625
2026-01-30,914.1307983398438,1343.672119140625,1606.241943359375,1388.9779052734375,3065.302734375,25320.650390625
2026-02-02,912.9994506835938,1341.4906005859375,1594.8875732421875,1384.0009765625,3110.1455078125,25088.400390625
2026-02-03,933.2643432617188,1378.08203125,1620.9241943359375,1430.4859619140625,3164.80078125,25727.55078125
2026-02-04,937.5927124023438,1396.625732421875,1503.2701416015625,1450.095458984375,2942.84375,25776.0
2026-02-05,934.248046875,1384.8251953125,1488.00048828125,1436.757080078125,2935.38623046875,25642.80078125
2026-02-06,925.7879638671875,1394.344970703125,1475.177978515625,1444.123046875,2886.422119140625,25693.69921875
2026-02-09,922.0006103515625,1384.626953125,1465.4876708984375,1454.873291015625,2892.8984375,25867.30078125
2026-02-10,917.2295532226562,1394.7415771484375,1466.0750732421875,1451.7874755859375,2928.61572265625,25935.150390625
2026-02-11,912.0157470703125,1394.344970703125,1440.7236328125,1461.9405517578125,2855.21875,25953.849609375
2026-02-12,905.6215209960938,1418.045166015625,1356.64306640625,1442.231689453125,2698.514404296875,25807.19921875
2026-02-13,889.1932373046875,1402.77392578125,1340.1009521484375,1413.0665283203125,2641.700439453125,25471.099609375
2026-02-16,910.7368774414062,1399.7989501953125,1336.6751708984375,1430.4859619140625,2655.830322265625,25682.75
2026-02-17,910.6385498046875,1395.7332763671875,1361.73291015625,1416.450927734375,2666.427490234375,25725.400390625
2026-02-18,909.6548461914062,1396.4273681640625,1344.603515625,1434.666748046875,2644.349609375,25819.349609375
2026-02-19,900.702880859375,1377.189697265625,1341.471435546875,1403.0130615234375,2627.66845703125,25454.349609375
2026-02-20,897.0138549804688,1382.8419189453125,1324.5377197265625,1412.8675537109375,2635.81298828125,25571.25
2026-02-23,908.5726928710938,1387.7010498046875,1299.3822021484375,1421.4278564453125,2626.0986328125,25713.0
2026-02-24,895.6858520507812,1373.2230224609375,1248.4835205078125,1422.2242431640625,2525.423095703125,25424.650390625
2026-02-25,892.8330078125,1388.791748046875,1262.7742919921875,1392.063720703125,2579.980224609375,25482.5
2026-02-26,883.9794311523438,1393.155029296875,1261.7955322265625,1400.3255615234375,2598.03515625,25496.55078125
2026-02-27,873.3060302734375,1367.3724365234375,1272.5625,1387.48486328125,2587.92822265625,25178.650390625
2026-03-02,865.0918579101562,1362.5133056640625,1261.5997314453125,1351.75,2564.4765625,24865.69921875
2026-03-04,854.5167846679688,1353.9852294921875,1279.7078857421875,1338.8099365234375,2539.2587890625,24480.5
2026-03-05,863.4686889648438,1346.2503662109375,1278.141845703125,1383.005615234375,2530.427490234375,24765.900390625
2026-03-06,843.10546875,1302.419921875,1280.686767578125,1398.334716796875,2509.625244140625,24450.44921875
2026-03-09,827.0215454101562,1267.7125244140625,1287.14697265625,1417.4462890625,2479.99169921875,24028.05078125
2026-03-10,835.629150390625,1300.9324951171875,1268.1578369140625,1402.3162841796875,2465.9599609375,24261.599609375
2026-03-11,820.38134765625,1283.777099609375,1249.2667236328125,1383.8017578125,2418.6640625,23866.849609375
2026-03-12,819.2008666992188,1255.9119873046875,1238.9891357421875,1385.7926025390625,2396.5859375,23639.150390625
2026-03-13,803.7071533203125,1244.3099365234375,1221.8597412109375,1374.3455810546875,2365.284423828125,23151.099609375
2026-03-16,826.9231567382812,1262.258544921875,1223.3280029296875,1388.6793212890625,2364.0087890625,23408.80078125
2026-03-17,831.5958251953125,1277.9263916015625,1206.785888671875,1391.167724609375,2346.837158203125,23581.150390625
2026-03-18,829.333251953125,1278.521484375,1240.261474609375,1401.6195068359375,2395.01611328125,23777.80078125
2026-03-19,785.2130126953125,1239.6490478515625,1194.9422607421875,1378.4267578125,2311.806640625,23002.150390625
2026-03-20,767.7518310546875,1234.9884033203125,1229.2987060546875,1407.8905029296875,2345.7578125,23114.5
2026-03-23,732.04248046875,1212.4781494140625,1230.1796875,1401.3209228515625,2339.085205078125,22512.650390625
2026-03-24,752.454833984375,1240.7398681640625,1251.224365234375,1405.302490234375,2353.803955078125,22912.400390625
2026-03-25,769.5717163085938,1249.1688232421875,1252.00732421875,1406.596435546875,2332.80517578125,23306.44921875
2026-03-27,743.8963623046875,1223.4854736328125,1242.806396484375,1341.8956298828125,2344.97265625,22819.599609375
2026-03-30,719.6473999023438,1195.8187255859375,1224.1109619140625,1337.7149658203125,2314.652099609375,22331.400390625
2026-04-01,730.17333984375,1202.561767578125,1248.6793212890625,1362.8984375,2363.02734375,22679.400390625
2026-04-02,738.6826171875,1205.635986328125,1273.247802734375,1344.2845458984375,2404.730224609375,22713.099609375
2026-04-06,758.45556640625,1221.10546875,1278.5333251953125,1298.6953125,2427.4951171875,22968.25
2026-04-07,759.4392700195312,1235.0875244140625,1311.0301513671875,1298.5958251953125,2492.1591796875,23123.650390625
2026-04-08,802.82177734375,1298.2550048828125,1317.68603515625,1341.5970458984375,2511.195068359375,23997.349609375
2026-04-09,784.72119140625,1270.58837890625,1303.395263671875,1323.87890625,2540.436279296875,23775.099609375
2026-04-10,797.1161499023438,1310.848876953125,1265.12353515625,1343.9859619140625,2476.94970703125,24050.599609375
2026-04-13,781.7699584960938,1339.8046875,1249.756103515625,1309.0474853515625,2426.2197265625,23842.650390625
2026-04-15,796.72265625,1336.829833984375,1277.6524658203125,1337.9140625,2506.975830078125,24231.30078125
2026-04-16,782.5077514648438,1334.2515869140625,1291.2579345703125,1337.1177978515625,2528.56298828125,24196.75
2026-04-17,786.8853759765625,1335.540771484375,1290.7685546875,1358.7178955078125,2533.07666015625,24353.55078125
2026-04-20,782.5077514648438,1344.862060546875,1284.7977294921875,1357.0257568359375,2531.212646484375,24364.849609375
2026-04-21,798.5425415039062,1376.79296875,1285.385009765625,1347.07177734375,2561.532958984375,24576.599609375
2026-04-22,786.8853759765625,1356.166748046875,1241.729736328125,1355.8311767578125,2490.883544921875,24378.099609375
2026-04-23,771.5883178710938,1336.730712890625,1214.32275390625,1337.21728515625,2474.496826171875,24173.05078125
2026-04-24,772.0802001953125,1315.1129150390625,1130.144287109375,1321.6890869140625,2351.939453125,23897.94921875
2026-04-27,776.9496459960938,1303.114013671875,1145.5118408203125,1359.51416015625,2401.6884765625,24092.69921875
2026-04-28,769.817626953125,1281.1988525390625,1127.697265625,1382.5078125,2398.8427734375,23995.69921875
2026-04-29,766.3253784179688,1270.290771484375,1142.7711181640625,1418.83984375,2428.280029296875,24177.650390625
2026-04-30,759.1441650390625,1252.8380126953125,1156.768310546875,1424.215087890625,2427.4951171875,23997.55078125
2026-05-01,759.1441650390625,1252.8380126953125,1156.768310546875,1424.215087890625,2427.4951171875,
2026-05-04,766.7189331054688,1260.1761474609375,1143.652099609375,1456.3663330078125,2385.6943359375,24119.30078125
2026-05-05,759.734375,1240.839111328125,1153.1466064453125,1456.864013671875,2381.76953125,24032.80078125
2026-05-06,783.58984375,1268.8033447265625,1142.4774169921875,1431.2823486328125,2389.71728515625,24330.94921875
2026-05-07,783.0979614257812,1268.3074951171875,1138.07275390625,1429.590087890625,2356.35498046875,24326.650390625
2026-05-08,768.145263671875,1254.226318359375,1154.2232666015625,1428.5947265625,2349.486083984375,24176.150390625
2026-05-11,751.2251586914062,1255.8128662109375,1152.0699462890625,1381.81103515625,2348.014404296875,23815.849609375
2026-05-12,738.2399291992188,1229.93115234375,1116.1473388671875,1357.722412109375,2257.151611328125,23379.55078125
2026-05-13,737.4037475585938,1225.2703857421875,1099.3115234375,1352.54638671875,2230.167236328125,23412.599609375
2026-05-14,757.0291748046875,1235.5833740234375,1071.8067626953125,1355.5325927734375,2203.8701171875,23689.599609375
2026-05-15,755.0125122070312,1234.095947265625,1095.2984619140625,1330.24951171875,2221.532470703125,23643.5
2026-05-18,756.143798828125,1240.6407470703125,1118.3006591796875,1329.7518310546875,2240.3720703125,23649.94921875
2026-05-19,750.044677734375,1230.4268798828125,1171.5484619140625,1316.6124267578125,2283.448974609375,23618.0
2026-05-20,747.1427001953125,1226.9561767578125,1168.4161376953125,1353.442138671875,2283.7431640625,23659.0
2026-05-21,746.7984008789062,1232.41015625,1156.180908203125,1343.388671875,2283.546875,23654.69921875
2026-05-22,754.3239135742188,1253.73046875,1149.622802734375,1348.26611328125,2273.83251953125,23719.30078125
2026-05-25,774.0476684570312,1281.0006103515625,1143.75,1360.7086181640625,2295.61328125,24031.69921875
2026-05-26,766.22705078125,1268.4066162109375,1142.966796875,1350.0579833984375,2263.78759765625,23913.69921875
2026-05-27,746.3065185546875,1262.0601806640625,1135.3321533203125,1344.2845458984375,2271.744140625,23907.150390625
2026-05-28,746.3065185546875,1262.0601806640625,1135.3321533203125,1344.2845458984375,2271.744140625,
2026-05-29,732.4359130859375,1245.896484375,1136.3109130859375,1315.119384765625,2246.58203125,23547.75
2026-06-01,730.6160278320312,1229.3360595703125,1177.02978515625,1313.9249267578125,2284.8720703125,23382.599609375
2026-06-02,736.0757446289062,1216.3455810546875,1243.8831787109375,1308.5498046875,2433.556884765625,23483.55078125
2026-06-03,741.3878784179688,1231.6168212890625,1196.7039794921875,1307.15625,2229.475830078125,23405.599609375
2026-06-04,741.9288940429688,1241.2357177734375,1175.855224609375,1297.699951171875,2228.77978515625,23416.55078125
2026-06-05,734.8952026367188,1251.548828125,1172.1357421875,1291.0,2186.9091796875,23366.69921875
2026-06-08,726.6319580078125,1239.748291015625,1162.4453125,1263.300048828125,2139.668212890625,23123.0
2026-06-09,726.3367919921875,1264.3409423828125,1155.300048828125,1269.199951171875,2139.2705078125,23242.099609375
2026-06-10,734.698486328125,1282.488037109375,1145.300048828125,1258.800048828125,2142.154541015625,23214.94921875
2026-06-11,732.485107421875,1305.9898681640625,1114.5999755859375,1263.0,2123.95458984375,23161.599609375
2026-06-12,759.8819580078125,1329.5909423828125,1116.4000244140625,1293.0,2149.61376953125,23622.900390625
2026-06-15,764.7022094726562,1316.501220703125,1134.9000244140625,1307.0,2150.21044921875,23853.900390625
2026-06-16,772.1294555664062,1323.145263671875,1143.5999755859375,1328.800048828125,2187.0087890625,23989.150390625
2026-06-17,774.2935791015625,1325.6243896484375,1157.699951171875,1332.699951171875,2210.8779296875,24085.69921875
2026-06-18,786.0,1331.078369140625,1127.5,1328.0999755859375,2191.285400390625,24168.0
2026-06-19,779.7999877929688,1335.2431640625,1051.4000244140625,1309.5,2113.412353515625,24013.099609375
2026-06-22,786.4000244140625,1341.0938720703125,1065.4000244140625,1326.5,2116.197021484375,24102.900390625
2026-06-23,774.6500244140625,1327.11181640625,1029.300048828125,1309.5,2048.368896484375,23824.099609375
2026-06-24,793.2000122070312,1362.11669921875,1056.5999755859375,1313.5999755859375,2097.49951171875,24021.650390625
2026-06-25,796.2999877929688,1375.9005126953125,1041.199951171875,1318.0999755859375,2083.27734375,24056.0
2026-06-26,796.2999877929688,1375.9005126953125,1041.199951171875,1318.0999755859375,2083.27734375,
2026-06-29,798.9000244140625,1375.9996337890625,1036.699951171875,1301.0,2086.4599609375,23946.25
2026-06-30,797.9500122070312,1363.7032470703125,1000.4000244140625,1293.9000244140625,2020.422119140625,23865.75
2026-07-01,796.1500244140625,1368.264892578125,985.2999877929688,1308.0,1971.788818359375,24005.849609375
2026-07-02,795.9000244140625,1388.2960205078125,1040.9000244140625,1303.5,2056.82275390625,24175.69921875
2026-07-03,801.0499877929688,1399.6007080078125,1047.199951171875,1304.0,2082.083984375,24270.849609375
2026-07-06,829.8499755859375,1414.9710693359375,1042.199951171875,1321.300048828125,2046.3798828125,24430.349609375
2026-07-07,829.2999877929688,1402.873046875,1071.800048828125,1308.4000244140625,2084.669921875,24398.69921875
2026-07-08,810.2999877929688,1369.05810546875,1069.300048828125,1275.9000244140625,2046.2803955078125,23882.05078125
2026-07-09,817.5499877929688,1369.1572265625,1050.800048828125,1279.800048828125,2038.323974609375,23962.80078125
2026-07-10,824.9500122070312,1389.48583984375,1068.0,1307.800048828125,2057.717529296875,24206.900390625
2026-07-13,817.9500122070312,1397.716552734375,1102.5999755859375,1296.9000244140625,2169.604248046875,24211.0
2026-07-14,809.4000244140625,1395.9315185546875,1092.9000244140625,1293.0,2188.60009765625,24052.05078125
2026-07-15,815.4500122070312,1404.3604736328125,1076.300048828125,1295.5,2189.199951171875,24078.5
2026-07-16,808.2999877929688,1406.34375,1082.4000244140625,1296.5999755859375,2201.0,24072.75
2026-07-17,819.5999755859375,1432.2257080078125,1096.5,1327.199951171875,2269.0,24334.30078125
2026-07-20,777.5999755859375,1447.99267578125,1087.0999755859375,1323.0999755859375,2251.10009765625,24238.5
2026-07-21,761.4500122070312,1450.868408203125,1073.5,1303.699951171875,2221.10009765625,24187.69921875
2026-07-22,753.1500244140625,1428.6556396484375,1052.0999755859375,1288.5999755859375,2208.300048828125,23996.25
2026-07-23,747.25,1422.606689453125,1047.4000244140625,1272.199951171875,2242.89990234375,23869.599609375
2026-07-24,742.7999877929688,1420.9208984375,1040.9000244140625,1278.0,2254.300048828125,23767.44921875
2026-07-27,739.5499877929688,1433.6138916015625,1079.199951171875,1280.0,2295.60009765625,23995.94921875
2026-07-28,735.4000244140625,1418.8385009765625,1105.699951171875,1267.699951171875,2398.0,23985.349609375
2026-07-29,748.2000122070312,1425.879150390625,1155.5999755859375,1275.9000244140625,2446.60009765625,24250.19921875
2026-07-30,753.9500122070312,1421.91259765625,1155.0999755859375,1292.9000244140625,2431.800048828125,24317.150390625
2026-07-31,748.1500244140625,1423.4000244140625,1130.0999755859375,1307.800048828125,2365.60009765625,24383.599609375
2026-08-03,753.0,1460.0,1180.0,1319.0,2473.699951171875,24774.30078125
2026-08-04,742.0,1454.5999755859375,1167.5,1290.9000244140625,2460.0,24614.900390625
2026-08-05,735.0,1450.0999755859375,1174.0,1280.0,2413.0,24624.650390625
2026-08-06,734.2999877929688,1457.5,1165.0,1325.0,2373.0,24636.0
2026-08-07,731.0,1421.0,1175.0999755859375,1334.800048828125,2452.699951171875,24570.650390625
