Date,S&P 500,Crude Oil,USD/INR,India VIX
2015-01-01,,,63.02799987792969,15.029999732971191
2015-01-02,2058.199951171875,52.689998626708984,63.02799987792969,13.800000190734863
2015-01-05,2020.5799560546875,50.040000915527344,63.27799987792969,14.149999618530273
2015-01-06,2002.6099853515625,47.93000030517578,63.3380012512207,17.420000076293945
2015-01-07,2025.9000244140625,48.650001525878906,63.56800079345703,18.139999389648438
2015-01-08,2062.139892578125,48.790000915527344,63.27299880981445,16.469999313354492
2015-01-09,2044.81005859375,48.36000061035156,62.667999267578125,15.960000038146973
2015-01-12,2028.260009765625,46.06999969482422,62.347999572753906,16.110000610351562
2015-01-13,2023.030029296875,45.88999938964844,62.06800079345703,16.479999542236328
2015-01-14,2011.27001953125,48.47999954223633,61.972999572753906,17.25
2015-01-15,1992.6700439453125,46.25,62.0880012512207,16.15999984741211
2015-01-16,2019.4200439453125,48.689998626708984,62.05799865722656,17.270000457763672
2015-01-19,,,61.862998962402344,17.649999618530273
2015-01-20,2022.550048828125,46.38999938964844,61.63800048828125,17.270000457763672
2015-01-21,2032.1199951171875,47.779998779296875,61.64799880981445,17.709999084472656
2015-01-22,2063.14990234375,46.310001373291016,61.553001403808594,18.56999969482422
2015-01-23,2051.820068359375,45.59000015258789,61.597999572753906,17.889999389648438
2015-01-26,2057.090087890625,45.150001525878906,61.43299865722656,
2015-01-27,2029.550048828125,46.22999954223633,61.472999572753906,18.09000015258789
2015-01-28,2002.1600341796875,44.45000076293945,61.40299987792969,19.770000457763672
2015-01-29,2021.25,44.529998779296875,61.35100173950195,19.43000030517578
2015-01-30,1994.989990234375,48.2400016784668,61.79600143432617,20.170000076293945
2015-02-02,2020.8499755859375,49.56999969482422,62.01300048828125,20.40999984741211
2015-02-03,2050.030029296875,53.04999923706055,61.72800064086914,19.809999465942383
2015-02-04,2041.510009765625,48.45000076293945,61.61399841308594,20.049999237060547
2015-02-05,2062.52001953125,50.47999954223633,61.86000061035156,20.6200008392334
2015-02-06,2055.469970703125,51.689998626708984,61.733001708984375,20.690000534057617
2015-02-09,2046.739990234375,52.86000061035156,61.9630012512207,22.020000457763672
2015-02-10,2068.590087890625,50.02000045776367,62.130001068115234,21.190000534057617
2015-02-11,2068.530029296875,48.84000015258789,62.34199905395508,20.5
2015-02-12,2088.47998046875,51.209999084472656,62.38199996948242,20.15999984741211
2015-02-13,2096.989990234375,52.779998779296875,62.16999816894531,20.100000381469727
2015-02-16,,,62.069000244140625,20.829999923706055
2015-02-17,2100.340087890625,53.529998779296875,62.18600082397461,
2015-02-18,2099.679931640625,52.13999938964844,62.11199951171875,20.90999984741211
2015-02-19,2097.449951171875,51.15999984741211,62.07400131225586,20.399999618530273
2015-02-20,2110.300048828125,50.34000015258789,62.165000915527344,21.270000457763672
2015-02-23,2109.659912109375,49.45000076293945,62.10100173950195,21.6299991607666
2015-02-24,2115.47998046875,49.279998779296875,62.17100143432617,21.549999237060547
2015-02-25,2113.860107421875,50.9900016784668,62.233001708984375,20.780000686645508
2015-02-26,2110.739990234375,48.16999816894531,61.87699890136719,20.579999923706055
2015-02-27,2104.5,49.7599983215332,61.75400161743164,19.56999969482422
2015-03-02,2117.389892578125,49.59000015258789,61.6510009765625,15.850000381469727
2015-03-03,2107.780029296875,50.52000045776367,61.9010009765625,15.489999771118164
2015-03-04,2098.530029296875,51.529998779296875,61.8129997253418,15.199999809265137
2015-03-05,2101.0400390625,50.7599983215332,62.30500030517578,14.4399995803833
2015-03-06,2071.260009765625,49.61000061035156,62.44300079345703,
2015-03-09,2079.429931640625,50.0,62.452999114990234,15.8100004196167
2015-03-10,2044.1600341796875,48.290000915527344,62.67300033569336,15.529999732971191
2015-03-11,2040.239990234375,48.16999816894531,62.7130012512207,15.130000114440918
2015-03-12,2065.949951171875,47.04999923706055,62.755001068115234,14.75
2015-03-13,2053.39990234375,44.84000015258789,62.53499984741211,14.970000267028809
2015-03-16,2081.18994140625,43.880001068115234,63.07600021362305,15.180000305175781
2015-03-17,2074.280029296875,43.459999084472656,62.78900146484375,15.130000114440918
2015-03-18,2099.5,44.65999984741211,62.61600112915039,15.510000228881836
2015-03-19,2089.27001953125,43.959999084472656,62.69300079345703,15.199999809265137
2015-03-20,2108.10009765625,45.720001220703125,62.483001708984375,14.260000228881836
2015-03-23,2104.419921875,47.45000076293945,62.40299987792969,14.270000457763672
2015-03-24,2091.5,47.5099983215332,62.222999572753906,13.670000076293945
2015-03-25,2061.050048828125,49.209999084472656,62.27799987792969,13.140000343322754
2015-03-26,2056.14990234375,51.43000030517578,62.46200180053711,15.15999984741211
2015-03-27,2061.02001953125,48.869998931884766,62.82899856567383,14.5
2015-03-30,2086.239990234375,48.68000030517578,62.51499938964844,14.260000228881836
2015-03-31,2067.889892578125,47.599998474121094,62.50899887084961,14.489999771118164
2015-04-01,2059.68994140625,50.09000015258789,62.305999755859375,13.670000076293945
2015-04-02,2066.9599609375,49.13999938964844,62.16899871826172,
2015-04-03,,,62.060001373291016,
2015-04-06,2080.6201171875,52.13999938964844,62.060001373291016,14.569999694824219
2015-04-07,2076.330078125,53.97999954223633,62.060001373291016,14.25
2015-04-08,2081.89990234375,50.41999816894531,62.308998107910156,14.350000381469727
2015-04-09,2091.179931640625,50.790000915527344,62.18199920654297,14.420000076293945
2015-04-10,2102.06005859375,51.63999938964844,62.31399917602539,14.260000228881836
2015-04-13,2092.429931640625,51.90999984741211,62.26900100708008,14.489999771118164
2015-04-14,2095.840087890625,53.290000915527344,62.39099884033203,
2015-04-15,2106.6298828125,56.38999938964844,62.31399917602539,14.619999885559082
2015-04-16,2104.989990234375,56.709999084472656,62.38999938964844,14.949999809265137
2015-04-17,2081.179931640625,55.7400016784668,62.32600021362305,15.039999961853027
2015-04-20,2100.39990234375,56.380001068115234,62.542999267578125,16.299999237060547
2015-04-21,2097.2900390625,55.2599983215332,63.14500045776367,17.030000686645508
2015-04-22,2107.9599609375,56.15999984741211,62.87799835205078,17.209999084472656
2015-04-23,2112.929931640625,57.7400016784668,62.935001373291016,18.5
2015-04-24,2117.68994140625,57.150001525878906,63.2869987487793,19.110000610351562
2015-04-27,2108.919921875,56.9900016784668,63.654998779296875,18.739999771118164
2015-04-28,2114.760009765625,57.060001373291016,63.13999938964844,17.40999984741211
2015-04-29,2106.85009765625,58.58000183105469,63.03300094604492,17.239999771118164
2015-04-30,2085.510009765625,59.630001068115234,63.44200134277344,17.229999542236328
2015-05-01,2108.2900390625,59.150001525878906,63.52299880981445,
2015-05-04,2114.489990234375,58.93000030517578,63.52299880981445,17.309999465942383
2015-05-05,2089.4599609375,60.400001525878906,63.59299850463867,17.360000610351562
2015-05-06,2080.14990234375,60.93000030517578,63.34400177001953,19.670000076293945
2015-05-07,2088.0,58.939998626708984,63.65999984741211,19.649999618530273
2015-05-08,2116.10009765625,59.38999938964844,64.08200073242188,19.110000610351562
2015-05-11,2105.330078125,59.25,63.70399856567383,18.6299991607666
2015-05-12,2099.1201171875,60.75,64.0199966430664,20.549999237060547
2015-05-13,2098.47998046875,60.5,64.21099853515625,20.690000534057617
2015-05-14,2121.10009765625,59.880001068115234,64.04399871826172,20.700000762939453
2015-05-15,2122.72998046875,59.689998626708984,63.40800094604492,19.81999969482422
2015-05-18,2129.199951171875,59.43000030517578,63.43299865722656,17.899999618530273
2015-05-19,2127.830078125,57.2599983215332,63.729000091552734,18.270000457763672
2015-05-20,2125.85009765625,58.97999954223633,63.78499984741211,17.719999313354492
2015-05-21,2130.820068359375,60.720001220703125,63.625,17.40999984741211
2015-05-22,2126.06005859375,59.720001220703125,63.625999450683594,16.950000762939453
2015-05-25,,,63.483001708984375,16.93000030517578
2015-05-26,2104.199951171875,58.029998779296875,63.57099914550781,17.06999969482422
2015-05-27,2123.47998046875,57.5099983215332,63.97600173950195,17.280000686645508
2015-05-28,2120.7900390625,57.68000030517578,63.874000549316406,17.1299991607666
2015-05-29,2107.389892578125,60.29999923706055,63.82500076293945,16.65999984741211
2015-06-01,2111.72998046875,60.20000076293945,63.736000061035156,16.90999984741211
2015-06-02,2109.60009765625,61.2599983215332,63.61000061035156,16.81999969482422
2015-06-03,2114.070068359375,59.63999938964844,63.6619987487793,17.510000228881836
2015-06-04,2095.840087890625,58.0,64.05899810791016,18.1200008392334
2015-06-05,2092.830078125,59.130001068115234,64.0009994506836,18.09000015258789
2015-06-08,2079.280029296875,58.13999938964844,63.762001037597656,18.889999389648438
2015-06-09,2080.14990234375,60.13999938964844,63.97600173950195,18.010000228881836
2015-06-10,2105.199951171875,61.43000030517578,64.03800201416016,17.079999923706055
2015-06-11,2108.860107421875,60.77000045776367,63.79899978637695,17.809999465942383
2015-06-12,2094.110107421875,59.959999084472656,63.999000549316406,17.479999542236328
2015-06-15,2084.429931640625,59.52000045776367,64.09200286865234,17.520000457763672
2015-06-16,2096.2900390625,59.970001220703125,64.052001953125,17.170000076293945
2015-06-17,2100.43994140625,59.91999816894531,64.18199920654297,16.729999542236328
2015-06-18,2121.239990234375,60.45000076293945,64.00299835205078,16.020000457763672
2015-06-19,2109.989990234375,59.61000061035156,63.64500045776367,15.09000015258789
2015-06-22,2122.85009765625,59.68000030517578,63.492000579833984,15.489999771118164
2015-06-23,2124.199951171875,61.0099983215332,63.50699996948242,15.039999961853027
2015-06-24,2108.580078125,60.27000045776367,63.599998474121094,15.920000076293945
2015-06-25,2102.31005859375,59.70000076293945,63.5620002746582,15.930000305175781
2015-06-26,2101.489990234375,59.630001068115234,63.51100158691406,15.760000228881836
2015-06-29,2057.639892578125,58.33000183105469,63.444000244140625,17.299999237060547
2015-06-30,2063.110107421875,59.470001220703125,63.7239990234375,16.93000030517578
2015-07-01,2077.419921875,56.959999084472656,63.59000015258789,15.850000381469727
2015-07-02,2076.780029296875,56.93000030517578,63.57400131225586,15.5600004196167
2015-07-03,,,63.369998931884766,16.309999465942383
2015-07-06,2068.760009765625,52.529998779296875,63.40399932861328,16.020000457763672
2015-07-07,2081.340087890625,52.33000183105469,63.3650016784668,16.309999465942383
2015-07-08,2046.6800537109375,51.650001525878906,63.518001556396484,17.790000915527344
2015-07-09,2051.31005859375,52.779998779296875,63.5620002746582,17.440000534057617
2015-07-10,2076.6201171875,52.7400016784668,63.36399841308594,17.06999969482422
2015-07-13,2099.60009765625,52.20000076293945,63.35200119018555,16.270000457763672
2015-07-14,2108.949951171875,53.040000915527344,63.513999938964844,16.010000228881836
2015-07-15,2107.39990234375,51.40999984741211,63.32400131225586,15.569999694824219
2015-07-16,2124.2900390625,50.90999984741211,63.52399826049805,14.779999732971191
2015-07-17,2126.639892578125,50.88999938964844,63.481998443603516,14.800000190734863
2015-07-20,2128.280029296875,50.150001525878906,63.48400115966797,14.960000038146973
2015-07-21,2119.2099609375,50.36000061035156,63.625,15.100000381469727
2015-07-22,2114.14990234375,49.189998626708984,63.58300018310547,15.130000114440918
2015-07-23,2102.14990234375,48.45000076293945,63.66400146484375,15.520000457763672
2015-07-24,2079.64990234375,48.13999938964844,63.847999572753906,15.460000038146973
2015-07-27,2067.639892578125,47.38999938964844,64.0999984741211,16.3700008392334
2015-07-28,2093.25,47.97999954223633,64.21700286865234,15.920000076293945
2015-07-29,2108.570068359375,48.790000915527344,63.8390007019043,15.880000114440918
2015-07-30,2108.6298828125,48.52000045776367,63.882999420166016,15.329999923706055
2015-07-31,2103.840087890625,47.119998931884766,64.11799621582031,14.569999694824219
2015-08-03,2098.0400390625,45.16999816894531,63.97999954223633,15.390000343322754
2015-08-04,2093.320068359375,45.7400016784668,64.1240005493164,14.829999923706055
2015-08-05,2099.840087890625,45.150001525878906,63.819000244140625,14.670000076293945
2015-08-06,2083.56005859375,44.65999984741211,63.69599914550781,14.729999542236328
2015-08-07,2077.570068359375,43.869998931884766,63.733001708984375,14.90999984741211
2015-08-10,2104.179931640625,44.959999084472656,63.733001708984375,15.470000267028809
2015-08-11,2084.070068359375,43.08000183105469,63.8380012512207,15.890000343322754
2015-08-12,2086.050048828125,43.29999923706055,64.32599639892578,17.450000762939453
2015-08-13,2083.389892578125,42.22999954223633,64.79900360107422,17.020000457763672
2015-08-14,2091.5400390625,42.5,65.26899719238281,16.020000457763672
2015-08-17,2102.43994140625,41.869998931884766,65.12200164794922,16.459999084472656
2015-08-18,2096.919921875,42.619998931884766,65.44300079345703,16.360000610351562
2015-08-19,2079.610107421875,40.79999923706055,65.44599914550781,16.68000030517578
2015-08-20,2035.72998046875,41.13999938964844,65.05400085449219,16.979999542236328
2015-08-21,1970.8900146484375,40.45000076293945,65.46099853515625,17.110000610351562
2015-08-24,1893.2099609375,38.2400016784668,66.0260009765625,28.1299991607666
2015-08-25,1867.6099853515625,39.310001373291016,66.80699920654297,26.850000381469727
2015-08-26,1940.510009765625,38.599998474121094,66.28299713134766,25.520000457763672
2015-08-27,1987.6600341796875,42.560001373291016,66.05599975585938,22.040000915527344
2015-08-28,1988.8699951171875,45.220001220703125,66.05500030517578,23.329999923706055
2015-08-31,1972.1800537109375,49.20000076293945,66.14299774169922,24.600000381469727
2015-09-01,1913.8499755859375,45.40999984741211,66.3499984741211,28.719999313354492
2015-09-02,1948.8599853515625,46.25,66.4229965209961,26.649999618530273
2015-09-03,1951.1300048828125,46.75,66.22599792480469,24.1200008392334
2015-09-04,1921.219970703125,46.04999923706055,66.16000366210938,26.420000076293945
2015-09-07,,,66.6780014038086,26.350000381469727
2015-09-08,1969.4100341796875,45.939998626708984,66.8030014038086,24.56999969482422
2015-09-09,1942.0400390625,44.150001525878906,66.40599822998047,24.299999237060547
2015-09-10,1952.2900390625,45.91999816894531,66.59700012207031,24.75
2015-09-11,1961.050048828125,44.630001068115234,66.31900024414062,24.979999542236328
2015-09-14,1953.030029296875,44.0,66.23400115966797,24.31999969482422
2015-09-15,1978.0899658203125,44.59000015258789,66.31500244140625,23.739999771118164
2015-09-16,1995.31005859375,47.150001525878906,66.43000030517578,22.0
2015-09-17,1990.199951171875,46.900001525878906,66.19599914550781,
2015-09-18,1958.030029296875,44.68000030517578,66.12200164794922,18.290000915527344
2015-09-21,1966.969970703125,46.68000030517578,65.86100006103516,18.18000030517578
2015-09-22,1942.739990234375,45.83000183105469,65.73899841308594,20.350000381469727
2015-09-23,1938.760009765625,44.47999954223633,65.875,20.690000534057617
2015-09-24,1932.239990234375,44.90999984741211,66.16200256347656,20.8799991607666
2015-09-25,1931.3399658203125,45.70000076293945,66.22100067138672,
2015-09-28,1881.77001953125,44.43000030517578,66.16300201416016,21.670000076293945
2015-09-29,1884.0899658203125,45.22999954223633,66.26000213623047,21.56999969482422
2015-09-30,1920.030029296875,45.09000015258789,65.91999816894531,19.6299991607666
2015-10-01,1923.8199462890625,44.7400016784668,65.5270004272461,19.239999771118164
2015-10-02,1951.3599853515625,45.540000915527344,65.61799621582031,
2015-10-05,1987.050048828125,46.2599983215332,65.35700225830078,19.1299991607666
2015-10-06,1979.9200439453125,48.529998779296875,65.12300109863281,19.309999465942383
2015-10-07,1995.8299560546875,47.810001373291016,65.18399810791016,19.34000015258789
2015-10-08,2013.4300537109375,49.43000030517578,64.93900299072266,19.559999465942383
2015-10-09,2014.8900146484375,49.630001068115234,64.99500274658203,18.93000030517578
2015-10-12,2017.4599609375,47.099998474121094,64.77200317382812,19.1200008392334
2015-10-13,2003.68994140625,46.65999984741211,64.78199768066406,18.020000457763672
2015-10-14,1994.239990234375,46.63999938964844,65.08499908447266,17.719999313354492
2015-10-15,2023.8599853515625,46.380001068115234,64.8489990234375,17.170000076293945
2015-10-16,2033.1099853515625,47.2599983215332,64.78399658203125,16.270000457763672
2015-10-19,2033.6600341796875,45.88999938964844,64.69499969482422,16.8799991607666
2015-10-20,2030.77001953125,45.54999923706055,64.95099639892578,17.0
2015-10-21,2018.93994140625,45.20000076293945,64.99400329589844,16.6200008392334
2015-10-22,2052.510009765625,45.380001068115234,65.15899658203125,
2015-10-23,2075.14990234375,44.599998474121094,65.05000305175781,16.190000534057617
2015-10-26,2071.179931640625,43.97999954223633,64.88500213623047,17.229999542236328
2015-10-27,2065.889892578125,43.20000076293945,64.9010009765625,16.540000915527344
2015-10-28,2090.35009765625,45.939998626708984,65.06700134277344,17.040000915527344
2015-10-29,2089.409912109375,46.060001373291016,64.94599914550781,17.579999923706055
2015-10-30,2079.360107421875,46.59000015258789,65.44400024414062,17.8799991607666
2015-11-02,2104.050048828125,46.13999938964844,65.41500091552734,19.479999542236328
2015-11-03,2109.7900390625,47.900001525878906,65.54100036621094,19.559999465942383
2015-11-04,2102.31005859375,46.31999969482422,65.53099822998047,19.360000610351562
2015-11-05,2099.929931640625,45.20000076293945,65.58499908447266,19.290000915527344
2015-11-06,2099.199951171875,44.290000915527344,65.86000061035156,19.469999313354492
2015-11-09,2078.580078125,43.869998931884766,66.13300323486328,17.040000915527344
2015-11-10,2081.719970703125,44.209999084472656,66.46800231933594,16.829999923706055
2015-11-11,2075.0,42.93000030517578,66.19300079345703,
2015-11-12,2045.969970703125,41.75,66.06300354003906,
2015-11-13,2023.0400390625,40.7400016784668,66.0479965209961,17.649999618530273
2015-11-16,2053.18994140625,41.7400016784668,66.0510025024414,17.8799991607666
2015-11-17,2050.43994140625,40.66999816894531,65.89700317382812,16.969999313354492
2015-11-18,2083.580078125,40.75,66.03700256347656,17.420000076293945
2015-11-19,2081.239990234375,40.540000915527344,66.07499694824219,15.84000015258789
2015-11-20,2089.169921875,40.38999938964844,66.08499908447266,15.899999618530273
2015-11-23,2086.590087890625,41.75,66.05000305175781,17.079999923706055
2015-11-24,2089.139892578125,42.869998931884766,66.37100219726562,16.25
2015-11-25,2088.8701171875,43.040000915527344,66.30000305175781,
2015-11-26,,,66.38200378417969,16.690000534057617
2015-11-27,2090.110107421875,41.709999084472656,66.55799865722656,16.729999542236328
2015-11-30,2080.409912109375,41.650001525878906,66.9000015258789,16.43000030517578
2015-12-01,2102.6298828125,41.849998474121094,66.50800323486328,15.640000343322754
2015-12-02,2079.510009765625,39.939998626708984,66.46099853515625,15.489999771118164
2015-12-03,2049.6201171875,41.08000183105469,66.55699920654297,16.059999465942383
2015-12-04,2091.68994140625,39.970001220703125,66.8030014038086,16.09000015258789
2015-12-07,2077.070068359375,37.650001525878906,66.63600158691406,15.869999885559082
2015-12-08,2063.590087890625,37.5099983215332,66.76799774169922,15.970000267028809
2015-12-09,2047.6199951171875,37.15999984741211,66.83300018310547,16.729999542236328
2015-12-10,2052.22998046875,36.7599983215332,66.88999938964844,16.290000915527344
2015-12-11,2012.3699951171875,35.619998931884766,66.78600311279297,17.18000030517578
2015-12-14,2021.93994140625,36.310001373291016,67.14099884033203,17.799999237060547
2015-12-15,2043.4100341796875,37.349998474121094,67.07099914550781,17.34000015258789
2015-12-16,2073.070068359375,35.52000045776367,66.90299987792969,16.729999542236328
2015-12-17,2041.8900146484375,34.95000076293945,66.4280014038086,14.220000267028809
2015-12-18,2005.550048828125,34.72999954223633,66.45899963378906,14.489999771118164
2015-12-21,2021.1500244140625,34.7400016784668,66.24800109863281,14.229999542236328
2015-12-22,2038.969970703125,36.13999938964844,66.26899719238281,14.479999542236328
2015-12-23,2064.2900390625,37.5,66.24299621582031,13.649999618530273
2015-12-24,2060.989990234375,38.099998474121094,66.15399932861328,13.75
2015-12-25,,,65.94000244140625,
2015-12-28,2056.5,36.810001373291016,65.94000244140625,14.399999618530273
2015-12-29,2078.360107421875,37.869998931884766,66.13400268554688,14.239999771118164
2015-12-30,2063.360107421875,36.599998474121094,66.26000213623047,14.350000381469727
2015-12-31,2043.93994140625,37.040000915527344,66.45500183105469,13.869999885559082
2016-01-01,,,66.19300079345703,14.260000228881836
2016-01-04,2012.6600341796875,36.7599983215332,66.19300079345703,16.84000015258789
2016-01-05,2016.7099609375,35.970001220703125,66.60099792480469,16.700000762939453
2016-01-06,1990.260009765625,33.970001220703125,66.52400207519531,16.549999237060547
2016-01-07,1943.0899658203125,33.27000045776367,66.7239990234375,18.959999084472656
2016-01-08,1922.030029296875,33.15999984741211,66.9209976196289,17.799999237060547
2016-01-11,1923.6700439453125,31.40999984741211,66.83999633789062,18.690000534057617
2016-01-12,1938.6800537109375,30.440000534057617,66.79299926757812,18.709999084472656
2016-01-13,1890.280029296875,30.479999542236328,66.91999816894531,18.350000381469727
2016-01-14,1921.8399658203125,31.200000762939453,66.93599700927734,18.610000610351562
2016-01-15,1880.3299560546875,29.420000076293945,67.30400085449219,19.420000076293945
2016-01-18,,,67.76699829101562,20.229999542236328
2016-01-19,1881.3299560546875,28.459999084472656,67.71099853515625,18.43000030517578
2016-01-20,1859.3299560546875,26.549999237060547,67.76699829101562,20.969999313354492
2016-01-21,1868.989990234375,29.530000686645508,67.9489974975586,20.809999465942383
2016-01-22,1906.9000244140625,32.189998626708984,67.80799865722656,18.81999969482422
2016-01-25,1877.0799560546875,30.34000015258789,67.54100036621094,18.270000457763672
2016-01-26,1903.6300048828125,31.450000762939453,67.74099731445312,
2016-01-27,1882.949951171875,32.29999923706055,67.7699966430664,19.059999465942383
2016-01-28,1893.3599853515625,33.220001220703125,68.19599914550781,17.899999618530273
2016-01-29,1940.239990234375,33.619998931884766,68.09300231933594,17.239999771118164
2016-02-01,1939.3800048828125,31.6200008392334,67.87000274658203,17.889999389648438
2016-02-02,1903.030029296875,29.8799991607666,67.88200378417969,18.040000915527344
2016-02-03,1912.530029296875,32.279998779296875,67.98600006103516,18.59000015258789
2016-02-04,1915.449951171875,31.719999313354492,67.927001953125,18.209999084472656
2016-02-05,1880.050048828125,30.889999389648438,67.56400299072266,18.110000610351562
2016-02-08,1853.43994140625,29.690000534057617,67.802001953125,20.260000228881836
2016-02-09,1852.2099609375,27.940000534057617,68.07599639892578,21.729999542236328
2016-02-10,1851.8599853515625,27.450000762939453,67.9280014038086,22.469999313354492
2016-02-11,1829.0799560546875,26.209999084472656,67.89299774169922,25.969999313354492
2016-02-12,1864.780029296875,29.440000534057617,68.4739990234375,24.670000076293945
2016-02-15,,,68.11100006103516,22.3799991607666
2016-02-16,1895.5799560546875,29.040000915527344,68.13700103759766,23.040000915527344
2016-02-17,1926.8199462890625,30.65999984741211,68.50599670410156,21.829999923706055
2016-02-18,1917.8299560546875,30.770000457763672,68.35600280761719,21.489999771118164
2016-02-19,1917.780029296875,29.639999389648438,68.56600189208984,20.920000076293945
2016-02-22,1945.5,31.479999542236328,68.53800201416016,21.020000457763672
2016-02-23,1921.27001953125,31.8700008392334,68.5739974975586,23.84000015258789
2016-02-24,1929.800048828125,32.150001525878906,68.60299682617188,22.959999084472656
2016-02-25,1951.699951171875,33.06999969482422,68.3759994506836,22.75
2016-02-26,1948.050048828125,32.779998779296875,68.7969970703125,21.8700008392334
2016-02-29,1932.22998046875,33.75,68.7300033569336,20.15999984741211
2016-03-01,1978.3499755859375,34.400001525878906,68.21800231933594,18.670000076293945
2016-03-02,1986.449951171875,34.65999984741211,67.74600219726562,18.989999771118164
2016-03-03,1993.4000244140625,34.56999969482422,67.38800048828125,18.040000915527344
2016-03-04,1999.989990234375,35.91999816894531,67.14299774169922,17.8799991607666
2016-03-07,2001.760009765625,37.900001525878906,66.93000030517578,
2016-03-08,1979.260009765625,36.5,67.0459976196289,18.469999313354492
2016-03-09,1989.260009765625,38.290000915527344,67.35700225830078,17.510000228881836
2016-03-10,1989.5699462890625,37.84000015258789,67.1449966430664,17.899999618530273
2016-03-11,2022.18994140625,38.5,67.30899810791016,17.100000381469727
2016-03-14,2019.6400146484375,37.18000030517578,66.91300201416016,17.100000381469727
2016-03-15,2015.9300537109375,36.34000015258789,67.17400360107422,17.600000381469727
2016-03-16,2027.219970703125,38.459999084472656,67.35900115966797,17.110000610351562
2016-03-17,2040.5899658203125,40.20000076293945,66.83000183105469,16.84000015258789
2016-03-18,2049.580078125,39.439998626708984,66.61199951171875,16.3799991607666
2016-03-21,2051.60009765625,39.90999984741211,66.3759994506836,16.329999923706055
2016-03-22,2049.800048828125,41.45000076293945,66.5199966430664,16.43000030517578
2016-03-23,2036.7099609375,39.790000915527344,66.76399993896484,16.350000381469727
2016-03-24,2035.93994140625,39.459999084472656,66.9020004272461,
2016-03-25,,,66.90699768066406,
2016-03-28,2037.050048828125,39.38999938964844,66.90699768066406,17.489999771118164
2016-03-29,2055.010009765625,38.279998779296875,66.90699768066406,17.639999389648438
2016-03-30,2063.949951171875,38.31999969482422,66.36799621582031,16.809999465942383
2016-03-31,2059.739990234375,38.34000015258789,66.36799621582031,16.579999923706055
2016-04-01,2072.780029296875,36.790000915527344,66.24800109863281,17.280000686645508
2016-04-04,2066.1298828125,35.70000076293945,66.35800170898438,17.450000762939453
2016-04-05,2045.1700439453125,35.88999938964844,66.13300323486328,17.829999923706055
2016-04-06,2066.659912109375,37.75,66.46800231933594,17.350000381469727
2016-04-07,2041.9100341796875,37.2599983215332,66.53299713134766,16.93000030517578
2016-04-08,2047.5999755859375,39.720001220703125,66.77899932861328,16.43000030517578
2016-04-11,2041.989990234375,40.36000061035156,66.54399871826172,16.010000228881836
2016-04-12,2061.719970703125,42.16999816894531,66.29000091552734,16.020000457763672
2016-04-13,2082.419921875,41.7599983215332,66.31500244140625,16.040000915527344
2016-04-14,2082.780029296875,41.5,66.5250015258789,
2016-04-15,2080.72998046875,40.36000061035156,66.63700103759766,
2016-04-18,2094.340087890625,39.779998779296875,66.65299987792969,16.950000762939453
2016-04-19,2100.800048828125,41.08000183105469,66.40899658203125,
2016-04-20,2102.39990234375,42.630001068115234,66.22200012207031,17.079999923706055
2016-04-21,2091.47998046875,43.18000030517578,66.2040023803711,16.510000228881836
2016-04-22,2091.580078125,43.72999954223633,66.51200103759766,16.3799991607666
2016-04-25,2087.7900390625,42.63999938964844,66.65299987792969,16.56999969482422
2016-04-26,2091.699951171875,44.040000915527344,66.70500183105469,16.579999923706055
2016-04-27,2095.14990234375,45.33000183105469,66.45700073242188,16.350000381469727
2016-04-28,2075.81005859375,46.029998779296875,66.3550033569336,16.600000381469727
2016-04-29,2065.300048828125,45.91999816894531,66.43800354003906,16.540000915527344
2016-05-02,2081.429931640625,44.779998779296875,66.41799926757812,17.09000015258789
2016-05-03,2063.3701171875,43.650001525878906,66.37100219726562,17.459999084472656
2016-05-04,2051.1201171875,43.779998779296875,66.59200286865234,17.450000762939453
2016-05-05,2050.6298828125,44.31999969482422,66.62000274658203,17.170000076293945
2016-05-06,2057.139892578125,44.65999984741211,66.60199737548828,16.950000762939453
2016-05-09,2058.68994140625,43.439998626708984,66.59400177001953,16.610000610351562
2016-05-10,2084.389892578125,44.65999984741211,66.72100067138672,16.420000076293945
2016-05-11,2064.4599609375,46.22999954223633,66.66600036621094,16.959999084472656
2016-05-12,2064.110107421875,46.70000076293945,66.59100341796875,16.329999923706055
2016-05-13,2046.6099853515625,46.209999084472656,66.7509994506836,17.0
2016-05-16,2066.659912109375,47.720001220703125,66.9000015258789,17.030000686645508
2016-05-17,2047.2099609375,48.310001373291016,66.875,16.3700008392334
2016-05-18,2047.6300048828125,48.189998626708984,66.86799621582031,16.450000762939453
2016-05-19,2040.0400390625,48.15999984741211,67.16000366210938,17.059999465942383
2016-05-20,2052.320068359375,47.75,67.47699737548828,16.43000030517578
2016-05-23,2048.0400390625,48.08000183105469,67.4229965209961,16.15999984741211
2016-05-24,2076.06005859375,48.619998931884766,67.447998046875,16.219999313354492
2016-05-25,2090.5400390625,49.560001373291016,67.6510009765625,15.520000457763672
2016-05-26,2090.10009765625,49.47999954223633,67.30400085449219,15.329999923706055
2016-05-27,2099.06005859375,49.33000183105469,66.9540023803711,15.260000228881836
2016-05-30,,,67.02400207519531,15.979999542236328
2016-05-31,2096.949951171875,49.099998474121094,67.13300323486328,16.049999237060547
2016-06-01,2099.330078125,49.0099983215332,67.23100280761719,15.84000015258789
2016-06-02,2105.260009765625,49.16999816894531,67.4260025024414,15.09000015258789
2016-06-03,2099.1298828125,48.619998931884766,67.29199981689453,15.0
2016-06-06,2109.409912109375,49.689998626708984,66.99199676513672,15.359999656677246
2016-06-07,2112.1298828125,50.36000061035156,66.8010025024414,14.869999885559082
2016-06-08,2119.1201171875,51.22999954223633,66.76300048828125,15.140000343322754
2016-06-09,2115.47998046875,50.560001373291016,66.51000213623047,15.670000076293945
2016-06-10,2096.070068359375,49.06999969482422,66.74099731445312,15.970000267028809
2016-06-13,2079.06005859375,48.880001068115234,66.94499969482422,16.579999923706055
2016-06-14,2075.320068359375,48.4900016784668,67.15399932861328,17.190000534057617
2016-06-15,2071.5,48.0099983215332,67.2979965209961,17.059999465942383
2016-06-16,2077.989990234375,46.209999084472656,67.072998046875,17.700000762939453
2016-06-17,2071.219970703125,47.97999954223633,67.30699920654297,17.350000381469727
2016-06-20,2083.25,49.369998931884766,67.06600189208984,17.520000457763672
2016-06-21,2088.89990234375,48.849998474121094,67.12999725341797,17.260000228881836
2016-06-22,2085.449951171875,49.130001068115234,67.60600280761719,18.18000030517578
2016-06-23,2113.320068359375,50.11000061035156,67.4219970703125,18.020000457763672
2016-06-24,2037.4100341796875,47.63999938964844,67.24199676513672,18.6299991607666
2016-06-27,2000.5400390625,46.33000183105469,67.87699890136719,18.530000686645508
2016-06-28,2036.0899658203125,47.849998474121094,67.9209976196289,17.729999542236328
2016-06-29,2070.77001953125,49.880001068115234,67.70500183105469,16.15999984741211
2016-06-30,2098.860107421875,48.33000183105469,67.41600036621094,16.290000915527344
2016-07-01,2102.949951171875,48.9900016784668,67.5009994506836,15.739999771118164
2016-07-04,,,67.18199920654297,15.579999923706055
2016-07-05,2088.550048828125,46.599998474121094,67.23699951171875,15.359999656677246
2016-07-06,2099.72998046875,47.43000030517578,67.4260025024414,
2016-07-07,2097.89990234375,45.13999938964844,67.4010009765625,15.3100004196167
2016-07-08,2129.89990234375,45.40999984741211,67.49700164794922,15.079999923706055
2016-07-11,2137.159912109375,44.7599983215332,67.13200378417969,14.850000381469727
2016-07-12,2152.139892578125,46.79999923706055,67.1449966430664,14.779999732971191
2016-07-13,2152.429931640625,44.75,66.87000274658203,15.329999923706055
2016-07-14,2163.75,45.68000030517578,67.00599670410156,15.609999656677246
2016-07-15,2161.739990234375,45.95000076293945,66.83799743652344,15.640000343322754
2016-07-18,2166.889892578125,45.2400016784668,67.13300323486328,15.989999771118164
2016-07-19,2163.780029296875,44.650001525878906,67.13899993896484,15.800000190734863
2016-07-20,2173.02001953125,44.939998626708984,67.20600128173828,15.989999771118164
2016-07-21,2165.169921875,44.75,67.16400146484375,15.710000038146973
2016-07-22,2175.030029296875,44.189998626708984,67.15399932861328,15.5
2016-07-25,2168.47998046875,43.130001068115234,67.14600372314453,15.720000267028809
2016-07-26,2169.179931640625,42.91999816894531,67.40499877929688,15.619999885559082
2016-07-27,2166.580078125,41.91999816894531,67.28399658203125,15.430000305175781
2016-07-28,2170.06005859375,41.13999938964844,67.06300354003906,15.149999618530273
2016-07-29,2173.60009765625,41.599998474121094,67.00700378417969,14.920000076293945
2016-08-01,2170.840087890625,40.060001373291016,66.64800262451172,15.180000305175781
2016-08-02,2157.030029296875,39.5099983215332,66.7509994506836,15.6899995803833
2016-08-03,2163.7900390625,40.83000183105469,66.6760025024414,16.239999771118164
2016-08-04,2164.25,41.93000030517578,66.76000213623047,15.140000343322754
2016-08-05,2182.8701171875,41.79999923706055,66.84100341796875,14.350000381469727
2016-08-08,2180.889892578125,43.02000045776367,66.83499908447266,14.59000015258789
2016-08-09,2181.739990234375,42.77000045776367,66.79399871826172,14.539999961853027
2016-08-10,2175.489990234375,41.709999084472656,66.78299713134766,14.920000076293945
2016-08-11,2185.7900390625,43.4900016784668,66.75800323486328,14.210000038146973
2016-08-12,2184.050048828125,44.4900016784668,66.73999786376953,13.770000457763672
2016-08-15,2190.14990234375,45.7400016784668,66.89959716796875,
2016-08-16,2178.14990234375,46.58000183105469,66.86489868164062,14.180000305175781
2016-08-17,2182.219970703125,46.790000915527344,66.85769653320312,14.779999732971191
2016-08-18,2187.02001953125,48.220001220703125,66.90550231933594,14.550000190734863
2016-08-19,2183.8701171875,48.52000045776367,66.81999969482422,14.539999961853027
2016-08-22,2182.639892578125,47.04999923706055,67.12750244140625,14.239999771118164
2016-08-23,2186.89990234375,48.099998474121094,67.1874008178711,13.899999618530273
2016-08-24,2175.43994140625,46.77000045776367,67.12999725341797,13.489999771118164
2016-08-25,2172.469970703125,47.33000183105469,67.16000366210938,13.289999961853027
2016-08-26,2169.0400390625,47.63999938964844,67.00559997558594,13.569999694824219
2016-08-29,2180.3798828125,46.97999954223633,67.12899780273438,13.170000076293945
2016-08-30,2176.1201171875,46.349998474121094,67.08999633789062,13.020000457763672
2016-08-31,2170.949951171875,44.70000076293945,67.12660217285156,13.239999771118164
2016-09-01,2170.860107421875,43.15999984741211,66.97470092773438,13.34000015258789
2016-09-02,2179.97998046875,44.439998626708984,66.79299926757812,12.9399995803833
2016-09-05,,,66.57279968261719,
2016-09-06,2186.47998046875,44.83000183105469,66.45999908447266,12.75
2016-09-07,2186.159912109375,45.5,66.25520324707031,13.149999618530273
2016-09-08,2181.300048828125,47.619998931884766,66.47160339355469,13.119999885559082
2016-09-09,2127.81005859375,45.880001068115234,66.44999694824219,13.229999542236328
2016-09-12,2159.0400390625,46.290000915527344,66.77799987792969,15.239999771118164
2016-09-13,2127.02001953125,44.900001525878906,66.7229995727539,
2016-09-14,2125.77001953125,43.58000183105469,66.99500274658203,14.760000228881836
2016-09-15,2147.260009765625,43.90999984741211,66.75810241699219,14.680000305175781
2016-09-16,2139.159912109375,43.029998779296875,66.85030364990234,14.579999923706055
2016-09-19,2139.1201171875,43.29999923706055,67.06529998779297,14.9399995803833
2016-09-20,2139.760009765625,43.439998626708984,66.9552001953125,14.779999732971191
2016-09-21,2163.1201171875,45.34000015258789,66.9749984741211,14.8100004196167
2016-09-22,2177.179931640625,46.31999969482422,66.76119995117188,13.34000015258789
2016-09-23,2164.68994140625,44.47999954223633,66.62259674072266,13.25
2016-09-26,2146.10009765625,45.93000030517578,66.69650268554688,14.569999694824219
2016-09-27,2159.929931640625,44.66999816894531,66.60649871826172,14.25
2016-09-28,2171.3701171875,47.04999923706055,66.44129943847656,13.850000381469727
2016-09-29,2151.1298828125,47.83000183105469,66.33280181884766,18.450000762939453
2016-09-30,2168.27001953125,48.2400016784668,66.81629943847656,17.18000030517578
2016-10-03,2161.199951171875,48.810001373291016,66.54650115966797,15.619999885559082
2016-10-04,2150.489990234375,48.689998626708984,66.38030242919922,14.989999771118164
2016-10-05,2159.72998046875,49.83000183105469,66.5780029296875,14.930000305175781
2016-10-06,2160.77001953125,50.439998626708984,66.56320190429688,14.84000015258789
2016-10-07,2153.739990234375,49.810001373291016,66.68710327148438,14.489999771118164
2016-10-10,2163.659912109375,,66.59120178222656,14.289999961853027
2016-10-11,2136.72998046875,50.790000915527344,66.48509979248047,
2016-10-12,2139.179931640625,50.18000030517578,66.79850006103516,
2016-10-13,2132.550048828125,50.439998626708984,66.81809997558594,15.430000305175781
2016-10-14,2132.97998046875,50.349998474121094,66.78399658203125,14.890000343322754
2016-10-17,2126.5,49.939998626708984,66.7052993774414,15.65999984741211
2016-10-18,2139.60009765625,50.290000915527344,66.78359985351562,14.539999961853027
2016-10-19,2144.2900390625,51.599998474121094,66.73799896240234,14.609999656677246
2016-10-20,2141.340087890625,50.43000030517578,66.63639831542969,14.170000076293945
2016-10-21,2141.159912109375,50.849998474121094,66.84130096435547,13.829999923706055
2016-10-24,2151.330078125,50.52000045776367,66.91120147705078,14.329999923706055
2016-10-25,2143.159912109375,49.959999084472656,66.83399963378906,14.479999542236328
2016-10-26,2139.429931640625,49.18000030517578,66.78130340576172,14.449999809265137
2016-10-27,2133.0400390625,49.720001220703125,66.86399841308594,14.09000015258789
2016-10-28,2126.409912109375,48.70000076293945,66.90299987792969,14.649999618530273
2016-10-31,2126.14990234375,46.86000061035156,66.78140258789062,
2016-11-01,2111.719970703125,46.66999816894531,66.66549682617188,15.739999771118164
2016-11-02,2097.93994140625,45.34000015258789,66.67849731445312,16.799999237060547
2016-11-03,2088.659912109375,44.65999984741211,66.77749633789062,16.469999313354492
2016-11-04,2085.179931640625,44.06999969482422,66.68450164794922,16.850000381469727
2016-11-07,2131.52001953125,44.88999938964844,66.7853012084961,16.510000228881836
2016-11-08,2139.56005859375,44.97999954223633,66.73500061035156,16.770000457763672
2016-11-09,2163.260009765625,45.27000045776367,66.22949981689453,16.6200008392334
2016-11-10,2167.47998046875,44.65999984741211,66.50749969482422,15.460000038146973
2016-11-11,2164.449951171875,,67.2145004272461,17.360000610351562
2016-11-14,2164.199951171875,43.31999969482422,67.54679870605469,
2016-11-15,2180.389892578125,45.810001373291016,67.77549743652344,20.149999618530273
2016-11-16,2176.93994140625,45.56999969482422,67.74800109863281,19.5
2016-11-17,2187.1201171875,45.41999816894531,67.98149871826172,18.709999084472656
2016-11-18,2181.89990234375,45.689998626708984,67.97480010986328,17.809999465942383
2016-11-21,2198.179931640625,47.4900016784668,68.16999816894531,19.100000381469727
2016-11-22,2202.93994140625,48.029998779296875,68.21549987792969,18.469999313354492
2016-11-23,2204.719970703125,47.959999084472656,68.385498046875,18.040000915527344
2016-11-24,,,68.79850006103516,17.15999984741211
2016-11-25,2213.35009765625,46.060001373291016,68.74549865722656,17.610000610351562
2016-11-28,2201.719970703125,47.08000183105469,68.50849914550781,18.059999465942383
2016-11-29,2204.659912109375,45.22999954223633,68.55549621582031,17.709999084472656
2016-11-30,2198.81005859375,49.439998626708984,68.60800170898438,16.850000381469727
2016-12-01,2191.080078125,51.060001373291016,68.58799743652344,16.690000534057617
2016-12-02,2191.949951171875,51.68000030517578,68.21649932861328,17.93000030517578
2016-12-05,2204.7099609375,51.790000915527344,68.0114974975586,17.290000915527344
2016-12-06,2212.22998046875,50.93000030517578,68.01249694824219,17.110000610351562
2016-12-07,2241.35009765625,49.77000045776367,67.72200012207031,16.850000381469727
2016-12-08,2246.18994140625,50.84000015258789,67.43150329589844,15.529999732971191
2016-12-09,2259.530029296875,51.5,67.40599822998047,15.069999694824219
2016-12-12,2256.9599609375,52.83000183105469,67.46050262451172,16.190000534057617
2016-12-13,2271.719970703125,52.97999954223633,67.41799926757812,15.920000076293945
2016-12-14,2253.280029296875,51.040000915527344,67.3864974975586,16.59000015258789
2016-12-15,2262.030029296875,50.900001525878906,67.81999969482422,15.65999984741211
2016-12-16,2258.070068359375,51.900001525878906,67.84500122070312,15.25
2016-12-19,2262.530029296875,52.119998931884766,67.83499908447266,14.84000015258789
2016-12-20,2270.760009765625,52.22999954223633,67.84020233154297,14.539999961853027
2016-12-21,2265.179931640625,52.4900016784668,67.89700317382812,14.710000038146973
2016-12-22,2260.9599609375,52.95000076293945,67.82550048828125,15.550000190734863
2016-12-23,2263.7900390625,53.02000045776367,67.83799743652344,15.130000114440918
2016-12-26,,,67.83080291748047,16.600000381469727
2016-12-27,2268.8798828125,53.900001525878906,67.77200317382812,15.079999923706055
2016-12-28,2249.919921875,54.060001373291016,67.96800231933594,15.539999961853027
2016-12-29,2249.260009765625,53.77000045776367,68.20500183105469,15.279999732971191
2016-12-30,2238.830078125,53.720001220703125,67.93299865722656,15.470000267028809
2017-01-02,,,67.9448013305664,15.829999923706055
2017-01-03,2257.830078125,52.33000183105469,68.13390350341797,15.960000038146973
2017-01-04,2270.75,53.2599983215332,68.2697982788086,15.890000343322754
2017-01-05,2269.0,53.7599983215332,67.885498046875,15.050000190734863
2017-01-06,2276.97998046875,53.9900016784668,67.73300170898438,14.90999984741211
2017-01-09,2268.89990234375,51.959999084472656,68.1426010131836,15.479999542236328
2017-01-10,2268.89990234375,50.81999969482422,68.09700012207031,15.199999809265137
2017-01-11,2275.320068359375,52.25,68.31800079345703,14.8100004196167
2017-01-12,2270.43994140625,53.0099983215332,68.13999938964844,14.609999656677246
2017-01-13,2274.639892578125,52.369998931884766,68.12950134277344,14.380000114440918
2017-01-16,,,68.15779876708984,15.069999694824219
2017-01-17,2267.889892578125,52.47999954223633,68.09459686279297,15.390000343322754
2017-01-18,2271.889892578125,51.08000183105469,67.89949798583984,15.180000305175781
2017-01-19,2263.68994140625,51.369998931884766,68.197998046875,15.020000457763672
2017-01-20,2271.31005859375,52.41999816894531,68.09030151367188,15.789999961853027
2017-01-23,2265.199951171875,52.75,68.07720184326172,15.90999984741211
2017-01-24,2280.070068359375,53.18000030517578,68.05139923095703,15.289999961853027
2017-01-25,2298.3701171875,52.75,68.16449737548828,15.170000076293945
2017-01-26,2296.679931640625,53.779998779296875,67.9729995727539,
2017-01-27,2294.68994140625,53.16999816894531,68.14900207519531,16.010000228881836
2017-01-30,2280.89990234375,52.630001068115234,68.11000061035156,16.670000076293945
2017-01-31,2278.8701171875,52.810001373291016,67.82099914550781,16.829999923706055
2017-02-01,2279.550048828125,53.880001068115234,67.50160217285156,13.970000267028809
2017-02-02,2280.85009765625,53.540000915527344,67.39540100097656,13.520000457763672
2017-02-03,2297.419921875,53.83000183105469,67.2656021118164,13.130000114440918
2017-02-06,2292.56005859375,53.0099983215332,67.15730285644531,13.399999618530273
2017-02-07,2293.080078125,52.16999816894531,67.19529724121094,13.510000228881836
2017-02-08,2294.669921875,52.34000015258789,67.34049987792969,13.350000381469727
2017-02-09,2307.8701171875,53.0,66.96430206298828,13.239999771118164
2017-02-10,2316.10009765625,53.86000061035156,66.74530029296875,13.180000305175781
2017-02-13,2328.25,52.93000030517578,66.84369659423828,13.6899995803833
2017-02-14,2337.580078125,53.20000076293945,66.91539764404297,13.800000190734863
2017-02-15,2349.25,53.11000061035156,66.7759017944336,14.210000038146973
2017-02-16,2347.219970703125,53.36000061035156,66.8655014038086,13.729999542236328
2017-02-17,2351.159912109375,53.400001525878906,67.16480255126953,13.430000305175781
2017-02-20,,,67.06520080566406,13.609999656677246
2017-02-21,2365.3798828125,54.060001373291016,66.96499633789062,13.529999732971191
2017-02-22,2362.820068359375,53.59000015258789,66.96510314941406,13.699999809265137
2017-02-23,2363.81005859375,54.45000076293945,66.91429901123047,13.399999618530273
2017-02-24,2367.340087890625,53.9900016784668,66.68280029296875,
2017-02-27,2369.75,54.04999923706055,66.63500213623047,13.680000305175781
2017-02-28,2363.639892578125,54.0099983215332,66.69319915771484,13.789999961853027
2017-03-01,2395.9599609375,53.83000183105469,66.7051010131836,13.579999923706055
2017-03-02,2381.919921875,52.61000061035156,66.85800170898438,13.359999656677246
2017-03-03,2383.1201171875,53.33000183105469,66.84510040283203,13.350000381469727
2017-03-06,2375.31005859375,53.20000076293945,66.77300262451172,13.640000343322754
2017-03-07,2368.389892578125,53.13999938964844,66.66470336914062,13.880000114440918
2017-03-08,2362.97998046875,50.279998779296875,66.61620330810547,14.079999923706055
2017-03-09,2364.8701171875,49.279998779296875,66.76499938964844,14.390000343322754
2017-03-10,2372.60009765625,48.4900016784668,66.68049621582031,13.960000038146973
2017-03-13,2373.469970703125,48.400001525878906,66.48500061035156,
2017-03-14,2365.449951171875,47.720001220703125,66.17009735107422,12.399999618530273
2017-03-15,2385.260009765625,48.86000061035156,65.77510070800781,12.420000076293945
2017-03-16,2381.3798828125,48.75,65.62049865722656,11.90999984741211
2017-03-17,2378.25,48.779998779296875,65.40450286865234,11.850000381469727
2017-03-20,2373.469970703125,48.220001220703125,65.46810150146484,12.020000457763672
2017-03-21,2344.02001953125,47.34000015258789,65.33529663085938,11.9399995803833
2017-03-22,2348.449951171875,48.040000915527344,65.49500274658203,12.270000457763672
2017-03-23,2345.9599609375,47.70000076293945,65.36499786376953,11.84000015258789
2017-03-24,2343.97998046875,47.970001220703125,65.44439697265625,11.979999542236328
2017-03-27,2341.590087890625,47.72999954223633,65.39309692382812,12.4399995803833
2017-03-28,2358.570068359375,48.369998931884766,65.04499816894531,12.119999885559082
2017-03-29,2361.1298828125,49.5099983215332,65.11000061035156,12.09000015258789
2017-03-30,2368.06005859375,50.349998474121094,64.77999877929688,12.149999618530273
2017-03-31,2362.719970703125,50.599998474121094,64.79000091552734,12.420000076293945
2017-04-03,2358.840087890625,50.2400016784668,64.79669952392578,11.489999771118164
2017-04-04,2360.159912109375,51.029998779296875,64.87750244140625,
2017-04-05,2352.949951171875,51.150001525878906,65.05000305175781,11.550000190734863
2017-04-06,2357.489990234375,51.70000076293945,65.04000091552734,11.289999961853027
2017-04-07,2355.5400390625,52.2400016784668,64.58000183105469,11.6899995803833
2017-04-10,2357.159912109375,53.08000183105469,64.26000213623047,11.619999885559082
2017-04-11,2353.780029296875,53.400001525878906,64.57499694824219,11.399999618530273
2017-04-12,2344.929931640625,53.11000061035156,64.62999725341797,11.630000114440918
2017-04-13,2328.949951171875,53.18000030517578,64.5,11.579999923706055
2017-04-14,,,64.44999694824219,
2017-04-17,2349.010009765625,52.650001525878906,64.45369720458984,11.890000343322754
2017-04-18,2342.18994140625,52.40999984741211,64.4083023071289,12.380000114440918
2017-04-19,2338.169921875,50.439998626708984,64.56999969482422,12.220000267028809
2017-04-20,2355.840087890625,50.27000045776367,64.64669799804688,11.5600004196167
2017-04-21,2348.68994140625,49.619998931884766,64.66000366210938,11.420000076293945
2017-04-24,2374.14990234375,49.22999954223633,64.63999938964844,11.630000114440918
2017-04-25,2388.610107421875,49.560001373291016,64.38999938964844,11.15999984741211
2017-04-26,2387.449951171875,49.619998931884766,64.3499984741211,11.739999771118164
2017-04-27,2388.77001953125,48.970001220703125,64.0199966430664,11.069999694824219
2017-04-28,2384.199951171875,49.33000183105469,64.05999755859375,10.859999656677246
2017-05-01,2388.330078125,48.84000015258789,64.25830078125,
2017-05-02,2391.169921875,47.65999984741211,64.18000030517578,11.449999809265137
2017-05-03,2388.1298828125,47.81999969482422,64.06999969482422,11.529999732971191
2017-05-04,2389.52001953125,45.52000045776367,64.20999908447266,11.329999923706055
2017-05-05,2399.2900390625,46.220001220703125,64.16999816894531,11.989999771118164
2017-05-08,2399.3798828125,46.43000030517578,64.30799865722656,11.670000076293945
2017-05-09,2396.919921875,45.880001068115234,64.41179656982422,11.109999656677246
2017-05-10,2399.6298828125,47.33000183105469,64.63999938964844,10.949999809265137
2017-05-11,2394.43994140625,47.83000183105469,64.55000305175781,10.84000015258789
2017-05-12,2390.89990234375,47.84000015258789,64.36000061035156,10.630000114440918
2017-05-15,2402.320068359375,48.849998474121094,64.16549682617188,10.680000305175781
2017-05-16,2400.669921875,48.65999984741211,64.03829956054688,10.5600004196167
2017-05-17,2357.030029296875,49.06999969482422,63.900001525878906,10.640000343322754
2017-05-18,2365.719970703125,49.349998474121094,64.2300033569336,11.789999961853027
2017-05-19,2381.72998046875,50.33000183105469,64.87110137939453,11.300000190734863
2017-05-22,2394.02001953125,50.72999954223633,64.44850158691406,11.199999809265137
2017-05-23,2398.419921875,51.470001220703125,64.50019836425781,12.199999809265137
2017-05-24,2404.389892578125,51.36000061035156,64.88520050048828,11.829999923706055
2017-05-25,2415.070068359375,48.900001525878906,64.76010131835938,10.449999809265137
2017-05-26,2415.820068359375,49.79999923706055,64.54540252685547,10.859999656677246
2017-05-29,,,64.51319885253906,11.789999961853027
2017-05-30,2412.909912109375,49.65999984741211,64.50859832763672,11.770000457763672
2017-05-31,2411.800048828125,48.31999969482422,64.61859893798828,11.760000228881836
2017-06-01,2430.06005859375,48.36000061035156,64.5000991821289,11.3100004196167
2017-06-02,2439.070068359375,47.65999984741211,64.37229919433594,10.8100004196167
2017-06-05,2436.10009765625,47.400001525878906,64.40499877929688,11.020000457763672
2017-06-06,2429.330078125,48.189998626708984,64.34400177001953,11.130000114440918
2017-06-07,2433.139892578125,45.720001220703125,64.42050170898438,10.890000343322754
2017-06-08,2433.7900390625,45.63999938964844,64.41829681396484,11.069999694824219
2017-06-09,2431.77001953125,45.83000183105469,64.243896484375,10.859999656677246
2017-06-12,2429.389892578125,46.08000183105469,64.37699890136719,11.420000076293945
2017-06-13,2440.35009765625,46.459999084472656,64.46910095214844,11.34000015258789
2017-06-14,2437.919921875,44.72999954223633,64.35749816894531,11.180000305175781
2017-06-15,2432.4599609375,44.459999084472656,64.16580200195312,11.329999923706055
2017-06-16,2433.14990234375,44.7400016784668,64.55999755859375,10.920000076293945
2017-06-19,2453.4599609375,44.20000076293945,64.3949966430664,10.630000114440918
2017-06-20,2437.030029296875,43.22999954223633,64.48760223388672,10.65999984741211
2017-06-21,2435.610107421875,42.529998779296875,64.53050231933594,10.920000076293945
2017-06-22,2434.5,42.7400016784668,64.5416030883789,11.210000038146973
2017-06-23,2438.300048828125,43.0099983215332,64.59100341796875,11.5600004196167
2017-06-26,2439.070068359375,43.380001068115234,64.49800109863281,
2017-06-27,2419.3798828125,44.2400016784668,64.42130279541016,12.510000228881836
2017-06-28,2440.68994140625,44.7400016784668,64.5248031616211,11.989999771118164
2017-06-29,2419.699951171875,44.93000030517578,64.51190185546875,11.380000114440918
2017-06-30,2423.409912109375,46.040000915527344,64.78510284423828,11.729999542236328
2017-07-03,2429.010009765625,47.06999969482422,64.60679626464844,11.199999809265137
2017-07-04,,,64.84269714355469,11.279999732971191
2017-07-05,2432.5400390625,45.130001068115234,64.7688980102539,11.149999618530273
2017-07-06,2409.75,45.52000045776367,64.79139709472656,10.979999542236328
2017-07-07,2425.179931640625,44.22999954223633,64.71330261230469,10.869999885559082
2017-07-10,2427.429931640625,44.400001525878906,64.61170196533203,10.90999984741211
2017-07-11,2425.530029296875,45.040000915527344,,10.890000343322754
2017-07-12,2443.25,45.4900016784668,64.52559661865234,11.050000190734863
2017-07-13,2447.830078125,46.08000183105469,64.36499786376953,11.25
2017-07-14,2459.27001953125,46.540000915527344,64.42579650878906,11.170000076293945
2017-07-17,2459.139892578125,46.02000045776367,64.26730346679688,11.460000038146973
2017-07-18,2460.610107421875,46.400001525878906,64.33000183105469,11.489999771118164
2017-07-19,2473.830078125,47.119998931884766,64.3062973022461,11.260000228881836
2017-07-20,2473.449951171875,46.790000915527344,64.26329803466797,11.319999694824219
2017-07-21,2472.5400390625,45.77000045776367,64.32499694824219,11.09000015258789
2017-07-24,2469.909912109375,46.34000015258789,64.46109771728516,11.3100004196167
2017-07-25,2477.1298828125,47.88999938964844,64.36509704589844,10.90999984741211
2017-07-26,2477.830078125,48.75,64.4469985961914,11.170000076293945
2017-07-27,2475.419921875,49.040000915527344,64.3447036743164,11.220000267028809
2017-07-28,2472.10009765625,49.709999084472656,64.18499755859375,11.140000343322754
2017-07-31,2470.300048828125,50.16999816894531,64.12349700927734,11.899999618530273
2017-08-01,2476.35009765625,49.15999984741211,64.18949890136719,11.90999984741211
2017-08-02,2477.570068359375,49.59000015258789,64.05580139160156,11.9399995803833
2017-08-03,2472.159912109375,49.029998779296875,63.64059829711914,11.640000343322754
2017-08-04,2476.830078125,49.58000183105469,63.696998596191406,11.390000343322754
2017-08-07,2480.909912109375,49.38999938964844,63.66510009765625,11.899999618530273
2017-08-08,2474.919921875,49.16999816894531,63.830101013183594,12.770000457763672
2017-08-09,2474.02001953125,49.560001373291016,63.70289993286133,13.449999809265137
2017-08-10,2438.2099609375,48.59000015258789,63.887699127197266,13.800000190734863
2017-08-11,2441.320068359375,48.81999969482422,64.13860321044922,15.199999809265137
2017-08-14,2465.840087890625,47.59000015258789,64.08100128173828,14.380000114440918
2017-08-15,2464.610107421875,47.54999923706055,64.17430114746094,
2017-08-16,2468.110107421875,46.779998779296875,64.26300048828125,14.239999771118164
2017-08-17,2430.010009765625,47.09000015258789,64.1604995727539,14.34000015258789
2017-08-18,2425.550048828125,48.5099983215332,64.18890380859375,14.569999694824219
2017-08-21,2428.3701171875,47.369998931884766,64.07589721679688,14.819999694824219
2017-08-22,2452.510009765625,47.63999938964844,64.15750122070312,14.109999656677246
2017-08-23,2444.0400390625,48.40999984741211,64.05750274658203,13.180000305175781
2017-08-24,2438.969970703125,47.43000030517578,64.00499725341797,12.569999694824219
2017-08-25,2443.050048828125,47.869998931884766,64.03500366210938,
2017-08-28,2444.239990234375,46.56999969482422,63.99549865722656,12.640000343322754
2017-08-29,2446.300048828125,46.439998626708984,63.78929901123047,13.539999961853027
2017-08-30,2457.590087890625,45.959999084472656,63.98680114746094,12.890000343322754
2017-08-31,2471.64990234375,47.22999954223633,63.976200103759766,11.949999809265137
2017-09-01,2476.550048828125,47.290000915527344,63.91189956665039,11.680000305175781
2017-09-04,,,64.0155029296875,13.170000076293945
2017-09-05,2457.85009765625,48.65999984741211,64.02629852294922,12.890000343322754
2017-09-06,2465.5400390625,49.15999984741211,64.0999984741211,13.119999885559082
2017-09-07,2465.10009765625,49.09000015258789,64.0154037475586,13.010000228881836
2017-09-08,2461.429931640625,47.47999954223633,63.95009994506836,12.960000038146973
2017-09-11,2488.110107421875,48.06999969482422,63.930999755859375,12.359999656677246
2017-09-12,2496.47998046875,48.22999954223633,63.97999954223633,11.760000228881836
2017-09-13,2498.3701171875,49.29999923706055,63.98759841918945,11.760000228881836
2017-09-14,2495.6201171875,49.88999938964844,64.11509704589844,11.470000267028809
2017-09-15,2500.22998046875,49.88999938964844,64.15499877929688,11.680000305175781
2017-09-18,2503.8701171875,49.90999984741211,64.12020111083984,11.4399995803833
2017-09-19,2506.64990234375,49.47999954223633,64.2146987915039,11.470000267028809
2017-09-20,2508.239990234375,50.40999984741211,64.29869842529297,11.630000114440918
2017-09-21,2500.60009765625,50.54999923706055,64.28369903564453,11.630000114440918
2017-09-22,2502.219970703125,50.65999984741211,64.80229949951172,12.8100004196167
2017-09-25,2496.659912109375,52.220001220703125,64.89099884033203,13.34000015258789
2017-09-26,2496.840087890625,51.880001068115234,65.26509857177734,12.930000305175781
2017-09-27,2507.0400390625,52.13999938964844,65.3499984741211,13.859999656677246
2017-09-28,2510.06005859375,51.560001373291016,65.5250015258789,13.170000076293945
2017-09-29,2519.360107421875,51.66999816894531,65.36000061035156,12.489999771118164
2017-10-02,2529.1201171875,50.58000183105469,65.29329681396484,
2017-10-03,2534.580078125,50.41999816894531,65.57170104980469,12.460000038146973
2017-10-04,2537.739990234375,49.97999954223633,65.44309997558594,11.800000190734863
2017-10-05,2552.070068359375,50.790000915527344,65.01950073242188,11.710000038146973
2017-10-06,2549.330078125,49.290000915527344,65.20999908447266,11.119999885559082
2017-10-09,2544.72998046875,49.58000183105469,65.41419982910156,11.390000343322754
2017-10-10,2550.639892578125,50.91999816894531,65.41459655761719,11.109999656677246
2017-10-11,2555.239990234375,51.29999923706055,65.23889923095703,11.729999542236328
2017-10-12,2550.929931640625,50.599998474121094,65.20539855957031,11.039999961853027
2017-10-13,2553.169921875,51.45000076293945,65.0459976196289,11.260000228881836
2017-10-16,2557.639892578125,51.869998931884766,64.6729965209961,11.3100004196167
2017-10-17,2559.360107421875,51.880001068115234,64.6946029663086,11.609999656677246
2017-10-18,2561.260009765625,52.040000915527344,64.92870330810547,11.539999961853027
2017-10-19,2562.10009765625,51.290000915527344,65.04010009765625,12.399999618530273
2017-10-20,2575.2099609375,51.470001220703125,64.90460205078125,
2017-10-23,2564.97998046875,51.900001525878906,65.1041030883789,12.329999923706055
2017-10-24,2569.1298828125,52.470001220703125,65.03489685058594,11.59000015258789
2017-10-25,2557.14990234375,52.18000030517578,65.07949829101562,11.760000228881836
2017-10-26,2560.39990234375,52.63999938964844,64.83999633789062,11.619999885559082
2017-10-27,2581.070068359375,53.900001525878906,64.5999984741211,11.479999542236328
2017-10-30,2572.830078125,54.150001525878906,64.87339782714844,12.109999656677246
2017-10-31,2575.260009765625,54.380001068115234,64.84239959716797,12.4399995803833
2017-11-01,2579.360107421875,54.29999923706055,64.67009735107422,12.140000343322754
2017-11-02,2579.85009765625,54.540000915527344,64.55509948730469,12.010000228881836
2017-11-03,2587.840087890625,55.63999938964844,64.50050354003906,11.90999984741211
2017-11-06,2591.1298828125,57.349998474121094,64.69339752197266,13.020000457763672
2017-11-07,2590.639892578125,57.20000076293945,64.59089660644531,13.239999771118164
2017-11-08,2594.3798828125,56.810001373291016,65.16449737548828,13.609999656677246
2017-11-09,2584.6201171875,57.16999816894531,64.9104995727539,13.270000457763672
2017-11-10,2582.300048828125,56.7400016784668,64.96800231933594,13.479999542236328
2017-11-13,2584.840087890625,56.7599983215332,65.1603012084961,14.050000190734863
2017-11-14,2578.8701171875,55.70000076293945,65.43840026855469,14.170000076293945
2017-11-15,2564.6201171875,55.33000183105469,65.41339874267578,14.270000457763672
2017-11-16,2585.639892578125,55.13999938964844,,13.460000038146973
2017-11-17,2578.85009765625,56.54999923706055,65.20999908447266,13.710000038146973
2017-11-20,2582.139892578125,56.09000015258789,64.90499877929688,13.430000305175781
2017-11-21,2599.030029296875,56.83000183105469,65.0250015258789,13.720000267028809
2017-11-22,2597.080078125,58.02000045776367,64.76129913330078,14.039999961853027
2017-11-23,,,64.7699966430664,13.869999885559082
2017-11-24,2602.419921875,58.95000076293945,64.57939910888672,13.510000228881836
2017-11-27,2601.419921875,58.11000061035156,64.54499816894531,13.029999732971191
2017-11-28,2627.0400390625,57.9900016784668,64.43389892578125,13.149999618530273
2017-11-29,2626.070068359375,57.29999923706055,64.47000122070312,13.0600004196167
2017-11-30,2647.580078125,57.400001525878906,64.41480255126953,13.550000190734863
2017-12-01,2642.219970703125,58.36000061035156,64.49939727783203,14.800000190734863
2017-12-04,2639.43994140625,57.470001220703125,64.50900268554688,14.859999656677246
2017-12-05,2629.570068359375,57.619998931884766,64.35140228271484,15.010000228881836
2017-12-06,2629.27001953125,55.959999084472656,64.35690307617188,15.09000015258789
2017-12-07,2636.97998046875,56.689998626708984,64.51519775390625,14.270000457763672
2017-12-08,2651.5,57.36000061035156,64.54239654541016,13.670000076293945
2017-12-11,2659.989990234375,57.9900016784668,64.4729995727539,14.149999618530273
2017-12-12,2664.110107421875,57.13999938964844,64.3499984741211,15.260000228881836
2017-12-13,2662.85009765625,56.599998474121094,64.55000305175781,15.949999809265137
2017-12-14,2652.010009765625,57.040000915527344,64.31999969482422,16.40999984741211
2017-12-15,2675.81005859375,57.29999923706055,64.2750015258789,14.9399995803833
2017-12-18,2690.159912109375,57.15999984741211,64.07230377197266,13.119999885559082
2017-12-19,2681.469970703125,57.459999084472656,64.20010375976562,12.1899995803833
2017-12-20,2679.25,58.09000015258789,64.04759979248047,12.1899995803833
2017-12-21,2684.570068359375,58.36000061035156,63.96500015258789,12.09000015258789
2017-12-22,2683.340087890625,58.470001220703125,64.00969696044922,11.59000015258789
2017-12-25,,,64.00779724121094,
2017-12-26,2680.5,59.970001220703125,64.010498046875,12.050000190734863
2017-12-27,2682.6201171875,59.63999938964844,64.0281982421875,12.489999771118164
2017-12-28,2687.5400390625,59.84000015258789,64.11499786376953,12.300000190734863
2017-12-29,2673.610107421875,60.41999816894531,64.06199645996094,12.670000076293945
2018-01-01,,,63.84080123901367,13.350000381469727
2018-01-02,2695.81005859375,60.369998931884766,63.86759948730469,13.6899995803833
2018-01-03,2713.06005859375,61.630001068115234,63.459999084472656,13.619999885559082
2018-01-04,2723.989990234375,62.0099983215332,63.41910171508789,13.420000076293945
2018-01-05,2743.14990234375,61.439998626708984,63.369598388671875,13.109999656677246
2018-01-08,2747.7099609375,61.72999954223633,63.26499938964844,13.739999771118164
2018-01-09,2751.2900390625,62.959999084472656,63.45199966430664,13.850000381469727
2018-01-10,2748.22998046875,63.56999969482422,63.63610076904297,14.039999961853027
2018-01-11,2767.56005859375,63.79999923706055,63.7599983215332,14.010000228881836
2018-01-12,2786.239990234375,64.30000305175781,63.67210006713867,13.729999542236328
2018-01-15,,,63.5885009765625,14.3100004196167
2018-01-16,2776.419921875,63.72999954223633,63.52119827270508,14.09000015258789
2018-01-17,2802.56005859375,63.970001220703125,63.994300842285156,13.859999656677246
2018-01-18,2798.030029296875,63.95000076293945,63.82500076293945,13.960000038146973
2018-01-19,2810.300048828125,63.369998931884766,63.86759948730469,13.979999542236328
2018-01-22,2832.969970703125,63.4900016784668,63.83209991455078,15.390000343322754
2018-01-23,2839.1298828125,64.47000122070312,63.88010025024414,16.229999542236328
2018-01-24,2837.5400390625,65.61000061035156,63.7504997253418,18.040000915527344
2018-01-25,2839.25,65.51000213623047,63.57789993286133,17.510000228881836
2018-01-26,2872.8701171875,66.13999938964844,63.57310104370117,
2018-01-29,2853.530029296875,65.55999755859375,63.56999969482422,17.889999389648438
2018-01-30,2822.429931640625,64.5,63.66939926147461,16.420000076293945
2018-01-31,2823.81005859375,64.7300033569336,63.769901275634766,15.930000305175781
2018-02-01,2821.97998046875,65.80000305175781,63.665000915527344,14.109999656677246
2018-02-02,2762.1298828125,65.44999694824219,63.974998474121094,15.25
2018-02-05,2648.93994140625,64.1500015258789,64.13249969482422,16.049999237060547
2018-02-06,2695.139892578125,63.38999938964844,64.314697265625,20.020000457763672
2018-02-07,2681.659912109375,61.790000915527344,63.97999954223633,19.469999313354492
2018-02-08,2581.0,61.150001525878906,64.19999694824219,17.770000457763672
2018-02-09,2619.550048828125,59.20000076293945,64.44049835205078,19.229999542236328
2018-02-12,2656.0,59.290000915527344,64.2113037109375,17.8799991607666
2018-02-13,2662.93994140625,59.189998626708984,64.28350067138672,
2018-02-14,2698.6298828125,60.599998474121094,64.2500991821289,17.18000030517578
2018-02-15,2731.199951171875,61.34000015258789,64.02519989013672,16.31999969482422
2018-02-16,2732.219970703125,61.68000030517578,63.890899658203125,16.3799991607666
2018-02-19,,,64.37999725341797,16.670000076293945
2018-02-20,2716.260009765625,61.900001525878906,64.50499725341797,16.8700008392334
2018-02-21,2701.330078125,61.68000030517578,64.86499786376953,15.920000076293945
2018-02-22,2703.9599609375,62.77000045776367,64.8949966430664,14.829999923706055
2018-02-23,2747.300048828125,63.54999923706055,64.95140075683594,14.199999809265137
2018-02-26,2779.60009765625,63.90999984741211,64.7030029296875,13.699999809265137
2018-02-27,2744.280029296875,63.0099983215332,64.78040313720703,13.920000076293945
2018-02-28,2713.830078125,61.63999938964844,64.91000366210938,13.8100004196167
2018-03-01,2677.669921875,60.9900016784668,65.23999786376953,14.069999694824219
2018-03-02,2691.25,61.25,65.1500015258789,
2018-03-05,2720.93994140625,62.56999969482422,65.18669891357422,15.399999618530273
2018-03-06,2728.1201171875,62.599998474121094,65.00370025634766,16.25
2018-03-07,2726.800048828125,61.150001525878906,64.88999938964844,15.699999809265137
2018-03-08,2738.969970703125,60.119998931884766,64.89119720458984,14.59000015258789
2018-03-09,2786.570068359375,62.040000915527344,65.09040069580078,14.529999732971191
2018-03-12,2783.02001953125,61.36000061035156,64.96489715576172,14.489999771118164
2018-03-13,2765.31005859375,60.709999084472656,64.94550323486328,14.460000038146973
2018-03-14,2749.47998046875,60.959999084472656,64.8281021118164,14.359999656677246
2018-03-15,2747.330078125,61.189998626708984,64.83679962158203,14.329999923706055
2018-03-16,2752.010009765625,62.34000015258789,65.01439666748047,15.220000267028809
2018-03-19,2712.919921875,62.060001373291016,65.06500244140625,15.819999694824219
2018-03-20,2716.93994140625,63.400001525878906,65.21009826660156,15.609999656677246
2018-03-21,2711.929931640625,65.16999816894531,65.2323989868164,15.109999656677246
2018-03-22,2643.68994140625,64.30000305175781,65.06559753417969,15.25
2018-03-23,2588.260009765625,65.87999725341797,65.16000366210938,15.550000190734863
2018-03-26,2658.550048828125,65.55000305175781,65.01499938964844,15.199999809265137
2018-03-27,2612.6201171875,65.25,64.69499969482422,15.550000190734863
2018-03-28,2605.0,64.37999725341797,64.89550018310547,15.760000228881836
2018-03-29,2640.8701171875,64.94000244140625,65.14920043945312,
2018-03-30,,,65.02999877929688,
2018-04-02,2581.8798828125,63.0099983215332,65.10549926757812,15.350000381469727
2018-04-03,2614.449951171875,63.5099983215332,65.13999938964844,15.1899995803833
2018-04-04,2644.68994140625,63.369998931884766,64.90499877929688,16.34000015258789
2018-04-05,2662.840087890625,63.540000915527344,64.99500274658203,14.800000190734863
2018-04-06,2604.469970703125,62.060001373291016,64.86150360107422,14.75
2018-04-09,2613.159912109375,63.41999816894531,64.90450286865234,14.869999885559082
2018-04-10,2656.8701171875,65.51000213623047,64.87000274658203,14.5
2018-04-11,2642.18994140625,66.81999969482422,64.92530059814453,14.720000267028809
2018-04-12,2663.989990234375,67.06999969482422,65.19000244140625,14.5600004196167
2018-04-13,2656.300048828125,67.38999938964844,65.27570343017578,14.140000343322754
2018-04-16,2677.840087890625,66.22000122070312,65.19560241699219,14.260000228881836
2018-04-17,2706.389892578125,66.5199966430664,65.4292984008789,14.039999961853027
2018-04-18,2708.639892578125,68.47000122070312,65.67500305175781,14.109999656677246
2018-04-19,2693.1298828125,68.29000091552734,66.01000213623047,13.75
2018-04-20,2670.139892578125,68.37999725341797,66.11479949951172,12.9399995803833
2018-04-23,2670.2900390625,68.63999938964844,66.1968994140625,13.149999618530273
2018-04-24,2634.56005859375,67.69999694824219,66.54499816894531,11.899999618530273
2018-04-25,2639.39990234375,68.05000305175781,66.41410064697266,12.399999618530273
2018-04-26,2666.93994140625,68.19000244140625,66.90769958496094,12.039999961853027
2018-04-27,2669.909912109375,68.0999984741211,66.9000015258789,12.020000457763672
2018-04-30,2648.050048828125,68.56999969482422,66.61000061035156,12.359999656677246
2018-05-01,2654.800048828125,67.25,66.44999694824219,
2018-05-02,2635.669921875,67.93000030517578,66.7886962890625,12.84000015258789
2018-05-03,2629.72998046875,68.43000030517578,67.08000183105469,12.989999771118164
2018-05-04,2663.419921875,69.72000122070312,66.66000366210938,13.25
2018-05-07,2672.6298828125,70.7300033569336,66.81050109863281,13.760000228881836
2018-05-08,2671.919921875,69.05999755859375,67.1187973022461,14.0600004196167
2018-05-09,2697.7900390625,71.13999938964844,67.1624984741211,14.270000457763672
2018-05-10,2723.070068359375,71.36000061035156,67.62000274658203,14.430000305175781
2018-05-11,2727.719970703125,70.69999694824219,67.38999938964844,13.979999542236328
2018-05-14,2730.1298828125,70.95999908447266,67.3822021484375,14.25
2018-05-15,2711.449951171875,71.30999755859375,67.6780014038086,13.170000076293945
2018-05-16,2722.4599609375,71.48999786376953,68.45999908447266,13.4399995803833
2018-05-17,2720.1298828125,71.48999786376953,68.05999755859375,13.40999984741211
2018-05-18,2712.969970703125,71.27999877929688,68.13999938964844,14.149999618530273
2018-05-21,2733.010009765625,72.23999786376953,67.9749984741211,14.40999984741211
2018-05-22,2724.43994140625,72.12999725341797,68.4000015258789,13.600000381469727
2018-05-23,2733.2900390625,71.83999633789062,68.43000030517578,14.15999984741211
2018-05-24,2727.760009765625,70.70999908447266,68.6500015258789,13.149999618530273
2018-05-25,2721.330078125,67.87999725341797,68.26010131835938,12.649999618530273
2018-05-28,,,67.7217025756836,13.0600004196167
2018-05-29,2689.860107421875,66.7300033569336,67.40280151367188,13.069999694824219
2018-05-30,2724.010009765625,68.20999908447266,68.12999725341797,13.40999984741211
2018-05-31,2705.27001953125,67.04000091552734,67.43000030517578,13.220000267028809
2018-06-01,2734.6201171875,65.80999755859375,67.43499755859375,13.569999694824219
2018-06-04,2746.8701171875,64.75,66.92500305175781,13.880000114440918
2018-06-05,2748.800048828125,65.5199966430664,67.05999755859375,13.319999694824219
2018-06-06,2772.35009765625,64.7300033569336,67.08999633789062,12.550000190734863
2018-06-07,2770.3701171875,65.94999694824219,66.8301010131836,12.779999732971191
2018-06-08,2779.030029296875,65.73999786376953,67.41000366210938,12.699999809265137
2018-06-11,2782.0,66.0999984741211,67.51000213623047,13.180000305175781
2018-06-12,2786.85009765625,66.36000061035156,67.48999786376953,12.729999542236328
2018-06-13,2775.6298828125,66.63999938964844,67.91000366210938,12.640000343322754
2018-06-14,2782.489990234375,66.88999938964844,67.77999877929688,12.100000381469727
2018-06-15,2779.659912109375,65.05999755859375,68.12999725341797,12.069999694824219
2018-06-18,2773.75,65.8499984741211,68.05000305175781,12.380000114440918
2018-06-19,2762.590087890625,65.06999969482422,68.01000213623047,12.920000076293945
2018-06-20,2767.320068359375,66.22000122070312,68.05000305175781,12.170000076293945
2018-06-21,2749.760009765625,65.54000091552734,68.3499984741211,12.449999809265137
2018-06-22,2754.8798828125,68.58000183105469,67.83000183105469,12.020000457763672
2018-06-25,2717.070068359375,68.08000183105469,67.85489654541016,12.579999923706055
2018-06-26,2723.06005859375,70.52999877929688,68.33999633789062,12.800000190734863
2018-06-27,2699.6298828125,72.76000213623047,68.36499786376953,13.510000228881836
2018-06-28,2716.31005859375,73.44999694824219,69.23999786376953,13.949999809265137
2018-06-29,2718.3701171875,74.1500015258789,68.79669952392578,12.9399995803833
2018-07-02,2726.7099609375,73.94000244140625,68.43499755859375,13.369999885559082
2018-07-03,2713.219970703125,74.13999938964844,68.6948013305664,13.0
2018-07-04,,,68.83000183105469,12.65999984741211
2018-07-05,2736.610107421875,72.94000244140625,68.9800033569336,12.579999923706055
2018-07-06,2759.820068359375,73.80000305175781,69.06999969482422,12.4399995803833
2018-07-09,2784.169921875,73.8499984741211,68.75499725341797,12.390000343322754
2018-07-10,2793.840087890625,74.11000061035156,68.65979766845703,12.399999618530273
2018-07-11,2774.02001953125,70.37999725341797,68.9000015258789,12.779999732971191
2018-07-12,2798.2900390625,70.33000183105469,68.72000122070312,12.510000228881836
2018-07-13,2801.31005859375,71.01000213623047,68.54000091552734,12.300000190734863
2018-07-16,2798.429931640625,68.05999755859375,68.48670196533203,12.949999809265137
2018-07-17,2809.550048828125,68.08000183105469,68.72000122070312,12.829999923706055
2018-07-18,2815.6201171875,68.76000213623047,68.35600280761719,13.680000305175781
2018-07-19,2804.489990234375,69.45999908447266,68.6155014038086,13.59000015258789
2018-07-20,2801.830078125,70.45999908447266,68.93509674072266,13.539999961853027
2018-07-23,2806.97998046875,67.88999938964844,68.7332992553711,13.010000228881836
2018-07-24,2820.39990234375,68.5199966430664,69.19999694824219,12.470000267028809
2018-07-25,2846.070068359375,69.30000305175781,68.80999755859375,12.210000038146973
2018-07-26,2837.43994140625,69.61000061035156,68.83999633789062,12.029999732971191
2018-07-27,2818.820068359375,68.69000244140625,68.73999786376953,12.3100004196167
2018-07-30,2802.60009765625,70.12999725341797,68.61499786376953,12.59000015258789
2018-07-31,2816.2900390625,68.76000213623047,68.68499755859375,12.479999542236328
2018-08-01,2813.360107421875,67.66000366210938,68.4968032836914,12.529999732971191
2018-08-02,2827.219970703125,68.95999908447266,68.30709838867188,12.5600004196167
2018-08-03,2840.35009765625,68.48999786376953,68.6155014038086,12.079999923706055
2018-08-06,2850.39990234375,69.01000213623047,68.50499725341797,12.5600004196167
2018-08-07,2858.449951171875,69.16999816894531,68.80999755859375,12.579999923706055
2018-08-08,2857.699951171875,66.94000244140625,68.59600067138672,12.539999961853027
2018-08-09,2853.580078125,66.80999755859375,68.45500183105469,12.680000305175781
2018-08-10,2833.280029296875,67.62999725341797,69.0999984741211,12.850000381469727
2018-08-13,2821.929931640625,67.19999694824219,69.08499908447266,13.399999618530273
2018-08-14,2839.9599609375,67.04000091552734,69.9490966796875,13.279999732971191
2018-08-15,2818.3701171875,65.01000213623047,69.94999694824219,
2018-08-16,2840.68994140625,65.45999908447266,70.66000366210938,13.649999618530273
2018-08-17,2850.1298828125,65.91000366210938,70.00499725341797,13.15999984741211
2018-08-20,2857.050048828125,66.43000030517578,69.78500366210938,13.029999732971191
2018-08-21,2862.9599609375,67.3499984741211,69.73999786376953,12.899999618530273
2018-08-22,2861.820068359375,67.86000061035156,69.80999755859375,
2018-08-23,2856.97998046875,67.83000183105469,69.79000091552734,12.760000228881836
2018-08-24,2874.68994140625,68.72000122070312,70.2750015258789,12.40999984741211
2018-08-27,2896.739990234375,68.87000274658203,69.76499938964844,12.239999771118164
2018-08-28,2897.52001953125,68.52999877929688,69.94499969482422,12.430000305175781
2018-08-29,2914.0400390625,69.51000213623047,70.54000091552734,12.4399995803833
2018-08-30,2901.1298828125,70.25,70.91000366210938,12.40999984741211
2018-08-31,2901.52001953125,69.80000305175781,71.40499877929688,12.600000381469727
2018-09-03,,,70.99500274658203,13.390000343322754
2018-09-04,2896.719970703125,69.87000274658203,71.06999969482422,13.779999732971191
2018-09-05,2888.60009765625,68.72000122070312,71.75,13.649999618530273
2018-09-06,2878.050048828125,67.7699966430664,71.88999938964844,13.720000267028809
2018-09-07,2871.679931640625,67.75,71.93890380859375,13.890000343322754
2018-09-10,2877.1298828125,67.54000091552734,72.09500122070312,15.199999809265137
2018-09-11,2887.889892578125,69.25,72.44499969482422,15.329999923706055
2018-09-12,2888.919921875,70.37000274658203,72.98999786376953,14.25
2018-09-13,2904.179931640625,68.58999633789062,71.92520141601562,
2018-09-14,2904.97998046875,68.98999786376953,72.02749633789062,13.84000015258789
2018-09-17,2888.800048828125,68.91000366210938,72.09500122070312,14.5
2018-09-18,2904.31005859375,69.8499984741211,72.53479766845703,14.420000076293945
2018-09-19,2907.949951171875,71.12000274658203,73.12000274658203,14.010000228881836
2018-09-20,2930.75,70.80000305175781,72.34500122070312,
2018-09-21,2929.669921875,70.77999877929688,71.72000122070312,15.539999961853027
2018-09-24,2919.3701171875,72.08000183105469,72.2300033569336,17.43000030517578
2018-09-25,2915.56005859375,72.27999877929688,73.30000305175781,16.68000030517578
2018-09-26,2905.969970703125,71.56999969482422,73.08999633789062,17.09000015258789
2018-09-27,2914.0,72.12000274658203,72.7699966430664,16.920000076293945
2018-09-28,2913.97998046875,73.25,72.94999694824219,17.0
2018-10-01,2924.590087890625,75.30000305175781,72.50499725341797,16.84000015258789
2018-10-02,2923.429931640625,75.2300033569336,73.75499725341797,
2018-10-03,2925.510009765625,76.41000366210938,73.27999877929688,18.1200008392334
2018-10-04,2901.610107421875,74.33000183105469,73.8499984741211,18.920000076293945
2018-10-05,2885.570068359375,74.33999633789062,74.22000122070312,19.729999542236328
2018-10-08,2884.429931640625,74.29000091552734,73.76300048828125,20.149999618530273
2018-10-09,2880.340087890625,74.95999908447266,73.88999938964844,19.760000228881836
2018-10-10,2785.679931640625,73.16999816894531,74.55000305175781,17.90999984741211
2018-10-11,2728.3701171875,70.97000122070312,74.5999984741211,20.549999237060547
2018-10-12,2767.1298828125,71.33999633789062,74.16000366210938,18.6299991607666
2018-10-15,2750.7900390625,71.77999877929688,73.6760025024414,18.889999389648438
2018-10-16,2809.919921875,71.91999816894531,74.08000183105469,17.3700008392334
2018-10-17,2809.2099609375,69.75,73.45549774169922,17.979999542236328
2018-10-18,2768.780029296875,68.6500015258789,73.91999816894531,
2018-10-19,2767.780029296875,69.12000274658203,74.16000366210938,19.790000915527344
2018-10-22,2755.8798828125,69.16999816894531,73.46499633789062,21.360000610351562
2018-10-23,2740.68994140625,66.43000030517578,73.8594970703125,19.040000915527344
2018-10-24,2656.10009765625,66.81999969482422,73.22129821777344,18.8799991607666
2018-10-25,2705.570068359375,67.33000183105469,73.22049713134766,18.959999084472656
2018-10-26,2658.68994140625,67.58999633789062,73.22019958496094,19.229999542236328
2018-10-29,2641.25,67.04000091552734,73.125,19.829999923706055
2018-10-30,2682.6298828125,66.18000030517578,73.5905990600586,20.5
2018-10-31,2711.739990234375,65.30999755859375,73.6500015258789,19.799999237060547
2018-11-01,2740.3701171875,63.689998626708984,74.06999969482422,19.190000534057617
2018-11-02,2723.06005859375,63.13999938964844,73.30999755859375,18.229999542236328
2018-11-05,2738.31005859375,63.099998474121094,72.90499877929688,19.479999542236328
2018-11-06,2755.449951171875,62.209999084472656,72.86000061035156,18.510000228881836
2018-11-07,2813.889892578125,61.66999816894531,73.2300033569336,17.719999313354492
2018-11-08,2806.830078125,60.66999816894531,72.37999725341797,
2018-11-09,2781.010009765625,60.189998626708984,72.9000015258789,17.770000457763672
2018-11-12,2726.219970703125,59.93000030517578,72.47000122070312,19.3700008392334
2018-11-13,2722.179931640625,55.689998626708984,73.18000030517578,18.700000762939453
2018-11-14,2701.580078125,56.25,72.55000305175781,18.829999923706055
2018-11-15,2730.199951171875,56.459999084472656,72.4000015258789,18.450000762939453
2018-11-16,2736.27001953125,56.459999084472656,71.8917007446289,18.350000381469727
2018-11-19,2690.72998046875,56.7599983215332,71.7750015258789,19.260000228881836
2018-11-20,2641.889892578125,53.43000030517578,71.69000244140625,19.329999923706055
2018-11-21,2649.929931640625,54.630001068115234,71.41500091552734,19.559999465942383
2018-11-22,,,71.29499816894531,19.15999984741211
2018-11-23,2632.56005859375,50.41999816894531,70.83499908447266,
2018-11-26,2673.449951171875,51.630001068115234,70.66999816894531,20.399999618530273
2018-11-27,2682.169921875,51.560001373291016,70.80999755859375,18.31999969482422
2018-11-28,2743.7900390625,50.290000915527344,70.87999725341797,17.959999084472656
2018-11-29,2737.800048828125,51.45000076293945,70.5999984741211,18.700000762939453
2018-11-30,2760.169921875,50.93000030517578,69.91999816894531,19.15999984741211
2018-12-03,2790.3701171875,52.95000076293945,69.76000213623047,18.219999313354492
2018-12-04,2700.06005859375,53.25,70.48500061035156,18.110000610351562
2018-12-05,,,70.62999725341797,18.389999389648438
2018-12-06,2695.949951171875,51.4900016784668,70.87000274658203,19.309999465942383
2018-12-07,2633.080078125,52.61000061035156,70.75,18.59000015258789
2018-12-10,2637.719970703125,51.0,71.36499786376953,20.440000534057617
2018-12-11,2636.780029296875,51.650001525878906,72.7300033569336,17.950000762939453
2018-12-12,2651.070068359375,51.150001525878906,72.62000274658203,15.8100004196167
2018-12-13,2650.5400390625,52.58000183105469,72.1500015258789,15.550000190734863
2018-12-14,2599.949951171875,51.20000076293945,71.5469970703125,15.15999984741211
2018-12-17,2545.93994140625,49.880001068115234,71.91000366210938,14.539999961853027
2018-12-18,2546.159912109375,46.2400016784668,71.58999633789062,14.579999923706055
2018-12-19,2506.9599609375,47.20000076293945,70.56999969482422,14.65999984741211
2018-12-20,2467.419921875,45.880001068115234,70.68550109863281,14.329999923706055
2018-12-21,2416.6201171875,45.59000015258789,70.30000305175781,15.989999771118164
2018-12-24,2351.10009765625,42.529998779296875,70.13999938964844,15.75
2018-12-25,,,70.23999786376953,
2018-12-26,2467.699951171875,46.220001220703125,70.23999786376953,15.920000076293945
2018-12-27,2488.830078125,44.61000061035156,70.1500015258789,16.06999969482422
2018-12-28,2485.739990234375,45.33000183105469,69.98999786376953,15.270000457763672
2018-12-31,2506.85009765625,45.40999984741211,69.92250061035156,16.0
2019-01-01,,,69.70999908447266,15.329999923706055
2019-01-02,2510.030029296875,46.540000915527344,69.70999908447266,16.389999389648438
2019-01-03,2447.889892578125,47.09000015258789,69.95999908447266,16.790000915527344
2019-01-04,2531.93994140625,47.959999084472656,70.30000305175781,16.15999984741211
2019-01-07,2549.68994140625,48.52000045776367,69.5250015258789,16.299999237060547
2019-01-08,2574.409912109375,49.779998779296875,69.80999755859375,15.699999809265137
2019-01-09,2584.9599609375,52.36000061035156,70.33000183105469,15.270000457763672
2019-01-10,2596.639892578125,52.59000015258789,70.55049896240234,15.350000381469727
2019-01-11,2596.260009765625,51.59000015258789,70.72000122070312,15.350000381469727
2019-01-14,2582.610107421875,50.5099983215332,70.37000274658203,16.15999984741211
2019-01-15,2610.300048828125,52.11000061035156,71.08499908447266,15.579999923706055
2019-01-16,2616.10009765625,52.310001373291016,71.09249877929688,16.079999923706055
2019-01-17,2635.9599609375,52.06999969482422,71.36499786376953,16.239999771118164
2019-01-18,2670.7099609375,53.79999923706055,71.03019714355469,16.6200008392334
2019-01-21,,,71.2300033569336,18.149999618530273
2019-01-22,2632.89990234375,52.56999969482422,71.5,17.989999771118164
2019-01-23,2638.699951171875,52.619998931884766,71.2302017211914,18.09000015258789
2019-01-24,2642.330078125,53.130001068115234,71.15730285644531,17.43000030517578
2019-01-25,2664.760009765625,53.689998626708984,70.98999786376953,17.690000534057617
2019-01-28,2643.85009765625,51.9900016784668,70.9749984741211,18.899999618530273
2019-01-29,2640.0,53.310001373291016,71.09010314941406,18.43000030517578
2019-01-30,2681.050048828125,54.22999954223633,71.62000274658203,17.850000381469727
2019-01-31,2704.10009765625,53.790000915527344,71.12000274658203,17.1200008392334
2019-02-01,2706.530029296875,55.2599983215332,71.19999694824219,15.720000267028809
2019-02-04,2724.8701171875,54.560001373291016,71.45169830322266,15.720000267028809
2019-02-05,2737.699951171875,53.65999984741211,71.68499755859375,15.779999732971191
2019-02-06,2731.610107421875,54.0099983215332,71.7699966430664,15.630000114440918
2019-02-07,2706.050048828125,52.63999938964844,71.54049682617188,15.4399995803833
2019-02-08,2707.8798828125,52.720001220703125,71.58000183105469,15.569999694824219
2019-02-11,2709.800048828125,52.40999984741211,71.1500015258789,15.84000015258789
2019-02-12,2744.72998046875,53.099998474121094,71.2300033569336,15.75
2019-02-13,2753.030029296875,53.900001525878906,70.80999755859375,
2019-02-14,2745.72998046875,54.40999984741211,70.86509704589844,15.770000457763672
2019-02-15,2775.60009765625,55.59000015258789,71.01000213623047,16.459999084472656
2019-02-18,,,71.31999969482422,18.0
2019-02-19,2779.760009765625,56.09000015258789,71.69999694824219,18.469999313354492
2019-02-20,2784.699951171875,56.91999816894531,71.5999984741211,17.059999465942383
2019-02-21,2774.8798828125,56.959999084472656,71.30000305175781,16.049999237060547
2019-02-22,2792.669921875,57.2599983215332,71.18499755859375,15.449999809265137
2019-02-25,2796.110107421875,55.47999954223633,71.03099822998047,15.359999656677246
2019-02-26,2793.89990234375,55.5,71.08999633789062,17.110000610351562
2019-02-27,2792.3798828125,56.939998626708984,70.94000244140625,18.899999618530273
2019-02-28,2784.489990234375,57.220001220703125,71.19000244140625,18.280000686645508
2019-03-01,2803.68994140625,55.79999923706055,70.81600189208984,16.270000457763672
2019-03-04,2792.81005859375,56.59000015258789,70.98999786376953,
2019-03-05,2789.64990234375,56.560001373291016,70.9000015258789,15.65999984741211
2019-03-06,2771.449951171875,56.220001220703125,70.74250030517578,15.609999656677246
2019-03-07,2748.929931640625,56.65999984741211,70.36499786376953,15.289999961853027
2019-03-08,2743.070068359375,56.06999969482422,70.48750305175781,14.9399995803833
2019-03-11,2783.300048828125,56.790000915527344,69.98690032958984,14.899999618530273
2019-03-12,2791.52001953125,56.869998931884766,69.79010009765625,15.100000381469727
2019-03-13,2810.919921875,58.2599983215332,69.84500122070312,15.279999732971191
2019-03-14,2808.47998046875,58.61000061035156,69.72630310058594,15.149999618530273
2019-03-15,2822.47998046875,58.52000045776367,69.3373031616211,15.869999885559082
2019-03-18,2832.93994140625,59.09000015258789,68.9530029296875,16.899999618530273
2019-03-19,2832.570068359375,59.029998779296875,68.61799621582031,16.489999771118164
2019-03-20,2824.22998046875,59.83000183105469,69.31749725341797,16.030000686645508
2019-03-21,2854.8798828125,59.97999954223633,68.82499694824219,
2019-03-22,2800.7099609375,59.040000915527344,68.93000030517578,16.270000457763672
2019-03-25,2798.360107421875,58.81999969482422,69.1604995727539,16.670000076293945
2019-03-26,2818.4599609375,59.939998626708984,68.92340087890625,16.489999771118164
2019-03-27,2805.3701171875,59.40999984741211,69.42749786376953,17.049999237060547
2019-03-28,2815.43994140625,59.29999923706055,69.37000274658203,16.649999618530273
2019-03-29,2834.39990234375,60.13999938964844,69.5,
2019-04-01,2867.18994140625,61.59000015258789,69.43000030517578,18.010000228881836
2019-04-02,2867.239990234375,62.58000183105469,69.19529724121094,18.079999923706055
2019-04-03,2873.39990234375,62.459999084472656,68.91020202636719,18.780000686645508
2019-04-04,2879.389892578125,62.099998474121094,68.8499984741211,18.649999618530273
2019-04-05,2892.739990234375,63.08000183105469,68.97039794921875,18.389999389648438
2019-04-08,2895.77001953125,64.4000015258789,69.16000366210938,20.149999618530273
2019-04-09,2878.199951171875,63.97999954223633,69.55249786376953,20.280000686645508
2019-04-10,2888.2099609375,64.61000061035156,69.26180267333984,21.1299991607666
2019-04-11,2888.320068359375,63.58000183105469,69.14019775390625,20.959999084472656
2019-04-12,2907.409912109375,63.88999938964844,69.43000030517578,21.0
2019-04-15,2905.580078125,63.400001525878906,69.16100311279297,21.389999389648438
2019-04-16,2907.06005859375,64.05000305175781,69.80999755859375,21.690000534057617
2019-04-17,2900.449951171875,63.7599983215332,69.88500213623047,
2019-04-18,2905.030029296875,64.0,69.4010009765625,22.739999771118164
2019-04-19,,,69.38099670410156,
2019-04-22,2907.969970703125,65.69999694824219,69.36000061035156,24.049999237060547
2019-04-23,2933.679931640625,66.30000305175781,70.0625,24.649999618530273
2019-04-24,2927.25,65.88999938964844,69.75800323486328,23.709999084472656
2019-04-25,2926.169921875,65.20999908447266,70.0958023071289,23.229999542236328
2019-04-26,2939.8798828125,63.29999923706055,70.16000366210938,21.719999313354492
2019-04-29,2943.030029296875,63.5,69.84200286865234,
2019-04-30,2945.830078125,63.90999984741211,69.81179809570312,21.829999923706055
2019-05-01,2923.72998046875,63.599998474121094,69.55599975585938,
2019-05-02,2917.52001953125,61.810001373291016,69.63289642333984,22.979999542236328
2019-05-03,2945.639892578125,61.939998626708984,69.42440032958984,24.030000686645508
2019-05-06,2932.469970703125,62.25,69.16799926757812,26.43000030517578
2019-05-07,2884.050048828125,61.400001525878906,69.40029907226562,26.479999542236328
2019-05-08,2879.419921875,62.119998931884766,69.91000366210938,26.3700008392334
2019-05-09,2870.719970703125,61.70000076293945,70.01000213623047,25.489999771118164
2019-05-10,2881.39990234375,61.65999984741211,70.41000366210938,26.34000015258789
2019-05-13,2811.8701171875,61.040000915527344,69.92250061035156,27.3799991607666
2019-05-14,2834.409912109375,61.779998779296875,70.61699676513672,27.1299991607666
2019-05-15,2850.9599609375,62.02000045776367,70.30699920654297,28.65999984741211
2019-05-16,2876.320068359375,62.869998931884766,70.20919799804688,28.3700008392334
2019-05-17,2859.530029296875,62.7599983215332,70.23500061035156,28.079999923706055
2019-05-20,2840.22998046875,63.099998474121094,70.28150177001953,23.68000030517578
2019-05-21,2864.360107421875,62.9900016784668,70.12750244140625,25.649999618530273
2019-05-22,2856.27001953125,61.41999816894531,,27.6299991607666
2019-05-23,2822.239990234375,57.90999984741211,69.97250366210938,19.40999984741211
2019-05-24,2826.06005859375,58.630001068115234,69.94499969482422,16.469999313354492
2019-05-27,,,69.36000061035156,16.190000534057617
2019-05-28,2802.389892578125,59.13999938964844,69.72000122070312,15.920000076293945
2019-05-29,2783.02001953125,58.810001373291016,69.875,16.40999984741211
2019-05-30,2788.860107421875,56.59000015258789,69.81500244140625,15.609999656677246
2019-05-31,2752.06005859375,53.5,69.9800033569336,16.06999969482422
2019-06-03,2744.449951171875,53.25,69.5696029663086,15.970000267028809
2019-06-04,2803.27001953125,53.47999954223633,69.16190338134766,15.630000114440918
2019-06-05,2826.14990234375,51.68000030517578,69.55999755859375,
2019-06-06,2843.489990234375,52.59000015258789,69.625,15.529999732971191
2019-06-07,2873.340087890625,53.9900016784668,69.36000061035156,14.859999656677246
2019-06-10,2886.72998046875,53.2599983215332,69.34500122070312,14.979999542236328
2019-06-11,2885.719970703125,53.27000045776367,69.52349853515625,14.489999771118164
2019-06-12,2879.840087890625,51.13999938964844,69.3864974975586,14.119999885559082
2019-06-13,2891.639892578125,52.279998779296875,69.69999694824219,13.65999984741211
2019-06-14,2886.97998046875,52.5099983215332,69.80000305175781,13.899999618530273
2019-06-17,2889.669921875,51.93000030517578,69.77050018310547,14.649999618530273
2019-06-18,2917.75,53.900001525878906,70.11250305175781,14.600000381469727
2019-06-19,2926.4599609375,53.7599983215332,69.76499938964844,14.729999542236328
2019-06-20,2954.179931640625,56.650001525878906,69.87000274658203,14.0
2019-06-21,2950.4599609375,57.43000030517578,69.77999877929688,14.609999656677246
2019-06-24,2945.35009765625,57.900001525878906,69.56990051269531,15.220000267028809
2019-06-25,2917.3798828125,57.83000183105469,69.60250091552734,15.010000228881836
2019-06-26,2913.780029296875,59.380001068115234,69.63749694824219,14.75
2019-06-27,2924.919921875,59.43000030517578,69.60250091552734,14.649999618530273
2019-06-28,2941.760009765625,58.470001220703125,69.32499694824219,14.949999809265137
2019-07-01,2964.330078125,59.09000015258789,68.94049835205078,14.600000381469727
2019-07-02,2973.010009765625,56.25,69.1675033569336,14.25
2019-07-03,2995.820068359375,57.34000015258789,69.0824966430664,13.699999809265137
2019-07-04,,,69.00749969482422,13.529999732971191
2019-07-05,2990.409912109375,57.5099983215332,68.73999786376953,13.069999694824219
2019-07-08,2975.949951171875,57.65999984741211,68.44000244140625,13.850000381469727
2019-07-09,2979.6298828125,57.83000183105469,68.8499984741211,13.6899995803833
2019-07-10,2993.070068359375,60.43000030517578,68.76499938964844,13.640000343322754
2019-07-11,2999.909912109375,60.20000076293945,68.36759948730469,12.470000267028809
2019-07-12,3013.77001953125,60.209999084472656,68.66999816894531,12.0
2019-07-15,3014.300048828125,59.58000183105469,68.55030059814453,12.020000457763672
2019-07-16,3004.0400390625,57.619998931884766,68.74749755859375,11.5600004196167
2019-07-17,2984.419921875,56.779998779296875,68.8949966430664,11.800000190734863
2019-07-18,2995.110107421875,55.29999923706055,68.78600311279297,11.75
2019-07-19,2976.610107421875,55.630001068115234,68.8499984741211,12.520000457763672
2019-07-22,2985.030029296875,56.220001220703125,68.83000183105469,13.010000228881836
2019-07-23,3005.469970703125,56.77000045776367,69.16000366210938,13.430000305175781
2019-07-24,3019.56005859375,55.880001068115234,69.0199966430664,12.760000228881836
2019-07-25,3003.669921875,56.02000045776367,69.18499755859375,12.640000343322754
2019-07-26,3025.860107421875,56.20000076293945,69.15049743652344,12.130000114440918
2019-07-29,3020.969970703125,56.869998931884766,68.87000274658203,13.0600004196167
2019-07-30,3013.179931640625,58.04999923706055,68.94999694824219,13.609999656677246
2019-07-31,2980.3798828125,58.58000183105469,69.07749938964844,13.59000015258789
2019-08-01,2953.56005859375,53.95000076293945,69.40499877929688,14.5600004196167
2019-08-02,2932.050048828125,55.65999984741211,69.29720306396484,15.1899995803833
2019-08-05,2844.739990234375,54.689998626708984,69.65689849853516,16.59000015258789
2019-08-06,2881.77001953125,53.630001068115234,71.5199966430664,16.1200008392334
2019-08-07,2883.97998046875,51.09000015258789,71.2300033569336,16.739999771118164
2019-08-08,2938.090087890625,52.540000915527344,71.16510009765625,16.09000015258789
2019-08-09,2918.64990234375,54.5,70.47090148925781,15.850000381469727
2019-08-12,2882.699951171875,54.93000030517578,71.03500366210938,
2019-08-13,2926.320068359375,57.099998474121094,71.58000183105469,17.780000686645508
2019-08-14,2840.60009765625,55.22999954223633,71.08000183105469,16.360000610351562
2019-08-15,2847.60009765625,54.470001220703125,71.63520050048828,
2019-08-16,2888.679931640625,54.869998931884766,71.72000122070312,16.649999618530273
2019-08-19,2923.64990234375,56.209999084472656,71.13200378417969,16.75
2019-08-20,2900.510009765625,56.34000015258789,71.99500274658203,16.6299991607666
2019-08-21,2924.429931640625,55.68000030517578,71.80999755859375,17.020000457763672
2019-08-22,2922.949951171875,55.349998474121094,71.43779754638672,17.850000381469727
2019-08-23,2847.110107421875,54.16999816894531,71.92040252685547,17.350000381469727
2019-08-26,2878.3798828125,53.63999938964844,71.50250244140625,16.65999984741211
2019-08-27,2869.159912109375,54.93000030517578,72.16000366210938,16.010000228881836
2019-08-28,2887.93994140625,55.779998779296875,71.53500366210938,16.84000015258789
2019-08-29,2924.580078125,56.709999084472656,72.08499908447266,16.43000030517578
2019-08-30,2926.4599609375,55.099998474121094,71.6801986694336,16.280000686645508
2019-09-02,,,71.72989654541016,
2019-09-03,2906.27001953125,53.939998626708984,71.96209716796875,18.059999465942383
2019-09-04,2937.780029296875,56.2599983215332,72.45999908447266,17.239999771118164
2019-09-05,2976.0,56.29999923706055,71.95570373535156,17.270000457763672
2019-09-06,2978.7099609375,56.52000045776367,72.22000122070312,16.270000457763672
2019-09-09,2978.429931640625,57.849998474121094,71.66999816894531,15.850000381469727
2019-09-10,2979.389892578125,57.400001525878906,72.09249877929688,
2019-09-11,3000.929931640625,55.75,71.85900115966797,15.369999885559082
2019-09-12,3009.570068359375,55.09000015258789,71.56009674072266,14.899999618530273
2019-09-13,3007.389892578125,54.849998474121094,71.28500366210938,14.119999885559082
2019-09-16,2997.9599609375,62.900001525878906,71.02069854736328,14.949999809265137
2019-09-17,3005.699951171875,59.34000015258789,71.74909973144531,16.020000457763672
2019-09-18,3006.72998046875,58.11000061035156,71.70999908447266,15.350000381469727
2019-09-19,3006.7900390625,58.130001068115234,71.5425033569336,15.550000190734863
2019-09-20,2992.070068359375,58.09000015258789,71.71749877929688,15.399999618530273
2019-09-23,2991.780029296875,58.63999938964844,71.19159698486328,16.790000915527344
2019-09-24,2966.60009765625,57.290000915527344,70.78959655761719,16.729999542236328
2019-09-25,2984.8701171875,56.4900016784668,71.28500366210938,16.170000076293945
2019-09-26,2977.6201171875,56.40999984741211,71.30999755859375,16.34000015258789
2019-09-27,2961.7900390625,55.90999984741211,71.21499633789062,16.110000610351562
2019-09-30,2976.739990234375,54.06999969482422,70.49870300292969,15.869999885559082
2019-10-01,2940.25,53.619998931884766,70.92250061035156,16.760000228881836
2019-10-02,2887.610107421875,52.63999938964844,71.0999984741211,
2019-10-03,2910.6298828125,52.45000076293945,71.1416015625,17.700000762939453
2019-10-04,2952.010009765625,52.810001373291016,71.0199966430664,17.579999923706055
2019-10-07,2938.7900390625,52.75,70.81500244140625,17.829999923706055
2019-10-08,2893.06005859375,52.630001068115234,71.36000061035156,
2019-10-09,2919.39990234375,52.59000015258789,71.20999908447266,17.15999984741211
2019-10-10,2938.1298828125,53.54999923706055,71.41000366210938,17.229999542236328
2019-10-11,2970.27001953125,54.70000076293945,70.9800033569336,17.139999389648438
2019-10-14,2966.14990234375,53.59000015258789,70.91400146484375,17.43000030517578
2019-10-15,2995.679931640625,52.810001373291016,71.45249938964844,16.850000381469727
2019-10-16,2989.68994140625,53.36000061035156,71.76000213623047,16.360000610351562
2019-10-17,2997.949951171875,53.93000030517578,71.62000274658203,15.880000114440918
2019-10-18,2986.199951171875,53.779998779296875,71.42250061035156,15.930000305175781
2019-10-21,3006.719970703125,53.310001373291016,71.02999877929688,
2019-10-22,2995.989990234375,54.15999984741211,71.1050033569336,16.809999465942383
2019-10-23,3004.52001953125,55.970001220703125,71.07499694824219,16.540000915527344
2019-10-24,3010.2900390625,56.22999954223633,70.71499633789062,16.239999771118164
2019-10-25,3022.550048828125,56.65999984741211,71.19000244140625,15.319999694824219
2019-10-28,3039.419921875,55.810001373291016,70.83000183105469,
2019-10-29,3036.889892578125,55.540000915527344,70.73500061035156,16.420000076293945
2019-10-30,3046.77001953125,55.060001373291016,70.88459777832031,16.65999984741211
2019-10-31,3037.56005859375,54.18000030517578,70.98999786376953,16.280000686645508
2019-11-01,3066.909912109375,56.20000076293945,70.97000122070312,15.729999542236328
2019-11-04,3078.27001953125,56.540000915527344,70.51210021972656,15.930000305175781
2019-11-05,3074.6201171875,57.22999954223633,71.0,15.920000076293945
2019-11-06,3076.780029296875,56.349998474121094,70.8949966430664,15.779999732971191
2019-11-07,3085.179931640625,57.150001525878906,71.0,15.210000038146973
2019-11-08,3093.080078125,57.2400016784668,71.37650299072266,15.859999656677246
2019-11-11,3087.010009765625,56.86000061035156,71.37650299072266,16.25
2019-11-12,3091.840087890625,56.79999923706055,71.5739974975586,
2019-11-13,3094.0400390625,57.119998931884766,71.77999877929688,16.459999084472656
2019-11-14,3096.6298828125,56.77000045776367,72.1415023803711,15.649999618530273
2019-11-15,3120.4599609375,57.720001220703125,71.95580291748047,15.029999732971191
2019-11-18,3122.030029296875,57.04999923706055,71.70580291748047,15.760000228881836
2019-11-19,3120.179931640625,55.209999084472656,71.93509674072266,15.40999984741211
2019-11-20,3108.4599609375,57.11000061035156,71.85099792480469,15.15999984741211
2019-11-21,3103.5400390625,58.58000183105469,71.76820373535156,14.979999542236328
2019-11-22,3110.2900390625,57.77000045776367,71.7405014038086,14.869999885559082
2019-11-25,3133.639892578125,58.0099983215332,71.78260040283203,15.0
2019-11-26,3140.52001953125,58.40999984741211,71.67949676513672,14.84000015258789
2019-11-27,3153.6298828125,58.11000061035156,71.42839813232422,14.619999885559082
2019-11-28,,,71.22810363769531,13.989999771118164
2019-11-29,3140.97998046875,55.16999816894531,71.54740142822266,13.899999618530273
2019-12-02,3113.8701171875,55.959999084472656,71.7229995727539,14.199999809265137
2019-12-03,3093.199951171875,56.099998474121094,71.625,14.5600004196167
2019-12-04,3112.760009765625,58.43000030517578,71.95999908447266,13.319999694824219
2019-12-05,3117.429931640625,58.43000030517578,71.4801025390625,14.3100004196167
2019-12-06,3145.909912109375,59.20000076293945,71.38500213623047,13.640000343322754
2019-12-09,3135.9599609375,59.02000045776367,71.28679656982422,14.600000381469727
2019-12-10,3132.52001953125,59.2400016784668,70.96019744873047,14.289999961853027
2019-12-11,3141.6298828125,58.7599983215332,71.01000213623047,13.380000114440918
2019-12-12,3168.570068359375,59.18000030517578,70.72930145263672,13.350000381469727
2019-12-13,3168.800048828125,60.06999969482422,70.55989837646484,13.300000190734863
2019-12-16,3191.449951171875,60.209999084472656,70.68900299072266,13.420000076293945
2019-12-17,3192.52001953125,60.939998626708984,70.92050170898438,12.520000457763672
2019-12-18,3191.139892578125,60.93000030517578,71.21499633789062,12.34000015258789
2019-12-19,3205.3701171875,61.220001220703125,70.98989868164062,12.119999885559082
2019-12-20,3221.219970703125,60.439998626708984,71.22270202636719,12.329999923706055
2019-12-23,3224.010009765625,60.52000045776367,71.02400207519531,11.960000038146973
2019-12-24,3223.3798828125,61.11000061035156,71.21070098876953,11.630000114440918
2019-12-25,,,71.45999908447266,
2019-12-26,3239.909912109375,61.68000030517578,71.54000091552734,11.119999885559082
2019-12-27,3240.02001953125,61.720001220703125,71.30030059814453,10.529999732971191
2019-12-30,3221.2900390625,61.68000030517578,71.31300354003906,11.010000228881836
2019-12-31,3230.780029296875,61.060001373291016,71.31099700927734,11.670000076293945
2020-01-01,,,71.27580261230469,
2020-01-02,3257.85009765625,61.18000030517578,71.0250015258789,11.489999771118164
2020-01-03,3234.85009765625,63.04999923706055,71.41500091552734,12.699999809265137
2020-01-06,3246.280029296875,63.27000045776367,71.73100280761719,14.779999732971191
2020-01-07,3237.179931640625,62.70000076293945,71.78700256347656,14.609999656677246
2020-01-08,3253.050048828125,59.61000061035156,72.16000366210938,15.640000343322754
2020-01-09,3274.699951171875,59.560001373291016,71.41190338134766,14.0
2020-01-10,3265.35009765625,59.040000915527344,71.19429779052734,14.079999923706055
2020-01-13,3288.1298828125,58.08000183105469,70.9530029296875,14.279999732971191
2020-01-14,3283.14990234375,58.22999954223633,70.71890258789062,13.90999984741211
2020-01-15,3289.2900390625,57.810001373291016,70.84510040283203,14.119999885559082
2020-01-16,3316.81005859375,58.52000045776367,70.71800231933594,14.180000305175781
2020-01-17,3329.6201171875,58.540000915527344,70.94560241699219,14.130000114440918
2020-01-20,,,71.03469848632812,15.40999984741211
2020-01-21,3320.7900390625,58.34000015258789,71.03099822998047,15.859999656677246
2020-01-22,3321.75,56.7400016784668,71.16999816894531,16.360000610351562
2020-01-23,3325.5400390625,55.59000015258789,71.0781021118164,15.859999656677246
2020-01-24,3295.469970703125,54.189998626708984,71.32099914550781,15.5600004196167
2020-01-27,3243.6298828125,53.13999938964844,71.32499694824219,17.18000030517578
2020-01-28,3276.239990234375,53.47999954223633,71.44000244140625,17.299999237060547
2020-01-29,3273.39990234375,53.33000183105469,71.23040008544922,16.5
2020-01-30,3283.659912109375,52.13999938964844,71.30000305175781,16.799999237060547
2020-01-31,3225.52001953125,51.560001373291016,71.63999938964844,17.3700008392334
2020-02-03,3248.919921875,50.11000061035156,71.49649810791016,15.779999732971191
2020-02-04,3297.590087890625,49.61000061035156,71.31410217285156,14.380000114440918
2020-02-05,3334.68994140625,50.75,71.0999984741211,14.170000076293945
2020-02-06,3345.780029296875,50.95000076293945,71.18000030517578,13.779999732971191
2020-02-07,3327.7099609375,50.31999969482422,71.47000122070312,13.75
2020-02-10,3352.090087890625,49.56999969482422,71.5155029296875,14.210000038146973
2020-02-11,3357.75,49.939998626708984,71.27999877929688,13.880000114440918
2020-02-12,3379.449951171875,51.16999816894531,71.27529907226562,13.619999885559082
2020-02-13,3373.93994140625,51.41999816894531,71.29620361328125,13.369999885559082
2020-02-14,3380.159912109375,52.04999923706055,71.26850128173828,13.619999885559082
2020-02-17,,,71.51480102539062,14.420000076293945
2020-02-18,3370.2900390625,52.04999923706055,71.34919738769531,14.510000228881836
2020-02-19,3386.14990234375,53.290000915527344,71.57499694824219,14.020000457763672
2020-02-20,3373.22998046875,53.779998779296875,71.82749938964844,13.699999809265137
2020-02-21,3337.75,53.380001068115234,72.11000061035156,
2020-02-24,3225.889892578125,51.43000030517578,71.88680267333984,17.0
2020-02-25,3128.2099609375,49.900001525878906,72.04669952392578,16.899999618530273
2020-02-26,3116.389892578125,48.72999954223633,71.87000274658203,18.260000228881836
2020-02-27,2978.760009765625,47.09000015258789,71.66339874267578,17.770000457763672
2020-02-28,2954.219970703125,44.7599983215332,71.93000030517578,23.239999771118164
2020-03-02,3090.22998046875,46.75,72.1500015258789,25.200000762939453
2020-03-03,3003.3701171875,47.18000030517578,72.82499694824219,24.540000915527344
2020-03-04,3130.1201171875,46.779998779296875,73.34200286865234,24.229999542236328
2020-03-05,3023.93994140625,45.900001525878906,74.0425033569336,23.25
2020-03-06,2972.3701171875,41.279998779296875,73.8551025390625,25.639999389648438
2020-03-09,2746.56005859375,31.1299991607666,73.99530029296875,30.799999237060547
2020-03-10,2882.22998046875,34.36000061035156,74.40599822998047,
2020-03-11,2741.3798828125,32.97999954223633,74.20500183105469,31.559999465942383
2020-03-12,2480.639892578125,31.5,74.76000213623047,41.15999984741211
2020-03-13,2711.02001953125,31.729999542236328,75.30000305175781,51.470001220703125
2020-03-16,2386.1298828125,28.700000762939453,73.90399932861328,58.880001068115234
2020-03-17,2529.18994140625,26.950000762939453,75.15499877929688,62.93000030517578
2020-03-18,2398.10009765625,20.3700008392334,74.01239776611328,63.959999084472656
2020-03-19,2409.389892578125,25.219999313354492,74.98200225830078,72.19999694824219
2020-03-20,2304.919921875,22.43000030517578,75.15969848632812,67.0999984741211
2020-03-23,2237.39990234375,23.360000610351562,75.62210083007812,71.98999786376953
2020-03-24,2447.330078125,24.010000228881836,76.50599670410156,83.61000061035156
2020-03-25,2475.56005859375,24.489999771118164,77.26000213623047,77.62999725341797
2020-03-26,2630.070068359375,22.600000381469727,75.84549713134766,71.52999877929688
2020-03-27,2541.469970703125,21.510000228881836,74.72560119628906,70.38999938964844
2020-03-30,2626.64990234375,20.09000015258789,75.46499633789062,71.88999938964844
2020-03-31,2584.590087890625,20.479999542236328,75.4000015258789,64.41000366210938
2020-04-01,2470.5,20.309999465942383,75.32499694824219,60.04999923706055
2020-04-02,2526.89990234375,25.31999969482422,77.56999969482422,
2020-04-03,2488.64990234375,28.34000015258789,77.13999938964844,55.29999923706055
2020-04-06,2663.679931640625,26.079999923706055,76.2300033569336,
2020-04-07,2659.409912109375,23.6299991607666,75.96489715576172,51.79999923706055
2020-04-08,2749.97998046875,25.09000015258789,76.66000366210938,52.2400016784668
2020-04-09,2789.820068359375,22.760000228881836,75.95899963378906,49.75
2020-04-10,,,76.6500015258789,
2020-04-13,2761.6298828125,22.40999984741211,76.16649627685547,51.459999084472656
2020-04-14,2846.06005859375,20.110000610351562,76.91000366210938,
2020-04-15,2783.360107421875,19.8700008392334,75.93099975585938,49.7400016784668
2020-04-16,2799.550048828125,19.8700008392334,77.2125015258789,46.099998474121094
2020-04-17,2874.56005859375,18.270000457763672,77.56999969482422,42.59000015258789
2020-04-20,2823.159912109375,-37.630001068115234,76.55999755859375,43.459999084472656
2020-04-21,2736.56005859375,10.010000228881836,77.20999908447266,45.20000076293945
2020-04-22,2799.31005859375,13.779999732971191,76.96939849853516,42.81999969482422
2020-04-23,2797.800048828125,16.5,76.4000015258789,39.22999954223633
2020-04-24,2836.739990234375,16.940000534057617,76.42250061035156,39.119998931884766
2020-04-27,2878.47998046875,12.779999732971191,76.27149963378906,38.040000915527344
2020-04-28,2863.389892578125,12.34000015258789,76.1863021850586,35.349998474121094
2020-04-29,2939.510009765625,15.0600004196167,76.46499633789062,33.84000015258789
2020-04-30,2912.429931640625,18.84000015258789,75.25849914550781,33.9900016784668
2020-05-01,2830.7099609375,19.780000686645508,75.72000122070312,
2020-05-04,2842.739990234375,20.389999389648438,75.60050201416016,43.66999816894531
2020-05-05,2868.43994140625,24.559999465942383,75.8499984741211,43.61000061035156
2020-05-06,2848.419921875,23.989999771118164,76.16999816894531,41.25
2020-05-07,2881.18994140625,23.549999237060547,76.15129852294922,39.93000030517578
2020-05-08,2929.800048828125,24.739999771118164,76.08000183105469,38.40999984741211
2020-05-11,2930.18994140625,24.139999389648438,75.5250015258789,38.040000915527344
2020-05-12,2870.1201171875,25.780000686645508,76.30999755859375,38.209999084472656
2020-05-13,2820.0,25.290000915527344,75.68000030517578,38.84000015258789
2020-05-14,2852.5,27.559999465942383,75.42620086669922,38.18000030517578
2020-05-15,2863.699951171875,29.43000030517578,75.48500061035156,38.02000045776367
2020-05-18,2953.909912109375,31.81999969482422,75.81999969482422,40.91999816894531
2020-05-19,2922.93994140625,32.5,75.60009765625,39.45000076293945
2020-05-20,2971.610107421875,33.4900016784668,76.0,35.810001373291016
2020-05-21,2948.510009765625,33.91999816894531,75.77999877929688,32.9900016784668
2020-05-22,2955.449951171875,33.25,75.625,32.380001068115234
2020-05-25,,,75.98500061035156,
2020-05-26,2991.77001953125,34.349998474121094,76.11000061035156,31.469999313354492
2020-05-27,3036.1298828125,32.810001373291016,75.81999969482422,31.270000457763672
2020-05-28,3029.72998046875,33.709999084472656,76.12999725341797,30.020000457763672
2020-05-29,3044.31005859375,35.4900016784668,75.95999908447266,30.219999313354492
2020-06-01,3055.72998046875,35.439998626708984,75.51319885253906,30.739999771118164
2020-06-02,3080.820068359375,36.810001373291016,75.7300033569336,30.1200008392334
2020-06-03,3122.8701171875,37.290000915527344,75.06580352783203,30.040000915527344
2020-06-04,3112.35009765625,37.40999984741211,75.54499816894531,29.690000534057617
2020-06-05,3193.929931640625,39.54999923706055,75.49089813232422,28.68000030517578
2020-06-08,3232.389892578125,38.189998626708984,75.5177001953125,29.649999618530273
2020-06-09,3207.179931640625,38.939998626708984,75.625,30.209999084472656
2020-06-10,3190.139892578125,39.599998474121094,75.50980377197266,29.440000534057617
2020-06-11,3002.10009765625,36.34000015258789,75.875,29.65999984741211
2020-06-12,3041.31005859375,36.2599983215332,76.38999938964844,30.81999969482422
2020-06-15,3066.590087890625,37.119998931884766,75.95680236816406,32.58000183105469
2020-06-16,3124.739990234375,38.380001068115234,75.97799682617188,32.970001220703125
2020-06-17,3113.489990234375,37.959999084472656,76.65499877929688,33.349998474121094
2020-06-18,3115.340087890625,38.84000015258789,76.55000305175781,31.459999084472656
2020-06-19,3097.739990234375,39.75,76.40039825439453,29.969999313354492
2020-06-22,3117.860107421875,40.459999084472656,76.2520980834961,30.459999084472656
2020-06-23,3131.2900390625,40.369998931884766,75.78980255126953,29.34000015258789
2020-06-24,3050.330078125,38.0099983215332,75.60780334472656,29.579999923706055
2020-06-25,3083.760009765625,38.720001220703125,75.97000122070312,29.729999542236328
2020-06-26,3009.050048828125,38.4900016784668,75.53980255126953,28.739999771118164
2020-06-29,3053.239990234375,39.70000076293945,75.61979675292969,28.90999984741211
2020-06-30,3100.2900390625,39.27000045776367,75.69999694824219,29.1200008392334
2020-07-01,3115.860107421875,39.81999969482422,75.75,28.1200008392334
2020-07-02,3130.010009765625,40.650001525878906,75.45490264892578,26.510000228881836
2020-07-03,,,74.72100067138672,25.770000457763672
2020-07-06,3179.719970703125,40.630001068115234,74.6792984008789,25.200000762939453
2020-07-07,3145.320068359375,40.619998931884766,74.60759735107422,25.100000381469727
2020-07-08,3169.93994140625,40.900001525878906,75.125,26.100000381469727
2020-07-09,3152.050048828125,39.619998931884766,74.93990325927734,24.90999984741211
2020-07-10,3185.0400390625,40.54999923706055,75.33999633789062,24.940000534057617
2020-07-13,3155.219970703125,40.099998474121094,75.15850067138672,25.25
2020-07-14,3197.52001953125,40.290000915527344,75.44999694824219,26.639999389648438
2020-07-15,3226.56005859375,41.20000076293945,75.57499694824219,26.290000915527344
2020-07-16,3215.570068359375,40.75,75.1249008178711,25.360000610351562
2020-07-17,3224.72998046875,40.59000015258789,75.17449951171875,24.15999984741211
2020-07-20,3251.840087890625,40.810001373291016,74.89730072021484,24.709999084472656
2020-07-21,3257.300048828125,41.959999084472656,74.98999786376953,24.43000030517578
2020-07-22,3276.02001953125,41.900001525878906,74.7699966430664,24.889999389648438
2020-07-23,3235.659912109375,41.06999969482422,74.81999969482422,24.639999389648438
2020-07-24,3215.6298828125,41.290000915527344,74.80729675292969,24.540000915527344
2020-07-27,3239.409912109375,41.599998474121094,74.75980377197266,25.020000457763672
2020-07-28,3218.43994140625,41.040000915527344,75.0,23.639999389648438
2020-07-29,3258.43994140625,41.27000045776367,75.08999633789062,24.110000610351562
2020-07-30,3246.219970703125,39.91999816894531,74.8311996459961,24.729999542236328
2020-07-31,3271.1201171875,40.27000045776367,74.98999786376953,24.190000534057617
2020-08-03,3294.610107421875,41.0099983215332,74.91780090332031,25.190000534057617
2020-08-04,3306.510009765625,41.70000076293945,75.33000183105469,23.81999969482422
2020-08-05,3327.77001953125,42.189998626708984,75.25,23.56999969482422
2020-08-06,3349.159912109375,41.95000076293945,74.8822021484375,23.149999618530273
2020-08-07,3351.280029296875,41.220001220703125,74.8998031616211,22.579999923706055
2020-08-10,3360.469970703125,41.939998626708984,75.0248031616211,22.510000228881836
2020-08-11,3333.68994140625,41.61000061035156,75.0999984741211,21.360000610351562
2020-08-12,3380.35009765625,42.66999816894531,74.9000015258789,20.850000381469727
2020-08-13,3373.429931640625,42.2400016784668,74.77210235595703,20.56999969482422
2020-08-14,3372.85009765625,42.0099983215332,75.02999877929688,21.670000076293945
2020-08-17,3381.989990234375,42.88999938964844,74.90280151367188,21.309999465942383
2020-08-18,3389.780029296875,42.88999938964844,75.0,20.43000030517578
2020-08-19,3374.85009765625,42.93000030517578,74.79499816894531,19.959999084472656
2020-08-20,3385.510009765625,42.58000183105469,74.966796875,20.6200008392334
2020-08-21,3397.159912109375,42.34000015258789,74.9999008178711,19.940000534057617
2020-08-24,3431.280029296875,42.619998931884766,74.92179870605469,19.229999542236328
2020-08-25,3443.6201171875,43.349998474121094,74.4000015258789,19.31999969482422
2020-08-26,3478.72998046875,43.38999938964844,74.45249938964844,19.299999237060547
2020-08-27,3484.550048828125,43.040000915527344,74.24009704589844,18.899999618530273
2020-08-28,3508.010009765625,42.970001220703125,73.77449798583984,18.350000381469727
2020-08-31,3500.31005859375,42.61000061035156,73.12830352783203,22.84000015258789
2020-09-01,3526.64990234375,42.7599983215332,73.66999816894531,21.799999237060547
2020-09-02,3580.840087890625,41.5099983215332,73.2699966430664,21.110000610351562
2020-09-03,3455.06005859375,41.369998931884766,73.24849700927734,20.5
2020-09-04,3426.9599609375,39.77000045776367,73.4478988647461,22.149999618530273
2020-09-07,,,73.29029846191406,22.010000228881836
2020-09-08,3331.840087890625,36.7599983215332,73.6500015258789,22.719999313354492
2020-09-09,3398.9599609375,38.04999923706055,73.78679656982422,22.229999542236328
2020-09-10,3339.18994140625,37.29999923706055,73.55000305175781,21.260000228881836
2020-09-11,3340.969970703125,37.33000183105469,73.52729797363281,20.709999084472656
2020-09-14,3383.5400390625,37.2599983215332,73.47859954833984,21.190000534057617
2020-09-15,3401.199951171875,38.279998779296875,73.61499786376953,20.600000381469727
2020-09-16,3385.489990234375,40.15999984741211,73.80000305175781,19.65999984741211
2020-09-17,3357.010009765625,40.970001220703125,73.55069732666016,20.100000381469727
2020-09-18,3319.469970703125,41.11000061035156,73.58360290527344,20.049999237060547
2020-09-21,3281.06005859375,39.310001373291016,73.53479766845703,22.190000534057617
2020-09-22,3315.570068359375,39.599998474121094,73.57980346679688,21.40999984741211
2020-09-23,3236.919921875,39.93000030517578,73.50299835205078,20.989999771118164
2020-09-24,3246.590087890625,40.310001373291016,73.77839660644531,23.510000228881836
2020-09-25,3298.4599609375,40.25,73.68240356445312,20.68000030517578
2020-09-28,3351.60009765625,40.599998474121094,73.69930267333984,19.56999969482422
2020-09-29,3335.469970703125,39.290000915527344,73.9749984741211,19.770000457763672
2020-09-30,3363.0,40.220001220703125,73.84500122070312,19.530000686645508
2020-10-01,3380.800048828125,38.720001220703125,73.70500183105469,18.350000381469727
2020-10-02,3348.419921875,37.04999923706055,73.21700286865234,
2020-10-05,3408.60009765625,39.220001220703125,73.32240295410156,19.700000762939453
2020-10-06,3360.969970703125,40.66999816894531,73.1082992553711,19.639999389648438
2020-10-07,3419.43994140625,39.95000076293945,73.81500244140625,20.059999465942383
2020-10-08,3446.830078125,41.189998626708984,73.5425033569336,20.3799991607666
2020-10-09,3477.139892578125,40.599998474121094,73.28050231933594,20.3799991607666
2020-10-12,3534.219970703125,39.43000030517578,73.01480102539062,21.1299991607666
2020-10-13,3511.929931640625,40.20000076293945,73.35079956054688,20.719999313354492
2020-10-14,3488.669921875,41.040000915527344,73.62000274658203,20.209999084472656
2020-10-15,3483.340087890625,40.959999084472656,73.29620361328125,22.059999465942383
2020-10-16,3483.81005859375,40.880001068115234,73.37100219726562,21.649999618530273
2020-10-19,3426.919921875,40.83000183105469,73.44380187988281,21.81999969482422
2020-10-20,3443.1201171875,41.459999084472656,73.57499694824219,22.690000534057617
2020-10-21,3435.56005859375,40.029998779296875,73.64749908447266,22.920000076293945
2020-10-22,3453.489990234375,40.63999938964844,73.6812973022461,22.639999389648438
2020-10-23,3465.389892578125,39.849998474121094,73.72000122070312,21.829999923706055
2020-10-26,3400.969970703125,38.560001373291016,73.8228988647461,22.829999923706055
2020-10-27,3390.679931640625,39.56999969482422,73.94850158691406,22.200000762939453
2020-10-28,3271.030029296875,37.38999938964844,73.80500030517578,23.280000686645508
2020-10-29,3310.110107421875,36.16999816894531,74.44000244140625,24.020000457763672
2020-10-30,3269.9599609375,35.790000915527344,74.26399993896484,24.75
2020-11-02,3310.239990234375,36.810001373291016,74.55049896240234,25.209999084472656
2020-11-03,3369.159912109375,37.65999984741211,74.45680236816406,24.239999771118164
2020-11-04,3443.43994140625,39.150001525878906,74.65560150146484,23.200000762939453
2020-11-05,3510.449951171875,38.790000915527344,74.37999725341797,20.969999313354492
2020-11-06,3509.43994140625,37.13999938964844,74.12000274658203,20.5
2020-11-09,3550.5,40.290000915527344,73.97979736328125,20.110000610351562
2020-11-10,3545.530029296875,41.36000061035156,73.95320129394531,21.579999923706055
2020-11-11,3572.659912109375,41.45000076293945,74.28160095214844,22.030000686645508
2020-11-12,3537.010009765625,41.119998931884766,74.56999969482422,20.6200008392334
2020-11-13,3585.14990234375,40.130001068115234,74.86499786376953,19.700000762939453
2020-11-16,3626.909912109375,41.34000015258789,74.48770141601562,
2020-11-17,3609.530029296875,41.43000030517578,74.41809844970703,19.799999237060547
2020-11-18,3567.7900390625,41.81999969482422,74.47969818115234,19.1200008392334
2020-11-19,3581.8701171875,41.7400016784668,74.41999816894531,19.56999969482422
2020-11-20,3557.5400390625,42.150001525878906,74.09960174560547,19.6200008392334
2020-11-23,3577.590087890625,43.060001373291016,74.16239929199219,20.799999237060547
2020-11-24,3635.409912109375,44.90999984741211,74.24490356445312,21.059999465942383
2020-11-25,3629.64990234375,45.709999084472656,73.96080017089844,23.1299991607666
2020-11-26,,,73.77989959716797,20.020000457763672
2020-11-27,3638.35009765625,45.529998779296875,74.04879760742188,19.81999969482422
2020-11-30,3621.6298828125,45.34000015258789,73.94090270996094,
2020-12-01,3662.449951171875,44.54999923706055,74.02519989013672,20.18000030517578
2020-12-02,3669.010009765625,45.279998779296875,73.65499877929688,19.90999984741211
2020-12-03,3666.719970703125,45.63999938964844,73.66259765625,19.0
2020-12-04,3699.1201171875,46.2599983215332,73.86489868164062,18.030000686645508
2020-12-07,3691.9599609375,45.7599983215332,73.79029846191406,18.020000457763672
2020-12-08,3702.25,45.599998474121094,74.0199966430664,18.6200008392334
2020-12-09,3672.820068359375,45.52000045776367,73.72640228271484,18.920000076293945
2020-12-10,3668.10009765625,46.779998779296875,73.93499755859375,18.709999084472656
2020-12-11,3663.4599609375,46.56999969482422,73.72669982910156,18.790000915527344
2020-12-14,3647.489990234375,46.9900016784668,73.73799896240234,19.399999618530273
2020-12-15,3694.6201171875,47.619998931884766,73.86000061035156,19.350000381469727
2020-12-16,3701.169921875,47.81999969482422,73.75980377197266,19.200000762939453
2020-12-17,3722.47998046875,48.36000061035156,73.6166000366211,19.15999984741211
2020-12-18,3709.409912109375,49.099998474121094,73.52980041503906,18.6200008392334
2020-12-21,3694.919921875,47.7400016784668,73.60359954833984,23.190000534057617
2020-12-22,3687.260009765625,47.02000045776367,73.935302734375,21.989999771118164
2020-12-23,3690.010009765625,48.119998931884766,74.2699966430664,20.5
2020-12-24,3703.06005859375,48.22999954223633,73.83979797363281,19.969999313354492
2020-12-25,,,73.55780029296875,
2020-12-28,3735.360107421875,47.619998931884766,73.68900299072266,20.43000030517578
2020-12-29,3727.0400390625,48.0,73.5448989868164,20.790000915527344
2020-12-30,3732.0400390625,48.400001525878906,73.45359802246094,21.110000610351562
2020-12-31,3756.070068359375,48.52000045776367,73.13400268554688,21.100000381469727
2021-01-01,,,73.08920288085938,
2021-01-04,3700.64990234375,47.619998931884766,73.09200286865234,20.030000686645508
2021-01-05,3726.860107421875,49.93000030517578,73.31999969482422,20.459999084472656
2021-01-06,3748.139892578125,50.630001068115234,73.37480163574219,21.0
2021-01-07,3803.7900390625,50.83000183105469,73.36000061035156,20.6200008392334
2021-01-08,3824.679931640625,52.2400016784668,73.44599914550781,20.639999389648438
2021-01-11,3799.610107421875,52.25,73.37339782714844,22.3799991607666
2021-01-12,3801.18994140625,53.209999084472656,73.51349639892578,22.850000381469727
2021-01-13,3809.840087890625,52.90999984741211,73.16500091552734,23.290000915527344
2021-01-14,3795.5400390625,53.56999969482422,73.1698989868164,23.030000686645508
2021-01-15,3768.25,52.36000061035156,73.08760070800781,24.010000228881836
2021-01-18,,,73.15899658203125,24.399999618530273
2021-01-19,3798.909912109375,52.97999954223633,73.1886978149414,22.899999618530273
2021-01-20,3851.85009765625,53.2400016784668,73.19190216064453,21.549999237060547
2021-01-21,3853.070068359375,53.130001068115234,72.91089630126953,22.18000030517578
2021-01-22,3841.469970703125,52.27000045776367,72.95490264892578,
2021-01-25,3855.360107421875,52.77000045776367,72.99590301513672,23.25
2021-01-26,3849.6201171875,52.61000061035156,72.97000122070312,
2021-01-27,3750.77001953125,52.849998474121094,72.91999816894531,24.389999389648438
2021-01-28,3787.3798828125,52.34000015258789,73.03710174560547,24.290000915527344
2021-01-29,3714.239990234375,52.20000076293945,72.93879699707031,25.34000015258789
2021-02-01,3773.860107421875,53.54999923706055,72.90660095214844,23.31999969482422
2021-02-02,3826.31005859375,54.7599983215332,73.11979675292969,23.350000381469727
2021-02-03,3830.169921875,55.689998626708984,72.91629791259766,23.75
2021-02-04,3871.739990234375,56.22999954223633,72.85800170898438,23.1200008392334
2021-02-05,3886.830078125,56.849998474121094,72.9457015991211,23.420000076293945
2021-02-08,3915.590087890625,57.970001220703125,72.78479766845703,23.959999084472656
2021-02-09,3911.22998046875,58.36000061035156,72.92990112304688,24.270000457763672
2021-02-10,3909.8798828125,58.68000030517578,72.85489654541016,23.950000762939453
2021-02-11,3916.3798828125,58.2400016784668,72.80729675292969,23.049999237060547
2021-02-12,3934.830078125,59.470001220703125,72.70950317382812,22.040000915527344
2021-02-15,,,72.59480285644531,
2021-02-16,3932.590087890625,60.04999923706055,72.63870239257812,21.780000686645508
2021-02-17,3931.330078125,61.13999938964844,72.93499755859375,
2021-02-18,3913.969970703125,60.52000045776367,72.79730224609375,21.540000915527344
2021-02-19,3906.7099609375,59.2400016784668,72.60540008544922,22.25
2021-02-22,3876.5,61.4900016784668,72.5530014038086,25.469999313354492
2021-02-23,3881.3701171875,61.66999816894531,72.44400024414062,25.229999542236328
2021-02-24,3925.429931640625,63.220001220703125,72.37699890136719,24.170000076293945
2021-02-25,3829.340087890625,63.529998779296875,72.4000015258789,22.889999389648438
2021-02-26,3811.14990234375,61.5,73.1509017944336,28.139999389648438
2021-03-01,3901.820068359375,60.63999938964844,73.59590148925781,25.6299991607666
2021-03-02,3870.2900390625,59.75,73.30940246582031,23.610000610351562
2021-03-03,3819.719970703125,61.279998779296875,73.27749633789062,22.09000015258789
2021-03-04,3768.469970703125,63.83000183105469,72.88069915771484,24.149999618530273
2021-03-05,3841.93994140625,66.08999633789062,73.13179779052734,25.559999465942383
2021-03-08,3821.35009765625,65.05000305175781,73.1333999633789,24.68000030517578
2021-03-09,3875.43994140625,64.01000213623047,73.33000183105469,22.5
2021-03-10,3898.81005859375,64.44000244140625,72.7759017944336,20.75
2021-03-11,3939.340087890625,66.0199966430664,72.70600128173828,
2021-03-12,3943.340087890625,65.61000061035156,72.63899993896484,21.709999084472656
2021-03-15,3968.93994140625,65.38999938964844,72.68299865722656,21.229999542236328
2021-03-16,3962.7099609375,64.80000305175781,72.51529693603516,20.190000534057617
2021-03-17,3974.1201171875,64.5999984741211,72.5156021118164,20.15999984741211
2021-03-18,3915.4599609375,60.0,72.29560089111328,20.079999923706055
2021-03-19,3913.10009765625,61.41999816894531,72.6688003540039,19.989999771118164
2021-03-22,3940.590087890625,61.54999923706055,72.40499877929688,20.489999771118164
2021-03-23,3910.52001953125,57.7599983215332,72.38050079345703,20.670000076293945
2021-03-24,3889.139892578125,61.18000030517578,72.61219787597656,22.459999084472656
2021-03-25,3909.52001953125,58.560001373291016,72.64559936523438,22.700000762939453
2021-03-26,3974.5400390625,60.970001220703125,72.61280059814453,20.649999618530273
2021-03-29,3971.090087890625,61.560001373291016,72.44719696044922,
2021-03-30,3958.550048828125,60.54999923706055,72.74189758300781,20.489999771118164
2021-03-31,3972.889892578125,59.15999984741211,73.44529724121094,20.649999618530273
2021-04-01,4019.8701171875,61.45000076293945,73.20349884033203,19.989999771118164
2021-04-02,,,73.28730010986328,
2021-04-05,4077.909912109375,58.650001525878906,73.3759994506836,21.219999313354492
2021-04-06,4073.93994140625,59.33000183105469,73.27950286865234,20.84000015258789
2021-04-07,4079.949951171875,59.77000045776367,73.48999786376953,20.25
2021-04-08,4097.169921875,59.599998474121094,74.40149688720703,20.309999465942383
2021-04-09,4128.7998046875,59.31999969482422,74.54450225830078,19.790000915527344
2021-04-12,4127.990234375,59.70000076293945,74.72949981689453,23.0
2021-04-13,4141.58984375,60.18000030517578,74.99099731445312,20.459999084472656
2021-04-14,4124.66015625,63.150001525878906,75.18150329589844,
2021-04-15,4170.419921875,63.459999084472656,75.0261001586914,20.889999389648438
2021-04-16,4185.47021484375,63.130001068115234,74.72740173339844,20.399999618530273
2021-04-19,4163.259765625,63.380001068115234,74.56320190429688,22.489999771118164
2021-04-20,4134.93994140625,62.439998626708984,74.8781967163086,22.43000030517578
2021-04-21,4173.419921875,61.349998474121094,75.44920349121094,
2021-04-22,4134.97998046875,61.43000030517578,75.42949676513672,23.030000686645508
2021-04-23,4180.169921875,62.13999938964844,75.0916976928711,22.690000534057617
2021-04-26,4187.6201171875,61.90999984741211,74.86810302734375,23.5
2021-04-27,4186.72021484375,62.939998626708984,74.81490325927734,23.079999923706055
2021-04-28,4183.18017578125,63.86000061035156,74.57499694824219,22.579999923706055
2021-04-29,4211.47021484375,65.01000213623047,74.31179809570312,23.309999465942383
2021-04-30,4181.169921875,63.58000183105469,74.10579681396484,23.030000686645508
2021-05-03,4192.66015625,64.48999786376953,74.09480285644531,23.690000534057617
2021-05-04,4164.66015625,65.69000244140625,73.8375015258789,23.010000228881836
2021-05-05,4167.58984375,65.62999725341797,73.77890014648438,
2021-05-06,4201.6201171875,64.70999908447266,73.79940032958984,22.040000915527344
2021-05-07,4232.60009765625,64.9000015258789,73.61519622802734,20.81999969482422
2021-05-10,4188.43017578125,64.91999816894531,73.29029846191406,20.229999542236328
2021-05-11,4152.10009765625,65.27999877929688,73.5,
2021-05-12,4063.0400390625,66.08000183105469,73.3750991821289,20.079999923706055
2021-05-13,4112.5,63.81999969482422,73.68160247802734,
2021-05-14,4173.85009765625,65.37000274658203,73.44490051269531,20.270000457763672
2021-05-17,4163.2900390625,66.2699966430664,73.27890014648438,19.610000610351562
2021-05-18,4127.830078125,65.48999786376953,73.26969909667969,19.239999771118164
2021-05-19,4115.68017578125,63.36000061035156,73.1281967163086,19.31999969482422
2021-05-20,4159.1201171875,62.04999923706055,73.222900390625,
2021-05-21,4155.85986328125,63.58000183105469,73.02189636230469,19.079999923706055
2021-05-24,4197.0498046875,66.05000305175781,72.90979766845703,19.1299991607666
2021-05-25,4188.1298828125,66.06999969482422,72.83660125732422,
2021-05-26,4195.990234375,66.20999908447266,72.80490112304688,20.8700008392334
2021-05-27,4200.8798828125,66.8499984741211,72.67250061035156,19.90999984741211
2021-05-28,4204.10986328125,66.31999969482422,72.68299865722656,17.399999618530273
2021-05-31,,,72.39350128173828,
2021-06-01,4202.0400390625,67.72000122070312,72.48719787597656,17.389999389648438
2021-06-02,4208.1201171875,68.83000183105469,72.8550033569336,17.209999084472656
2021-06-03,4192.85009765625,68.80999755859375,72.96510314941406,15.75
2021-06-04,4229.89013671875,69.62000274658203,73.04419708251953,15.9399995803833
2021-06-07,4226.52001953125,69.2300033569336,72.90969848632812,15.569999694824219
2021-06-08,4227.259765625,70.05000305175781,72.80940246582031,15.229999542236328
2021-06-09,4219.5498046875,69.95999908447266,72.97530364990234,14.75
2021-06-10,4239.18017578125,70.29000091552734,72.98529815673828,15.0
2021-06-11,4247.43994140625,70.91000366210938,73.01229858398438,14.100000381469727
2021-06-14,4255.14990234375,70.87999725341797,73.23159790039062,14.720000267028809
2021-06-15,4246.58984375,72.12000274658203,73.18080139160156,14.609999656677246
2021-06-16,4223.7001953125,72.1500015258789,73.3447036743164,14.869999885559082
2021-06-17,4221.85986328125,71.04000091552734,73.8240966796875,15.289999961853027
2021-06-18,4166.4501953125,71.63999938964844,74.25389862060547,14.800000190734863
2021-06-21,4224.7900390625,73.66000366210938,74.1438980102539,15.0600004196167
2021-06-22,4246.43994140625,73.05999755859375,74.13520050048828,14.739999771118164
2021-06-23,4241.83984375,73.08000183105469,74.33219909667969,15.369999885559082
2021-06-24,4266.490234375,73.30000305175781,74.24690246582031,15.100000381469727
2021-06-25,4280.7001953125,74.05000305175781,74.19029998779297,13.369999885559082
2021-06-28,4290.60986328125,72.91000366210938,74.21299743652344,13.399999618530273
2021-06-29,4291.7998046875,72.9800033569336,74.285400390625,13.0
2021-06-30,4297.5,73.47000122070312,74.28759765625,13.050000190734863
2021-07-01,4319.93994140625,75.2300033569336,74.37100219726562,12.84000015258789
2021-07-02,4352.33984375,75.16000366210938,74.54499816894531,12.09000015258789
2021-07-05,,,74.48179626464844,
2021-07-06,4343.5400390625,73.37000274658203,74.31780242919922,12.279999732971191
2021-07-07,4358.1298828125,72.19999694824219,74.76290130615234,12.210000038146973
2021-07-08,4320.81982421875,72.94000244140625,74.8218994140625,13.5600004196167
2021-07-09,4369.5498046875,74.55999755859375,74.72139739990234,12.9399995803833
2021-07-12,4384.6298828125,74.0999984741211,74.4905014038086,12.989999771118164
2021-07-13,4369.2099609375,75.25,74.54170227050781,12.619999885559082
2021-07-14,4374.2998046875,73.12999725341797,74.65910339355469,12.59000015258789
2021-07-15,4360.02978515625,71.6500015258789,74.46910095214844,12.270000457763672
2021-07-16,4327.16015625,71.80999755859375,74.53700256347656,11.710000038146973
2021-07-19,4258.490234375,66.41999816894531,74.63179779052734,12.680000305175781
2021-07-20,4323.06005859375,67.41999816894531,74.99340057373047,13.210000038146973
2021-07-21,4358.68994140625,70.30000305175781,74.5270004272461,
2021-07-22,4367.47998046875,71.91000366210938,74.44020080566406,11.890000343322754
2021-07-23,4411.7900390625,72.06999969482422,74.4520034790039,11.760000228881836
2021-07-26,4422.2998046875,71.91000366210938,74.44889831542969,12.449999809265137
2021-07-27,4401.4599609375,71.6500015258789,74.28949737548828,13.229999542236328
2021-07-28,4400.64013671875,72.38999938964844,74.5022964477539,13.6899995803833
2021-07-29,4419.14990234375,73.62000274658203,74.38999938964844,12.949999809265137
2021-07-30,4395.259765625,73.94999694824219,74.25199890136719,12.800000190734863
2021-08-02,4387.16015625,71.26000213623047,74.37909698486328,12.8100004196167
2021-08-03,4423.14990234375,70.55999755859375,74.33200073242188,13.75
2021-08-04,4402.66015625,68.1500015258789,74.21440124511719,13.210000038146973
2021-08-05,4429.10009765625,69.08999633789062,74.18399810791016,12.869999885559082
2021-08-06,4436.52001953125,68.27999877929688,74.08200073242188,12.609999656677246
2021-08-09,4432.35009765625,66.4800033569336,74.49140167236328,12.609999656677246
2021-08-10,4436.75,68.29000091552734,74.46620178222656,12.710000038146973
2021-08-11,4442.41015625,69.25,74.43550109863281,12.710000038146973
2021-08-12,4460.830078125,69.08999633789062,74.10299682617188,12.369999885559082
2021-08-13,4468.0,68.44000244140625,74.26010131835938,12.989999771118164
2021-08-16,4479.7099609375,67.29000091552734,74.216796875,13.460000038146973
2021-08-17,4448.080078125,66.58999633789062,74.13500213623047,13.40999984741211
2021-08-18,4400.27001953125,65.45999908447266,74.364501953125,12.90999984741211
2021-08-19,4405.7998046875,63.689998626708984,74.2697982788086,
2021-08-20,4441.669921875,62.31999969482422,74.4292984008789,14.020000457763672
2021-08-23,4479.52978515625,65.63999938964844,74.30149841308594,13.6899995803833
2021-08-24,4486.22998046875,67.54000091552734,74.10590362548828,13.1899995803833
2021-08-25,4496.18994140625,68.36000061035156,74.1447982788086,13.5
2021-08-26,4470.0,67.41999816894531,74.0999984741211,13.539999961853027
2021-08-27,4509.3701171875,68.73999786376953,74.15599822998047,13.40999984741211
2021-08-30,4528.7900390625,69.20999908447266,73.49659729003906,13.319999694824219
2021-08-31,4522.68017578125,68.5,73.41120147705078,14.520000457763672
2021-09-01,4524.08984375,68.58999633789062,72.99669647216797,14.1899995803833
2021-09-02,4536.9501953125,69.98999786376953,72.98509979248047,14.239999771118164
2021-09-03,4535.43017578125,69.29000091552734,73.0542984008789,14.539999961853027
2021-09-06,,,72.99449920654297,15.109999656677246
2021-09-07,4520.02978515625,68.3499984741211,73.11000061035156,14.899999618530273
2021-09-08,4514.06982421875,69.30000305175781,73.3904037475586,14.40999984741211
2021-09-09,4493.27978515625,68.13999938964844,73.78900146484375,13.9399995803833
2021-09-10,4458.580078125,69.72000122070312,73.53800201416016,
2021-09-13,4468.72998046875,70.44999694824219,73.52429962158203,14.029999732971191
2021-09-14,4443.0498046875,70.45999908447266,73.54080200195312,13.579999923706055
2021-09-15,4480.7001953125,72.61000061035156,73.65080261230469,13.729999542236328
2021-09-16,4473.75,72.61000061035156,73.43800354003906,14.40999984741211
2021-09-17,4432.990234375,71.97000122070312,73.56490325927734,15.229999542236328
2021-09-20,4357.72998046875,70.29000091552734,73.69609832763672,17.489999771118164
2021-09-21,4354.18994140625,70.55999755859375,73.65899658203125,16.520000457763672
2021-09-22,4395.64013671875,72.2300033569336,73.7927017211914,16.489999771118164
2021-09-23,4448.97998046875,73.30000305175781,73.8749008178711,16.600000381469727
2021-09-24,4455.47998046875,73.9800033569336,73.83999633789062,16.920000076293945
2021-09-27,4443.10986328125,75.44999694824219,73.81289672851562,18.049999237060547
2021-09-28,4352.6298828125,75.29000091552734,73.82530212402344,18.540000915527344
2021-09-29,4359.4599609375,74.83000183105469,74.16329956054688,18.84000015258789
2021-09-30,4307.5400390625,75.02999877929688,74.3219985961914,18.399999618530273
2021-10-01,4357.0400390625,75.87999725341797,74.25440216064453,17.209999084472656
2021-10-04,4300.4599609375,77.62000274658203,74.152099609375,16.739999771118164
2021-10-05,4345.72021484375,78.93000030517578,74.57279968261719,16.399999618530273
2021-10-06,4363.5498046875,77.43000030517578,74.56320190429688,17.329999923706055
2021-10-07,4399.759765625,78.30000305175781,74.76000213623047,16.15999984741211
2021-10-08,4391.33984375,79.3499984741211,74.83000183105469,15.649999618530273
2021-10-11,4361.18994140625,80.5199966430664,75.30580139160156,16.09000015258789
2021-10-12,4350.64990234375,80.63999938964844,75.40260314941406,15.850000381469727
2021-10-13,4363.7998046875,80.44000244140625,75.48390197753906,16.100000381469727
2021-10-14,4438.259765625,81.30999755859375,75.3062973022461,15.770000457763672
2021-10-15,4471.3701171875,82.27999877929688,74.99500274658203,
2021-10-18,4486.4599609375,82.44000244140625,75.00589752197266,17.18000030517578
2021-10-19,4519.6298828125,82.95999908447266,75.2354965209961,17.3799991607666
2021-10-20,4536.18994140625,83.87000274658203,75.12010192871094,18.309999465942383
2021-10-21,4549.77978515625,82.5,74.80919647216797,18.040000915527344
2021-10-22,4544.89990234375,83.76000213623047,74.86540222167969,17.549999237060547
2021-10-25,4566.47998046875,83.76000213623047,74.99369812011719,17.610000610351562
2021-10-26,4574.7900390625,84.6500015258789,75.08989715576172,16.75
2021-10-27,4551.68017578125,82.66000366210938,74.88890075683594,16.829999923706055
2021-10-28,4596.419921875,82.80999755859375,75.05000305175781,17.90999984741211
2021-10-29,4605.3798828125,83.56999969482422,74.79720306396484,17.43000030517578
2021-11-01,4613.669921875,84.05000305175781,74.92829895019531,17.239999771118164
2021-11-02,4630.64990234375,83.91000366210938,74.82990264892578,17.059999465942383
2021-11-03,4660.56982421875,80.86000061035156,74.71199798583984,16.1299991607666
2021-11-04,4680.06005859375,78.80999755859375,74.43550109863281,15.75
2021-11-05,4697.52978515625,81.2699966430664,74.47810363769531,
2021-11-08,4701.7001953125,81.93000030517578,74.19110107421875,16.34000015258789
2021-11-09,4685.25,84.1500015258789,73.91850280761719,16.0
2021-11-10,4646.7099609375,81.33999633789062,74.17479705810547,16.309999465942383
2021-11-11,4649.27001953125,81.58999633789062,74.40489959716797,16.350000381469727
2021-11-12,4682.85009765625,80.79000091552734,74.32209777832031,15.220000267028809
2021-11-15,4682.7998046875,80.87999725341797,74.33999633789062,15.470000267028809
2021-11-16,4700.89990234375,80.76000213623047,74.43509674072266,15.199999809265137
2021-11-17,4688.669921875,78.36000061035156,74.45860290527344,14.979999542236328
2021-11-18,4704.5400390625,79.01000213623047,74.25980377197266,14.859999656677246
2021-11-19,4697.9599609375,76.0999984741211,74.17440032958984,
2021-11-22,4682.93994140625,76.75,74.30259704589844,17.520000457763672
2021-11-23,4690.7001953125,78.5,74.42980194091797,18.020000457763672
2021-11-24,4701.4599609375,78.38999938964844,74.4469985961914,17.100000381469727
2021-11-25,,,74.625,16.65999984741211
2021-11-26,4594.6201171875,68.1500015258789,74.50579833984375,20.799999237060547
2021-11-29,4655.27001953125,69.94999694824219,74.98159790039062,20.829999923706055
2021-11-30,4567.0,66.18000030517578,75.05490112304688,21.170000076293945
2021-12-01,4513.0400390625,65.56999969482422,75.0509033203125,19.450000762939453
2021-12-02,4577.10009765625,66.5,75.01789855957031,18.09000015258789
2021-12-03,4538.43017578125,66.26000213623047,74.9834976196289,18.450000762939453
2021-12-06,4591.669921875,69.48999786376953,75.23400115966797,20.079999923706055
2021-12-07,4686.75,72.05000305175781,75.39129638671875,18.459999084472656
2021-12-08,4701.2099609375,72.36000061035156,75.40859985351562,17.270000457763672
2021-12-09,4667.4501953125,70.94000244140625,75.38330078125,16.600000381469727
2021-12-10,4712.02001953125,71.66999816894531,75.59919738769531,16.059999465942383
2021-12-13,4668.97021484375,71.29000091552734,75.70999908447266,16.56999969482422
2021-12-14,4634.08984375,70.7300033569336,75.82689666748047,16.950000762939453
2021-12-15,4709.85009765625,70.87000274658203,76.04720306396484,17.219999313354492
2021-12-16,4668.669921875,72.37999725341797,76.2114028930664,15.899999618530273
2021-12-17,4620.64013671875,70.86000061035156,76.1675033569336,16.34000015258789
2021-12-20,4568.02001953125,68.2300033569336,76.00599670410156,18.969999313354492
2021-12-21,4649.22998046875,71.12000274658203,75.75869750976562,17.540000915527344
2021-12-22,4696.56005859375,72.76000213623047,75.6864013671875,16.579999923706055
2021-12-23,4725.7900390625,73.79000091552734,75.45850372314453,15.829999923706055
2021-12-24,,,75.06739807128906,16.149999618530273
2021-12-27,4791.18994140625,75.56999969482422,75.31500244140625,17.1200008392334
2021-12-28,4786.35009765625,75.9800033569336,74.98030090332031,16.479999542236328
2021-12-29,4793.06005859375,76.55999755859375,74.74500274658203,16.239999771118164
2021-12-30,4778.72998046875,76.98999786376953,74.57029724121094,16.56999969482422
2021-12-31,4766.18017578125,75.20999908447266,74.43119812011719,16.219999313354492
2022-01-03,4796.56005859375,76.08000183105469,74.51380157470703,16.450000762939453
2022-01-04,4793.5400390625,76.98999786376953,74.4032974243164,16.1200008392334
2022-01-05,4700.580078125,77.8499984741211,74.53489685058594,17.229999542236328
2022-01-06,4696.0498046875,79.45999908447266,74.43009948730469,17.979999542236328
2022-01-07,4677.02978515625,78.9000015258789,74.41929626464844,17.600000381469727
2022-01-10,4670.2900390625,78.2300033569336,74.2699966430664,17.68000030517578
2022-01-11,4713.06982421875,81.22000122070312,74.05699920654297,17.760000228881836
2022-01-12,4726.35009765625,82.63999938964844,73.81529998779297,17.18000030517578
2022-01-13,4659.02978515625,82.12000274658203,73.79910278320312,16.700000762939453
2022-01-14,4662.85009765625,83.81999969482422,73.97229766845703,16.559999465942383
2022-01-17,,,74.37899780273438,16.770000457763672
2022-01-18,4577.10986328125,85.43000030517578,74.25509643554688,17.780000686645508
2022-01-19,4532.759765625,86.95999908447266,74.61969757080078,17.81999969482422
2022-01-20,4482.72998046875,86.9000015258789,74.44920349121094,17.790000915527344
2022-01-21,4397.93994140625,85.13999938964844,74.45220184326172,18.889999389648438
2022-01-24,4410.1298828125,83.30999755859375,74.41320037841797,22.829999923706055
2022-01-25,4356.4501953125,85.5999984741211,74.6447982788086,21.360000610351562
2022-01-26,4349.93017578125,87.3499984741211,74.77999877929688,
2022-01-27,4326.509765625,86.61000061035156,74.8949966430664,21.06999969482422
2022-01-28,4431.85009765625,86.81999969482422,75.20929718017578,20.700000762939453
2022-01-31,4515.5498046875,88.1500015258789,75.03900146484375,21.950000762939453
2022-02-01,4546.5400390625,88.19999694824219,74.55580139160156,19.979999542236328
2022-02-02,4589.3798828125,88.26000213623047,74.74549865722656,18.649999618530273
2022-02-03,4477.43994140625,90.2699966430664,74.82240295410156,19.15999984741211
2022-02-04,4500.52978515625,92.30999755859375,74.6438980102539,18.899999618530273
2022-02-07,4483.8701171875,91.31999969482422,74.64219665527344,20.440000534057617
2022-02-08,4521.5400390625,89.36000061035156,74.6583023071289,19.68000030517578
2022-02-09,4587.18017578125,89.66000366210938,74.69519805908203,18.559999465942383
2022-02-10,4504.080078125,89.87999725341797,74.80889892578125,17.709999084472656
2022-02-11,4418.64013671875,93.0999984741211,75.53839874267578,18.68000030517578
2022-02-14,4401.669921875,95.45999908447266,75.34100341796875,22.979999542236328
2022-02-15,4471.06982421875,92.06999969482422,75.6854019165039,20.610000610351562
2022-02-16,4475.009765625,93.66000366210938,75.17479705810547,20.59000015258789
2022-02-17,4380.259765625,91.76000213623047,75.04199981689453,22.010000228881836
2022-02-18,4348.8701171875,91.06999969482422,75.06300354003906,22.170000076293945
2022-02-21,,,74.68240356445312,22.899999618530273
2022-02-22,4304.759765625,92.3499984741211,74.51699829101562,26.65999984741211
2022-02-23,4225.5,92.0999984741211,74.62300109863281,24.540000915527344
2022-02-24,4288.7001953125,92.80999755859375,74.63300323486328,31.979999542236328
2022-02-25,4384.64990234375,91.58999633789062,75.4083023071289,26.739999771118164
2022-02-28,4373.93994140625,95.72000122070312,75.06800079345703,28.56999969482422
2022-03-01,4306.259765625,103.41000366210938,75.28479766845703,
2022-03-02,4386.5400390625,110.5999984741211,75.80120086669922,29.229999542236328
2022-03-03,4363.490234375,107.66999816894531,75.63099670410156,28.15999984741211
2022-03-04,4328.8701171875,115.68000030517578,75.8917007446289,27.959999084472656
2022-03-07,4201.08984375,119.4000015258789,76.41799926757812,29.329999923706055
2022-03-08,4170.7001953125,123.69999694824219,77.08080291748047,28.59000015258789
2022-03-09,4277.8798828125,108.69999694824219,76.91449737548828,27.469999313354492
2022-03-10,4259.52001953125,106.0199966430664,76.13490295410156,25.579999923706055
2022-03-11,4204.31005859375,109.33000183105469,76.310302734375,25.350000381469727
2022-03-14,4173.10986328125,103.01000213623047,76.75370025634766,25.68000030517578
2022-03-15,4262.4501953125,96.44000244140625,76.49009704589844,26.729999542236328
2022-03-16,4357.85986328125,95.04000091552734,76.26589965820312,24.1200008392334
2022-03-17,4411.669921875,102.9800033569336,76.02420043945312,22.610000610351562
2022-03-18,4463.1201171875,104.69999694824219,75.98159790039062,
2022-03-21,4461.18017578125,112.12000274658203,75.94640350341797,24.6200008392334
2022-03-22,4511.60986328125,111.76000213623047,76.30709838867188,24.06999969482422
2022-03-23,4456.240234375,114.93000030517578,76.10189819335938,24.75
2022-03-24,4520.16015625,112.33999633789062,76.55239868164062,23.93000030517578
2022-03-25,4543.06005859375,113.9000015258789,76.32350158691406,23.43000030517578
2022-03-28,4575.52001953125,105.95999908447266,76.27850341796875,22.610000610351562
2022-03-29,4631.60009765625,104.23999786376953,76.03410339355469,21.299999237060547
2022-03-30,4602.4501953125,107.81999969482422,75.66670227050781,20.610000610351562
2022-03-31,4530.41015625,100.27999877929688,75.82779693603516,20.559999465942383
2022-04-01,4545.85986328125,99.2699966430664,75.9092025756836,18.43000030517578
2022-04-04,4582.64013671875,103.27999877929688,75.99479675292969,17.90999984741211
2022-04-05,4525.1201171875,101.95999908447266,75.47799682617188,18.489999771118164
2022-04-06,4481.14990234375,96.2300033569336,75.45069885253906,19.020000457763672
2022-04-07,4500.2099609375,96.02999877929688,75.94509887695312,19.0
2022-04-08,4488.27978515625,98.26000213623047,75.91320037841797,17.690000534057617
2022-04-11,4412.52978515625,94.29000091552734,75.91729736328125,18.270000457763672
2022-04-12,4397.4501953125,100.5999984741211,75.83699798583984,18.15999984741211
2022-04-13,4446.58984375,104.25,76.1498031616211,17.790000915527344
2022-04-14,4392.58984375,106.94999694824219,76.12169647216797,
2022-04-15,,,76.30879974365234,
2022-04-18,4391.68994140625,108.20999908447266,76.3313980102539,19.34000015258789
2022-04-19,4462.2099609375,102.55999755859375,76.28019714355469,19.770000457763672
2022-04-20,4459.4501953125,102.75,76.44539642333984,18.670000076293945
2022-04-21,4393.66015625,103.79000091552734,76.27619934082031,17.850000381469727
2022-04-22,4271.77978515625,102.06999969482422,76.28520202636719,18.350000381469727
2022-04-25,4296.1201171875,98.54000091552734,76.4635009765625,21.260000228881836
2022-04-26,4175.2001953125,101.69999694824219,76.52780151367188,19.190000534057617
2022-04-27,4183.9599609375,102.0199966430664,76.79409790039062,20.610000610351562
2022-04-28,4287.5,105.36000061035156,76.47219848632812,19.3799991607666
2022-04-29,4131.93017578125,104.69000244140625,76.58899688720703,19.420000076293945
2022-05-02,4155.3798828125,105.16999816894531,76.52310180664062,20.280000686645508
2022-05-03,4175.47998046875,102.41000366210938,76.52410125732422,
2022-05-04,4300.169921875,107.80999755859375,76.46730041503906,21.8799991607666
2022-05-05,4146.8701171875,108.26000213623047,76.00160217285156,20.290000915527344
2022-05-06,4123.33984375,109.7699966430664,76.54180145263672,21.25
2022-05-09,3991.239990234375,103.08999633789062,76.9574966430664,22.030000686645508
2022-05-10,4001.050048828125,99.76000213623047,77.3655014038086,22.299999237060547
2022-05-11,3935.179931640625,105.70999908447266,77.27140045166016,22.799999237060547
2022-05-12,3930.080078125,106.12999725341797,77.41840362548828,24.270000457763672
2022-05-13,4023.889892578125,110.48999786376953,77.44380187988281,23.489999771118164
2022-05-16,4008.010009765625,114.19999694824219,77.48629760742188,24.530000686645508
2022-05-17,4088.85009765625,112.4000015258789,77.8053970336914,22.739999771118164
2022-05-18,3923.679931640625,109.58999633789062,77.37239837646484,22.299999237060547
2022-05-19,3900.7900390625,112.20999908447266,77.81999969482422,24.559999465942383
2022-05-20,3901.360107421875,113.2300033569336,77.42109680175781,23.100000381469727
2022-05-23,3973.75,110.29000091552734,77.81839752197266,23.399999618530273
2022-05-24,3941.47998046875,109.7699966430664,77.52680206298828,25.639999389648438
2022-05-25,3978.72998046875,110.33000183105469,77.47879791259766,25.280000686645508
2022-05-26,4057.840087890625,114.08999633789062,77.49729919433594,22.719999313354492
2022-05-27,4158.240234375,115.06999969482422,77.63020324707031,21.479999542236328
2022-05-30,,,77.69200134277344,19.979999542236328
2022-05-31,4132.14990234375,114.66999816894531,77.5208969116211,20.479999542236328
2022-06-01,4101.22998046875,115.26000213623047,77.5989990234375,20.850000381469727
2022-06-02,4176.81982421875,116.87000274658203,77.58409881591797,20.31999969482422
2022-06-03,4108.5400390625,118.87000274658203,77.3604965209961,19.979999542236328
2022-06-06,4121.43017578125,118.5,77.69419860839844,20.200000762939453
2022-06-07,4160.68017578125,119.41000366210938,77.82099914550781,20.43000030517578
2022-06-08,4115.77001953125,122.11000061035156,77.67060089111328,19.84000015258789
2022-06-09,4017.820068359375,121.51000213623047,77.72429656982422,19.139999389648438
2022-06-10,3900.860107421875,120.66999816894531,77.8187026977539,19.579999923706055
2022-06-13,3749.6298828125,120.93000030517578,78.17759704589844,22.3700008392334
2022-06-14,3735.47998046875,118.93000030517578,78.16059875488281,21.889999389648438
2022-06-15,3789.989990234375,115.30999755859375,77.9854965209961,22.149999618530273
2022-06-16,3666.77001953125,117.58999633789062,77.90019989013672,22.8700008392334
2022-06-17,3674.840087890625,109.55999755859375,77.97769927978516,22.760000228881836
2022-06-20,,,77.9614028930664,22.40999984741211
2022-06-21,3764.7900390625,110.6500015258789,77.93399810791016,21.139999389648438
2022-06-22,3759.889892578125,106.19000244140625,78.13490295410156,21.299999237060547
2022-06-23,3795.72998046875,104.2699966430664,78.19309997558594,20.8799991607666
2022-06-24,3911.739990234375,107.62000274658203,78.14240264892578,20.549999237060547
2022-06-27,3900.110107421875,109.56999969482422,78.2522964477539,21.010000228881836
2022-06-28,3821.550048828125,111.76000213623047,78.44110107421875,21.450000762939453
2022-06-29,3818.830078125,109.77999877929688,79.07319641113281,21.899999618530273
2022-06-30,3785.3798828125,105.76000213623047,78.89830017089844,21.84000015258789
2022-07-01,3825.330078125,108.43000030517578,78.96299743652344,21.25
2022-07-04,,,78.95069885253906,20.969999313354492
2022-07-05,3831.389892578125,99.5,78.93949890136719,20.790000915527344
2022-07-06,3845.080078125,98.52999877929688,79.36840057373047,20.270000457763672
2022-07-07,3902.6201171875,102.7300033569336,79.04389953613281,19.200000762939453
2022-07-08,3899.3798828125,104.79000091552734,79.22160339355469,18.399999618530273
2022-07-11,3854.429931640625,104.08999633789062,79.3313980102539,18.3700008392334
2022-07-12,3818.800048828125,95.83999633789062,79.47779846191406,18.549999237060547
2022-07-13,3801.780029296875,96.30000305175781,79.47640228271484,18.520000457763672
2022-07-14,3790.3798828125,95.77999877929688,79.80750274658203,18.34000015258789
2022-07-15,3863.159912109375,97.58999633789062,79.87830352783203,17.600000381469727
2022-07-18,3830.85009765625,102.5999984741211,79.72049713134766,17.15999984741211
2022-07-19,3936.68994140625,104.22000122070312,80.0302963256836,17.200000762939453
2022-07-20,3959.89990234375,102.26000213623047,79.85590362548828,16.81999969482422
2022-07-21,3998.949951171875,96.3499984741211,80.00340270996094,16.860000610351562
2022-07-22,3961.6298828125,94.69999694824219,79.7759017944336,16.649999618530273
2022-07-25,3966.840087890625,96.69999694824219,79.87680053710938,17.68000030517578
2022-07-26,3921.050048828125,94.9800033569336,79.72250366210938,18.170000076293945
2022-07-27,4023.610107421875,97.26000213623047,79.84120178222656,18.1299991607666
2022-07-28,4072.429931640625,96.41999816894531,79.84739685058594,17.010000228881836
2022-07-29,4130.2900390625,98.62000274658203,79.57150268554688,16.549999237060547
2022-08-01,4118.6298828125,93.88999938964844,79.1948013305664,17.489999771118164
2022-08-02,4091.18994140625,94.41999816894531,78.95570373535156,18.530000686645508
2022-08-03,4155.169921875,90.66000366210938,78.60449981689453,18.450000762939453
2022-08-04,4151.93994140625,88.54000091552734,79.11830139160156,19.260000228881836
2022-08-05,4145.18994140625,89.01000213623047,79.15489959716797,18.920000076293945
2022-08-08,4140.06005859375,90.76000213623047,79.41059875488281,19.299999237060547
2022-08-09,4122.47021484375,90.5,79.60189819335938,
2022-08-10,4210.240234375,91.93000030517578,79.57839965820312,19.59000015258789
2022-08-11,4207.27001953125,94.33999633789062,79.0978012084961,18.360000610351562
2022-08-12,4280.14990234375,92.08999633789062,79.61399841308594,17.610000610351562
2022-08-15,4297.14013671875,89.41000366210938,79.62760162353516,
2022-08-16,4305.2001953125,86.52999877929688,79.55290222167969,17.68000030517578
2022-08-17,4274.0400390625,88.11000061035156,79.14600372314453,17.68000030517578
2022-08-18,4283.740234375,90.5,79.35970306396484,17.350000381469727
2022-08-19,4228.47998046875,90.7699966430664,79.7667007446289,18.290000915527344
2022-08-22,4137.990234375,90.2300033569336,79.91790008544922,19.040000915527344
2022-08-23,4128.72998046875,93.73999786376953,79.88379669189453,19.049999237060547
2022-08-24,4140.77001953125,94.88999938964844,79.85449981689453,18.43000030517578
2022-08-25,4199.1201171875,92.5199966430664,79.79679870605469,19.56999969482422
2022-08-26,4057.659912109375,93.05999755859375,79.88289642333984,18.219999313354492
2022-08-29,4030.610107421875,97.01000213623047,79.95909881591797,19.81999969482422
2022-08-30,3986.159912109375,91.63999938964844,79.96790313720703,18.700000762939453
2022-08-31,3955.0,89.55000305175781,79.68229675292969,
2022-09-01,3966.85009765625,86.61000061035156,79.54879760742188,19.8700008392334
2022-09-02,3924.260009765625,86.87000274658203,79.716796875,19.549999237060547
2022-09-05,,,79.72450256347656,19.65999984741211
2022-09-06,3908.18994140625,86.87999725341797,79.78299713134766,19.520000457763672
2022-09-07,3979.8701171875,81.94000244140625,79.89510345458984,19.3700008392334
2022-09-08,4006.179931640625,83.54000091552734,79.6498031616211,18.309999465942383
2022-09-09,4067.360107421875,86.79000091552734,79.706298828125,17.719999313354492
2022-09-12,4110.41015625,87.77999877929688,79.65579986572266,17.940000534057617
2022-09-13,3932.68994140625,87.30999755859375,79.35530090332031,17.469999313354492
2022-09-14,3946.010009765625,88.4800033569336,79.60240173339844,18.280000686645508
2022-09-15,3901.35009765625,85.0999984741211,79.45369720458984,18.389999389648438
2022-09-16,3873.330078125,85.11000061035156,79.8490982055664,19.81999969482422
2022-09-19,3899.889892578125,85.7300033569336,79.68949890136719,19.940000534057617
2022-09-20,3855.929931640625,84.44999694824219,79.7074966430664,18.799999237060547
2022-09-21,3789.929931640625,82.94000244140625,79.76270294189453,19.329999923706055
2022-09-22,3757.989990234375,83.48999786376953,80.05069732666016,18.81999969482422
2022-09-23,3693.22998046875,78.73999786376953,81.06220245361328,20.59000015258789
2022-09-26,3655.0400390625,76.70999908447266,81.25479888916016,21.889999389648438
2022-09-27,3647.2900390625,78.5,81.61579895019531,21.56999969482422
2022-09-28,3719.0400390625,82.1500015258789,81.72460174560547,22.100000381469727
2022-09-29,3640.469970703125,81.2300033569336,81.42870330810547,21.299999237060547
2022-09-30,3585.6201171875,79.48999786376953,81.48059844970703,19.969999313354492
2022-10-03,3678.429931640625,83.62999725341797,81.52130126953125,21.3700008392334
2022-10-04,3790.929931640625,86.5199966430664,81.49500274658203,19.56999969482422
2022-10-05,3783.280029296875,87.76000213623047,81.46549987792969,
2022-10-06,3744.52001953125,88.44999694824219,81.6488037109375,19.31999969482422
2022-10-07,3639.659912109375,92.63999938964844,82.3489990234375,18.809999465942383
2022-10-10,3612.389892578125,91.12999725341797,82.8322982788086,19.6200008392334
2022-10-11,3588.840087890625,89.3499984741211,82.42070007324219,20.489999771118164
2022-10-12,3577.030029296875,87.2699966430664,82.2739028930664,20.18000030517578
2022-10-13,3669.909912109375,89.11000061035156,82.19999694824219,20.290000915527344
2022-10-14,3583.070068359375,85.61000061035156,82.19210052490234,18.260000228881836
2022-10-17,3677.949951171875,85.45999908447266,82.41280364990234,18.420000076293945
2022-10-18,3719.97998046875,82.81999969482422,82.1947021484375,17.450000762939453
2022-10-19,3695.159912109375,85.55000305175781,82.2863998413086,17.489999771118164
2022-10-20,3665.780029296875,85.9800033569336,82.99700164794922,17.229999542236328
2022-10-21,3752.75,85.05000305175781,82.82569885253906,17.280000686645508
2022-10-24,3797.340087890625,84.58000183105469,82.54129791259766,17.420000076293945
2022-10-25,3859.110107421875,85.31999969482422,82.7614974975586,16.8799991607666
2022-10-26,3830.60009765625,87.91000366210938,82.44529724121094,
2022-10-27,3807.300048828125,89.08000183105469,82.04959869384766,16.600000381469727
2022-10-28,3901.06005859375,87.9000015258789,82.44249725341797,15.920000076293945
2022-10-31,3871.97998046875,86.52999877929688,82.23919677734375,15.800000190734863
2022-11-01,3856.10009765625,88.37000274658203,82.72899627685547,16.1299991607666
2022-11-02,3759.68994140625,90.0,82.68450164794922,16.65999984741211
2022-11-03,3719.889892578125,88.16999816894531,82.88839721679688,15.9399995803833
2022-11-04,3770.550048828125,92.61000061035156,82.68180084228516,15.65999984741211
2022-11-07,3806.800048828125,91.79000091552734,81.9749984741211,15.59000015258789
2022-11-08,3828.110107421875,88.91000366210938,81.82599639892578,
2022-11-09,3748.570068359375,85.83000183105469,81.40519714355469,15.920000076293945
2022-11-10,3956.3701171875,86.47000122070312,81.34380340576172,15.569999694824219
2022-11-11,3992.929931640625,88.95999908447266,80.48290252685547,14.40999984741211
2022-11-14,3957.25,85.87000274658203,80.49700164794922,14.90999984741211
2022-11-15,3991.72998046875,86.91999816894531,80.99199676513672,14.640000343322754
2022-11-16,3958.7900390625,85.58999633789062,81.07140350341797,15.100000381469727
2022-11-17,3946.56005859375,81.63999938964844,81.49530029296875,14.880000114440918
2022-11-18,3965.340087890625,80.08000183105469,81.52490234375,14.390000343322754
2022-11-21,3949.93994140625,79.7300033569336,81.5198974609375,14.800000190734863
2022-11-22,4003.580078125,80.94999694824219,81.72769927978516,13.84000015258789
2022-11-23,4027.260009765625,77.94000244140625,81.71499633789062,14.039999961853027
2022-11-24,,,81.63289642333984,13.479999542236328
2022-11-25,4026.1201171875,76.27999877929688,81.65540313720703,13.329999923706055
2022-11-28,3963.93994140625,77.23999786376953,81.6697006225586,13.569999694824219
2022-11-29,3957.6298828125,78.19999694824219,81.65029907226562,13.619999885559082
2022-11-30,4080.110107421875,80.55000305175781,81.63089752197266,13.8100004196167
2022-12-01,4076.570068359375,81.22000122070312,81.3052978515625,13.359999656677246
2022-12-02,4071.699951171875,79.9800033569336,81.16220092773438,13.449999809265137
2022-12-05,3998.840087890625,76.93000030517578,81.42250061035156,13.729999542236328
2022-12-06,3941.260009765625,74.25,81.89900207519531,14.039999961853027
2022-12-07,3933.919921875,72.01000213623047,82.37220001220703,14.079999923706055
2022-12-08,3963.510009765625,71.45999908447266,82.25350189208984,13.399999618530273
2022-12-09,3934.3798828125,71.0199966430664,82.2791976928711,13.479999542236328
2022-12-12,3990.56005859375,73.16999816894531,82.41300201416016,13.319999694824219
2022-12-13,4019.64990234375,75.38999938964844,82.64469909667969,12.880000114440918
2022-12-14,3995.320068359375,77.27999877929688,82.40249633789062,12.890000343322754
2022-12-15,3895.75,76.11000061035156,82.50800323486328,13.729999542236328
2022-12-16,3852.360107421875,74.29000091552734,82.85790252685547,14.069999694824219
2022-12-19,3817.659912109375,75.19000244140625,82.72599792480469,13.550000190734863
2022-12-20,3821.6201171875,76.08999633789062,82.58190155029297,13.779999732971191
2022-12-21,3878.43994140625,78.29000091552734,82.63690185546875,15.5600004196167
2022-12-22,3822.389892578125,77.48999786376953,82.87860107421875,15.1899995803833
2022-12-23,3844.820068359375,79.55999755859375,82.8749008178711,16.15999984741211
2022-12-26,,,82.6041030883789,
2022-12-27,3829.25,79.52999877929688,82.90290069580078,15.289999961853027
2022-12-28,3783.219970703125,78.95999908447266,82.7761001586914,15.399999618530273
2022-12-29,3849.280029296875,78.4000015258789,82.85199737548828,14.8100004196167
2022-12-30,3839.5,80.26000213623047,82.83509826660156,14.869999885559082
2023-01-02,,,82.74980163574219,14.6899995803833
2023-01-03,3824.139892578125,76.93000030517578,82.70600128173828,14.390000343322754
2023-01-04,3852.969970703125,72.83999633789062,82.78569793701172,15.199999809265137
2023-01-05,3808.10009765625,73.66999816894531,82.66649627685547,14.979999542236328
2023-01-06,3895.080078125,73.7699966430664,82.64520263671875,15.029999732971191
2023-01-09,3892.090087890625,74.62999725341797,82.27339935302734,14.649999618530273
2023-01-10,3919.25,75.12000274658203,82.18009948730469,15.510000228881836
2023-01-11,3969.610107421875,77.41000366210938,81.63739776611328,15.4399995803833
2023-01-12,3983.169921875,78.38999938964844,81.63179779052734,15.279999732971191
2023-01-13,3999.090087890625,79.86000061035156,81.1156005859375,14.460000038146973
2023-01-16,,,81.27799987792969,15.020000457763672
2023-01-17,3990.969970703125,80.18000030517578,81.65260314941406,14.59000015258789
2023-01-18,3928.860107421875,79.4800033569336,81.52549743652344,14.369999885559082
2023-01-19,3898.85009765625,80.33000183105469,81.43599700927734,13.960000038146973
2023-01-20,3972.610107421875,81.30999755859375,81.23979949951172,13.789999961853027
2023-01-23,4019.81005859375,81.62000274658203,80.97599792480469,13.619999885559082
2023-01-24,4016.949951171875,80.12999725341797,81.48799896240234,13.65999984741211
2023-01-25,4016.219970703125,80.1500015258789,81.60189819335938,14.65999984741211
2023-01-26,4060.429931640625,81.01000213623047,81.50270080566406,
2023-01-27,4070.56005859375,79.68000030517578,81.44509887695312,17.31999969482422
2023-01-30,4017.77001953125,77.9000015258789,81.50800323486328,17.709999084472656
2023-01-31,4076.60009765625,78.87000274658203,81.57990264892578,16.8799991607666
2023-02-01,4119.2099609375,76.41000366210938,81.76840209960938,16.780000686645508
2023-02-02,4179.759765625,75.87999725341797,81.71029663085938,15.729999542236328
2023-02-03,4136.47998046875,73.38999938964844,82.0458984375,14.399999618530273
2023-02-06,4111.080078125,74.11000061035156,82.22599792480469,14.6899995803833
2023-02-07,4164.0,77.13999938964844,82.75499725341797,14.130000114440918
2023-02-08,4117.85986328125,78.47000122070312,82.74189758300781,13.600000381469727
2023-02-09,4081.5,78.05999755859375,82.65950012207031,13.039999961853027
2023-02-10,4090.4599609375,79.72000122070312,82.533203125,12.75
2023-02-13,4137.2900390625,80.13999938964844,82.51300048828125,13.680000305175781
2023-02-14,4136.1298828125,79.05999755859375,82.59739685058594,13.449999809265137
2023-02-15,4147.60009765625,78.58999633789062,82.86759948730469,12.859999656677246
2023-02-16,4090.409912109375,78.48999786376953,82.73770141601562,12.890000343322754
2023-02-17,4079.090087890625,76.33999633789062,82.69529724121094,13.09000015258789
2023-02-20,,,82.75800323486328,13.380000114440918
2023-02-21,3997.340087890625,76.16000366210938,82.69750213623047,14.010000228881836
2023-02-22,3991.050048828125,73.94999694824219,82.86119842529297,15.59000015258789
2023-02-23,4012.320068359375,75.38999938964844,82.83529663085938,15.079999923706055
2023-02-24,3970.0400390625,76.31999969482422,82.6178970336914,14.1899995803833
2023-02-27,3982.239990234375,75.68000030517578,82.91799926757812,13.880000114440918
2023-02-28,3970.14990234375,77.05000305175781,82.6520004272461,14.020000457763672
2023-03-01,3951.389892578125,77.69000244140625,82.6353988647461,13.0
2023-03-02,3981.35009765625,78.16000366210938,82.4198989868164,12.970000267028809
2023-03-03,4045.639892578125,79.68000030517578,82.35569763183594,12.180000305175781
2023-03-06,4048.419921875,80.45999908447266,81.7125015258789,12.270000457763672
2023-03-07,3986.3701171875,77.58000183105469,81.85440063476562,
2023-03-08,3992.010009765625,76.66000366210938,82.07460021972656,12.449999809265137
2023-03-09,3918.320068359375,75.72000122070312,81.9645004272461,12.729999542236328
2023-03-10,3861.590087890625,76.68000030517578,82.01840209960938,13.40999984741211
2023-03-13,3855.760009765625,74.80000305175781,81.95800018310547,16.219999313354492
2023-03-14,3919.2900390625,71.33000183105469,82.41739654541016,16.219999313354492
2023-03-15,3891.929931640625,67.61000061035156,82.30490112304688,16.299999237060547
2023-03-16,3960.280029296875,68.3499984741211,82.7156982421875,16.219999313354492
2023-03-17,3916.639892578125,66.73999786376953,82.622802734375,14.770000457763672
2023-03-20,3951.570068359375,67.63999938964844,82.53299713134766,16.010000228881836
2023-03-21,4002.8701171875,69.33000183105469,82.52909851074219,15.079999923706055
2023-03-22,3936.969970703125,70.9000015258789,82.677001953125,14.8100004196167
2023-03-23,3948.719970703125,69.95999908447266,82.52580261230469,14.489999771118164
2023-03-24,3970.989990234375,69.26000213623047,82.26529693603516,15.239999771118164
2023-03-27,3977.530029296875,72.80999755859375,82.33879852294922,15.449999809265137
2023-03-28,3971.27001953125,73.19999694824219,82.21489715576172,15.100000381469727
2023-03-29,4027.81005859375,72.97000122070312,82.16429901123047,13.630000114440918
2023-03-30,4050.830078125,74.37000274658203,82.25540161132812,
2023-03-31,4109.31005859375,75.66999816894531,82.10050201416016,12.9399995803833
2023-04-03,4124.509765625,80.41999816894531,82.18479919433594,12.59000015258789
2023-04-04,4100.60009765625,80.70999908447266,82.14089965820312,
2023-04-05,4090.3798828125,80.61000061035156,82.11479949951172,12.40999984741211
2023-04-06,4105.02001953125,80.69999694824219,81.94999694824219,11.800000190734863
2023-04-07,,,81.831298828125,
2023-04-10,4109.10986328125,79.73999786376953,81.88480377197266,12.270000457763672
2023-04-11,4108.93994140625,81.52999877929688,81.98390197753906,11.979999542236328
2023-04-12,4091.949951171875,83.26000213623047,82.07009887695312,12.270000457763672
2023-04-13,4146.22021484375,82.16000366210938,81.96060180664062,11.90999984741211
2023-04-14,4137.64013671875,82.5199966430664,81.68070220947266,
2023-04-17,4151.31982421875,80.83000183105469,81.84480285644531,12.270000457763672
2023-04-18,4154.8701171875,80.86000061035156,82.00370025634766,12.079999923706055
2023-04-19,4154.52001953125,79.16000366210938,82.10790252685547,12.149999618530273
2023-04-20,4129.7900390625,77.29000091552734,82.34010314941406,11.9399995803833
2023-04-21,4133.52001953125,77.87000274658203,82.14089965820312,11.630000114440918
2023-04-24,4137.0400390625,78.76000213623047,82.05480194091797,11.670000076293945
2023-04-25,4071.6298828125,77.06999969482422,81.85230255126953,11.520000457763672
2023-04-26,4055.989990234375,74.30000305175781,81.9916000366211,11.649999618530273
2023-04-27,4135.35009765625,74.76000213623047,81.76689910888672,11.430000305175781
2023-04-28,4169.47998046875,76.77999877929688,81.76509857177734,10.949999809265137
2023-05-01,4167.8701171875,75.66000366210938,81.74479675292969,
2023-05-02,4119.580078125,71.66000366210938,81.77469635009766,11.899999618530273
2023-05-03,4090.75,68.5999984741211,81.77870178222656,11.84000015258789
2023-05-04,4061.219970703125,68.55999755859375,81.77999877929688,11.729999542236328
2023-05-05,4136.25,71.33999633789062,81.71610260009766,12.300000190734863
2023-05-08,4138.1201171875,73.16000366210938,81.72979736328125,12.640000343322754
2023-05-09,4119.169921875,73.70999908447266,81.78710174560547,12.680000305175781
2023-05-10,4137.64013671875,72.55999755859375,82.1050033569336,13.079999923706055
2023-05-11,4130.6201171875,70.87000274658203,81.9198989868164,13.220000267028809
2023-05-12,4124.080078125,70.04000091552734,82.10030364990234,12.850000381469727
2023-05-15,4136.27978515625,71.11000061035156,82.20030212402344,13.170000076293945
2023-05-16,4109.89990234375,70.86000061035156,82.2667007446289,13.289999961853027
2023-05-17,4158.77001953125,72.83000183105469,82.2959976196289,13.109999656677246
2023-05-18,4198.0498046875,71.86000061035156,82.45030212402344,12.800000190734863
2023-05-19,4191.97998046875,71.55000305175781,82.72509765625,12.300000190734863
2023-05-22,4192.6298828125,71.98999786376953,82.90480041503906,12.569999694824219
2023-05-23,4145.580078125,72.91000366210938,82.82499694824219,12.609999656677246
2023-05-24,4115.240234375,74.33999633789062,82.8906021118164,13.109999656677246
2023-05-25,4151.27978515625,71.83000183105469,82.71369934082031,12.520000457763672
2023-05-26,4205.4501953125,72.66999816894531,82.74210357666016,11.899999618530273
2023-05-29,,,82.57479858398438,12.300000190734863
2023-05-30,4205.52001953125,69.45999908447266,82.57969665527344,12.010000228881836
2023-05-31,4179.830078125,68.08999633789062,82.68389892578125,11.970000267028809
2023-06-01,4221.02001953125,70.0999984741211,82.66680145263672,11.600000381469727
2023-06-02,4282.3701171875,71.73999786376953,82.27670288085938,11.130000114440918
2023-06-05,4273.7900390625,72.1500015258789,82.40979766845703,11.140000343322754
2023-06-06,4283.85009765625,71.73999786376953,82.51119995117188,11.380000114440918
2023-06-07,4267.52001953125,72.52999877929688,82.51719665527344,11.4399995803833
2023-06-08,4293.93017578125,71.29000091552734,82.61810302734375,11.260000228881836
2023-06-09,4298.85986328125,70.16999816894531,82.48829650878906,11.119999885559082
2023-06-12,4338.93017578125,67.12000274658203,82.4448013305664,11.25
2023-06-13,4369.009765625,69.41999816894531,82.33719635009766,11.109999656677246
2023-06-14,4372.58984375,68.2699966430664,82.29039764404297,11.15999984741211
2023-06-15,4425.83984375,70.62000274658203,82.04499816894531,11.079999923706055
2023-06-16,4409.58984375,71.77999877929688,81.9126968383789,10.84000015258789
2023-06-19,,,81.91480255126953,11.229999542236328
2023-06-20,4388.7099609375,70.5,81.98139953613281,11.130000114440918
2023-06-21,4365.68994140625,72.52999877929688,81.9917984008789,11.289999961853027
2023-06-22,4381.89013671875,69.51000213623047,81.94149780273438,11.550000190734863
2023-06-23,4348.330078125,69.16000366210938,81.91929626464844,11.239999771118164
2023-06-26,4328.81982421875,69.37000274658203,81.98480224609375,11.399999618530273
2023-06-27,4378.41015625,67.69999694824219,82.00650024414062,10.779999732971191
2023-06-28,4376.85986328125,69.55999755859375,81.99839782714844,10.890000343322754
2023-06-29,4396.43994140625,69.86000061035156,82.02649688720703,
2023-06-30,4450.3798828125,70.63999938964844,82.07540130615234,10.800000190734863
2023-07-03,4455.58984375,69.79000091552734,82.09629821777344,11.539999961853027
2023-07-04,,,81.95010375976562,11.699999809265137
2023-07-05,4446.81982421875,71.79000091552734,82.0071029663086,11.880000114440918
2023-07-06,4411.58984375,71.80000305175781,82.39409637451172,11.84000015258789
2023-07-07,4398.9501953125,73.86000061035156,82.76840209960938,11.529999732971191
2023-07-10,4409.52978515625,72.98999786376953,82.61530303955078,11.460000038146973
2023-07-11,4439.259765625,74.83000183105469,82.52529907226562,11.010000228881836
2023-07-12,4472.16015625,75.75,82.39990234375,10.9399995803833
2023-07-13,4510.0400390625,76.88999938964844,82.00180053710938,10.9399995803833
2023-07-14,4505.419921875,75.41999816894531,82.03079986572266,10.680000305175781
2023-07-17,4522.7900390625,74.1500015258789,82.07679748535156,11.319999694824219
2023-07-18,4554.97998046875,75.75,82.06159973144531,11.710000038146973
2023-07-19,4565.72021484375,75.3499984741211,82.07540130615234,11.600000381469727
2023-07-20,4534.8701171875,75.62999725341797,82.06169891357422,11.789999961853027
2023-07-21,4536.33984375,77.06999969482422,82.0823974609375,11.489999771118164
2023-07-24,4554.64013671875,78.73999786376953,81.99030303955078,11.649999618530273
2023-07-25,4567.4599609375,79.62999725341797,81.81420135498047,10.239999771118164
2023-07-26,4566.75,78.77999877929688,81.95010375976562,10.460000038146973
2023-07-27,4537.41015625,80.08999633789062,81.97550201416016,10.510000228881836
2023-07-28,4582.22998046875,80.58000183105469,82.3749008178711,10.140000343322754
2023-07-31,4588.9599609375,81.80000305175781,82.25279998779297,10.40999984741211
2023-08-01,4576.72998046875,81.37000274658203,82.2332992553711,10.279999732971191
2023-08-02,4513.39013671875,79.48999786376953,82.30729675292969,11.279999732971191
2023-08-03,4501.89013671875,81.55000305175781,82.7332992553711,11.1899995803833
2023-08-04,4478.02978515625,82.81999969482422,82.7843017578125,10.569999694824219
2023-08-07,4518.43994140625,81.94000244140625,82.69529724121094,11.100000381469727
2023-08-08,4499.3798828125,82.91999816894531,82.74829864501953,11.329999923706055
2023-08-09,4467.7099609375,84.4000015258789,82.84500122070312,11.140000343322754
2023-08-10,4468.830078125,82.81999969482422,82.86630249023438,11.399999618530273
2023-08-11,4464.0498046875,83.19000244140625,82.79989624023438,11.520000457763672
2023-08-14,4489.72021484375,82.51000213623047,82.89730072021484,12.0
2023-08-15,4437.85986328125,80.98999786376953,83.2333984375,
2023-08-16,4404.330078125,79.37999725341797,83.19419860839844,12.130000114440918
2023-08-17,4370.35986328125,80.38999938964844,83.23699951171875,12.239999771118164
2023-08-18,4369.7099609375,81.25,83.09829711914062,12.140000343322754
2023-08-21,4399.77001953125,80.72000122070312,83.16729736328125,11.960000038146973
2023-08-22,4387.5498046875,80.3499984741211,83.1135025024414,11.75
2023-08-23,4436.009765625,78.88999938964844,83.07330322265625,11.729999542236328
2023-08-24,4376.31005859375,79.05000305175781,82.5447006225586,11.699999809265137
2023-08-25,4405.7099609375,79.83000183105469,82.64140319824219,12.079999923706055
2023-08-28,4433.31005859375,80.0999984741211,82.66429901123047,12.399999618530273
2023-08-29,4497.6298828125,81.16000366210938,82.69149780273438,12.229999542236328
2023-08-30,4514.8701171875,81.62999725341797,82.49469757080078,11.800000190734863
2023-08-31,4507.66015625,83.62999725341797,82.70040130615234,12.0600004196167
2023-09-01,4515.77001953125,85.55000305175781,82.68240356445312,11.369999885559082
2023-09-04,,,82.6969985961914,10.960000038146973
2023-09-05,4496.830078125,86.69000244140625,82.7345962524414,10.819999694824219
2023-09-06,4465.47998046875,87.54000091552734,83.08609771728516,10.680000305175781
2023-09-07,4451.14013671875,86.87000274658203,83.25740051269531,10.869999885559082
2023-09-08,4457.490234375,87.51000213623047,83.24150085449219,10.779999732971191
2023-09-11,4487.4599609375,87.29000091552734,83.03130340576172,11.350000381469727
2023-09-12,4461.89990234375,88.83999633789062,82.94329833984375,11.6899995803833
2023-09-13,4467.43994140625,88.5199966430664,82.84300231933594,11.829999923706055
2023-09-14,4505.10009765625,90.16000366210938,82.93679809570312,11.319999694824219
2023-09-15,4450.31982421875,90.7699966430664,83.0282974243164,10.899999618530273
2023-09-18,4453.52978515625,91.4800033569336,83.08580017089844,10.84000015258789
2023-09-19,4443.9501953125,91.19999694824219,83.25489807128906,
2023-09-20,4402.2001953125,90.27999877929688,83.19499969482422,11.130000114440918
2023-09-21,4330.0,89.62999725341797,83.08699798583984,10.819999694824219
2023-09-22,4320.06005859375,90.02999877929688,82.89129638671875,10.65999984741211
2023-09-25,4337.43994140625,89.68000030517578,82.97480010986328,10.899999618530273
2023-09-26,4273.52978515625,90.38999938964844,83.0282974243164,11.1899995803833
2023-09-27,4274.509765625,93.68000030517578,83.29869842529297,11.59000015258789
2023-09-28,4299.7001953125,91.70999908447266,83.22270202636719,12.819999694824219
2023-09-29,4288.0498046875,90.79000091552734,83.19300079345703,11.449999809265137
2023-10-02,4288.39013671875,88.81999969482422,83.03479766845703,
2023-10-03,4229.4501953125,89.2300033569336,83.3593978881836,11.789999961853027
2023-10-04,4263.75,84.22000122070312,83.22979736328125,11.65999984741211
2023-10-05,4258.18994140625,82.30999755859375,83.44979858398438,10.9399995803833
2023-10-06,4308.5,82.79000091552734,83.22489929199219,10.300000190734863
2023-10-09,4335.66015625,86.37999725341797,83.12460327148438,11.399999618530273
2023-10-10,4358.240234375,85.97000122070312,83.27030181884766,11.270000457763672
2023-10-11,4376.9501953125,83.48999786376953,83.25029754638672,10.989999771118164
2023-10-12,4349.60986328125,82.91000366210938,83.21800231933594,10.619999885559082
2023-10-13,4327.77978515625,87.69000244140625,83.26239776611328,10.619999885559082
2023-10-16,4373.6298828125,86.66000366210938,83.28230285644531,11.069999694824219
2023-10-17,4373.2001953125,86.66000366210938,83.19950103759766,10.699999809265137
2023-10-18,4314.60009765625,88.31999969482422,83.26429748535156,10.970000267028809
2023-10-19,4278.0,89.37000274658203,83.26860046386719,10.899999618530273
2023-10-20,4224.16015625,88.75,83.12229919433594,10.819999694824219
2023-10-23,4217.0400390625,85.48999786376953,83.15979766845703,10.90999984741211
2023-10-24,4247.68017578125,83.73999786376953,83.02940368652344,
2023-10-25,4186.77001953125,85.38999938964844,82.98780059814453,11.3100004196167
2023-10-26,4137.22998046875,83.20999908447266,83.1709976196289,11.729999542236328
2023-10-27,4117.3701171875,85.54000091552734,83.28250122070312,10.90999984741211
2023-10-30,4166.81982421875,82.30999755859375,83.41339874267578,11.489999771118164
2023-10-31,4193.7998046875,81.0199966430664,83.29650115966797,11.829999923706055
2023-11-01,4237.85986328125,80.44000244140625,83.2771987915039,12.050000190734863
2023-11-02,4317.77978515625,82.45999908447266,85.19400024414062,11.079999923706055
2023-11-03,4358.33984375,80.51000213623047,83.24729919433594,10.880000114440918
2023-11-06,4365.97998046875,80.81999969482422,83.15850067138672,11.109999656677246
2023-11-07,4378.3798828125,77.37000274658203,83.2228012084961,11.1899995803833
2023-11-08,4382.77978515625,75.33000183105469,83.23269653320312,11.039999961853027
2023-11-09,4347.35009765625,75.73999786376953,83.21769714355469,10.979999542236328
2023-11-10,4415.240234375,77.16999816894531,83.31939697265625,11.109999656677246
2023-11-13,4411.5498046875,78.26000213623047,83.29889678955078,11.1899995803833
2023-11-14,4495.7001953125,78.26000213623047,83.19760131835938,
2023-11-15,4502.8798828125,76.66000366210938,82.98159790039062,11.140000343322754
2023-11-16,4508.240234375,72.9000015258789,83.18620300292969,11.649999618530273
2023-11-17,4514.02001953125,75.88999938964844,83.12030029296875,11.829999923706055
2023-11-20,4547.3798828125,77.5999984741211,83.29149627685547,12.149999618530273
2023-11-21,4538.18994140625,77.7699966430664,83.32219696044922,12.229999542236328
2023-11-22,4556.6201171875,77.0999984741211,83.345703125,11.869999885559082
2023-11-23,,,83.54830169677734,11.319999694824219
2023-11-24,4559.33984375,75.54000091552734,83.34400177001953,11.329999923706055
2023-11-27,4550.43017578125,74.86000061035156,83.31449890136719,
2023-11-28,4554.89013671875,76.41000366210938,83.364501953125,12.180000305175781
2023-11-29,4550.580078125,77.86000061035156,83.41809844970703,12.710000038146973
2023-11-30,4567.7998046875,75.95999908447266,83.3302993774414,12.6899995803833
2023-12-01,4594.6298828125,74.06999969482422,83.35269927978516,12.380000114440918
2023-12-04,4569.77978515625,73.04000091552734,83.21859741210938,12.989999771118164
2023-12-05,4567.18017578125,72.31999969482422,83.41709899902344,13.460000038146973
2023-12-06,4549.33984375,69.37999725341797,83.31590270996094,13.739999771118164
2023-12-07,4585.58984375,69.33999633789062,83.28959655761719,12.670000076293945
2023-12-08,4604.3701171875,71.2300033569336,83.35489654541016,12.470000267028809
2023-12-11,4622.43994140625,71.31999969482422,83.43009948730469,12.760000228881836
2023-12-12,4643.7001953125,68.61000061035156,83.34349822998047,12.710000038146973
2023-12-13,4707.08984375,69.47000122070312,83.39600372314453,12.069999694824219
2023-12-14,4719.5498046875,71.58000183105469,83.2853012084961,12.319999694824219
2023-12-15,4719.18994140625,71.43000030517578,83.29660034179688,13.130000114440918
2023-12-18,4740.56005859375,72.47000122070312,83.04170227050781,13.899999618530273
2023-12-19,4768.3701171875,73.44000244140625,83.11119842529297,13.869999885559082
2023-12-20,4698.35009765625,74.22000122070312,83.09159851074219,14.449999809265137
2023-12-21,4746.75,73.88999938964844,83.26719665527344,13.760000228881836
2023-12-22,4754.6298828125,73.55999755859375,83.13159942626953,13.710000038146973
2023-12-25,,,83.16500091552734,
2023-12-26,4774.75,75.56999969482422,83.17230224609375,14.680000305175781
2023-12-27,4781.580078125,74.11000061035156,83.18280029296875,15.5600004196167
2023-12-28,4783.35009765625,71.7699966430664,83.26719665527344,15.140000343322754
2023-12-29,4769.830078125,71.6500015258789,82.302001953125,14.5
2024-01-01,,,83.24859619140625,
2024-01-02,4742.830078125,70.37999725341797,83.20259857177734,14.579999923706055
2024-01-03,4704.81005859375,72.69999694824219,83.25700378417969,14.100000381469727
2024-01-04,4688.68017578125,72.19000244140625,83.31809997558594,13.329999923706055
2024-01-05,4697.240234375,73.80999755859375,83.2406005859375,12.630000114440918
2024-01-08,4763.5400390625,70.7699966430664,83.19110107421875,13.460000038146973
2024-01-09,4756.5,72.23999786376953,83.05069732666016,13.260000228881836
2024-01-10,4783.4501953125,71.37000274658203,83.131103515625,12.970000267028809
2024-01-11,4780.240234375,72.0199966430664,83.02559661865234,12.770000457763672
2024-01-12,4783.830078125,72.68000030517578,83.07610321044922,13.100000381469727
2024-01-15,,,82.87210083007812,13.789999961853027
2024-01-16,4765.97998046875,72.4000015258789,82.8593978881836,13.569999694824219
2024-01-17,4739.2099609375,72.55999755859375,83.08899688720703,15.079999923706055
2024-01-18,4780.93994140625,74.08000183105469,83.17759704589844,14.069999694824219
2024-01-19,4839.81005859375,73.41000366210938,83.16059875488281,13.880000114440918
2024-01-22,4850.43017578125,75.19000244140625,83.12470245361328,
2024-01-23,4864.60009765625,74.37000274658203,83.09510040283203,14.850000381469727
2024-01-24,4868.5498046875,75.08999633789062,83.22139739990234,14.380000114440918
2024-01-25,4894.16015625,77.36000061035156,83.09760284423828,13.869999885559082
2024-01-26,4890.97021484375,78.01000213623047,83.14610290527344,
2024-01-29,4927.93017578125,76.77999877929688,83.12129974365234,15.680000305175781
2024-01-30,4924.97021484375,77.81999969482422,83.1530990600586,16.100000381469727
2024-01-31,4845.64990234375,75.8499984741211,83.10970306396484,16.049999237060547
2024-02-01,4906.18994140625,73.81999969482422,83.05359649658203,14.460000038146973
2024-02-02,4958.60986328125,72.27999877929688,82.92759704589844,14.699999809265137
2024-02-05,4942.81005859375,72.77999877929688,82.99929809570312,15.619999885559082
2024-02-06,4954.22998046875,73.30999755859375,83.10369873046875,15.789999961853027
2024-02-07,4995.06005859375,73.86000061035156,83.07060241699219,15.510000228881836
2024-02-08,4997.91015625,76.22000122070312,83.01260375976562,15.829999923706055
2024-02-09,5026.60986328125,76.83999633789062,82.98529815673828,15.449999809265137
2024-02-12,5021.83984375,76.91999816894531,83.0145034790039,16.059999465942383
2024-02-13,4953.169921875,77.87000274658203,82.99019622802734,15.8100004196167
2024-02-14,5000.6201171875,76.63999938964844,83.07460021972656,15.4399995803833
2024-02-15,5029.72998046875,78.02999877929688,83.04309844970703,15.229999542236328
2024-02-16,5005.56982421875,79.19000244140625,83.00959777832031,15.220000267028809
2024-02-19,,,83.01599884033203,
2024-02-20,4975.509765625,78.18000030517578,83.02100372314453,16.06999969482422
2024-02-21,4981.7998046875,77.91000366210938,82.8291015625,15.930000305175781
2024-02-22,5087.02978515625,78.61000061035156,82.93840026855469,15.199999809265137
2024-02-23,5088.7998046875,76.48999786376953,82.87229919433594,14.970000267028809
2024-02-26,5069.52978515625,77.58000183105469,82.88179779052734,15.600000381469727
2024-02-27,5078.18017578125,78.87000274658203,82.85199737548828,15.729999542236328
2024-02-28,5069.759765625,78.54000091552734,82.94819641113281,16.329999923706055
2024-02-29,5096.27001953125,78.26000213623047,82.91190338134766,15.569999694824219
2024-03-01,5137.080078125,79.97000122070312,82.910400390625,15.239999771118164
2024-03-04,5130.9501953125,78.73999786376953,82.84609985351562,14.920000076293945
2024-03-05,5078.64990234375,78.1500015258789,82.9104995727539,14.380000114440918
2024-03-06,5104.759765625,79.12999725341797,82.88480377197266,14.300000190734863
2024-03-07,5157.35986328125,78.93000030517578,82.81909942626953,13.609999656677246
2024-03-08,5123.68994140625,78.01000213623047,82.7522964477539,
2024-03-11,5117.93994140625,77.93000030517578,82.7520980834961,14.0
2024-03-12,5175.27001953125,77.55999755859375,82.7782974243164,13.640000343322754
2024-03-13,5165.31005859375,79.72000122070312,82.83509826660156,14.430000305175781
2024-03-14,5150.47998046875,81.26000213623047,82.83110046386719,13.619999885559082
2024-03-15,5117.08984375,81.04000091552734,82.9655990600586,13.6899995803833
2024-03-18,5149.419921875,82.72000122070312,82.88890075683594,13.899999618530273
2024-03-19,5178.509765625,83.47000122070312,82.86360168457031,14.109999656677246
2024-03-20,5224.6201171875,81.68000030517578,83.04239654541016,13.470000267028809
2024-03-21,5241.52978515625,81.06999969482422,83.05460357666016,12.510000228881836
2024-03-22,5234.18017578125,80.62999725341797,83.22660064697266,12.220000267028809
2024-03-25,5218.18994140625,81.94999694824219,83.59359741210938,
2024-03-26,5203.580078125,81.62000274658203,83.41739654541016,12.819999694824219
2024-03-27,5248.490234375,81.3499984741211,83.34549713134766,12.699999809265137
2024-03-28,5254.35009765625,83.16999816894531,83.36499786376953,12.829999923706055
2024-03-29,,,83.39299774169922,
2024-04-01,5243.77001953125,83.70999908447266,83.36479949951172,12.079999923706055
2024-04-02,5205.81005859375,85.1500015258789,83.40969848632812,11.649999618530273
2024-04-03,5211.490234375,85.43000030517578,83.35030364990234,11.369999885559082
2024-04-04,5147.2099609375,86.58999633789062,83.37329864501953,11.220000267028809
2024-04-05,5204.33984375,86.91000366210938,83.47779846191406,11.34000015258789
2024-04-08,5202.39013671875,86.43000030517578,83.29679870605469,11.609999656677246
2024-04-09,5209.91015625,85.2300033569336,83.26959991455078,11.359999656677246
2024-04-10,5160.64013671875,86.20999908447266,83.22429656982422,11.109999656677246
2024-04-11,5199.06005859375,85.0199966430664,83.4126968383789,
2024-04-12,5123.41015625,85.66000366210938,83.34929656982422,11.529999732971191
2024-04-15,5061.81982421875,85.41000366210938,83.61109924316406,12.470000267028809
2024-04-16,5051.41015625,85.36000061035156,83.50599670410156,12.619999885559082
2024-04-17,5022.2099609375,82.69000244140625,83.6675033569336,
2024-04-18,5011.1201171875,82.7300033569336,83.5958023071289,13.039999961853027
2024-04-19,4967.22998046875,83.13999938964844,83.54499816894531,13.460000038146973
2024-04-22,5010.60009765625,82.8499984741211,83.38529968261719,12.699999809265137
2024-04-23,5070.5498046875,83.36000061035156,83.38619995117188,10.199999809265137
2024-04-24,5071.6298828125,82.80999755859375,83.2833023071289,10.279999732971191
2024-04-25,5048.419921875,83.56999969482422,83.3405990600586,10.729999542236328
2024-04-26,5099.9599609375,83.8499984741211,83.30180358886719,10.930000305175781
2024-04-29,5116.169921875,82.62999725341797,83.40229797363281,12.239999771118164
2024-04-30,5035.68994140625,81.93000030517578,83.45110321044922,12.869999885559082
2024-05-01,5018.39013671875,79.0,83.49839782714844,
2024-05-02,5064.2001953125,78.94999694824219,83.40640258789062,13.449999809265137
2024-05-03,5127.7900390625,78.11000061035156,83.40630340576172,14.619999885559082
2024-05-06,5180.740234375,78.4800033569336,83.37999725341797,16.600000381469727
2024-05-07,5187.7001953125,78.37999725341797,83.4728012084961,17.010000228881836
2024-05-08,5187.669921875,78.98999786376953,83.46990203857422,17.079999923706055
2024-05-09,5214.080078125,79.26000213623047,83.46430206298828,18.200000762939453
2024-05-10,5222.68017578125,78.26000213623047,83.45939636230469,18.469999313354492
2024-05-13,5221.419921875,79.12000274658203,83.5248031616211,20.600000381469727
2024-05-14,5246.68017578125,78.0199966430664,83.50550079345703,20.200000762939453
2024-05-15,5308.14990234375,78.62999725341797,83.52420043945312,20.270000457763672
2024-05-16,5297.10009765625,79.2300033569336,83.40509796142578,20.0
2024-05-17,5303.27001953125,80.05999755859375,83.47010040283203,19.799999237060547
2024-05-20,5308.1298828125,79.80000305175781,83.30039978027344,
2024-05-21,5321.41015625,79.26000213623047,83.31500244140625,21.809999465942383
2024-05-22,5307.009765625,77.56999969482422,83.31680297851562,21.469999313354492
2024-05-23,5267.83984375,76.87000274658203,83.26709747314453,21.3799991607666
2024-05-24,5304.72021484375,77.72000122070312,83.2863998413086,21.709999084472656
2024-05-27,,,83.05220031738281,23.190000534057617
2024-05-28,5306.0400390625,79.83000183105469,83.14569854736328,24.200000762939453
2024-05-29,5266.9501953125,79.2300033569336,83.20649719238281,24.18000030517578
2024-05-30,5235.47998046875,77.91000366210938,83.3656005859375,24.18000030517578
2024-05-31,5277.509765625,76.98999786376953,83.3208999633789,24.600000381469727
2024-06-03,5283.39990234375,74.22000122070312,83.45079803466797,20.940000534057617
2024-06-04,5291.33984375,73.25,83.09339904785156,26.75
2024-06-05,5354.02978515625,74.06999969482422,83.62940216064453,18.889999389648438
2024-06-06,5352.9599609375,75.55000305175781,83.38079833984375,16.799999237060547
2024-06-07,5346.990234375,75.52999877929688,83.47309875488281,16.8799991607666
2024-06-10,5360.7900390625,77.73999786376953,83.52760314941406,16.399999618530273
2024-06-11,5375.31982421875,77.9000015258789,83.52980041503906,14.770000457763672
2024-06-12,5421.02978515625,78.5,83.5968017578125,14.390000343322754
2024-06-13,5433.740234375,78.62000274658203,83.5343017578125,13.489999771118164
2024-06-14,5431.60009765625,78.44999694824219,83.52210235595703,12.819999694824219
2024-06-17,5473.22998046875,80.33000183105469,83.55180358886719,
2024-06-18,5487.02978515625,81.56999969482422,83.51010131835938,12.970000267028809
2024-06-19,,,83.37409973144531,13.710000038146973
2024-06-20,5473.169921875,82.16999816894531,83.41950225830078,13.350000381469727
2024-06-21,5464.6201171875,80.7300033569336,83.60160064697266,13.180000305175781
2024-06-24,5447.8701171875,81.62999725341797,83.5625,14.0600004196167
2024-06-25,5469.2998046875,80.83000183105469,83.46040344238281,14.3100004196167
2024-06-26,5477.89990234375,80.9000015258789,83.41459655761719,14.050000190734863
2024-06-27,5482.8701171875,81.73999786376953,83.58039855957031,14.149999618530273
2024-06-28,5460.47998046875,81.54000091552734,83.45089721679688,13.800000190734863
2024-07-01,5475.08984375,83.37999725341797,83.36750030517578,13.829999923706055
2024-07-02,5509.009765625,82.80999755859375,83.44129943847656,13.640000343322754
2024-07-03,5537.02001953125,83.87999725341797,83.4791030883789,13.210000038146973
2024-07-04,,,83.49120330810547,12.859999656677246
2024-07-05,5567.18994140625,83.16000366210938,83.49340057373047,12.699999809265137
2024-07-08,5572.85009765625,82.33000183105469,83.47209930419922,13.600000381469727
2024-07-09,5576.97998046875,81.41000366210938,83.45760345458984,14.279999732971191
2024-07-10,5633.91015625,82.0999984741211,83.49299621582031,14.430000305175781
2024-07-11,5584.5400390625,82.62000274658203,83.49590301513672,14.0
2024-07-12,5615.35009765625,82.20999908447266,83.51850128173828,13.729999542236328
2024-07-15,5631.22021484375,81.91000366210938,83.52030181884766,14.1899995803833
2024-07-16,5667.2001953125,80.76000213623047,83.58760070800781,14.220000267028809
2024-07-17,5588.27001953125,82.8499984741211,83.52960205078125,
2024-07-18,5544.58984375,82.81999969482422,83.57209777832031,14.510000228881836
2024-07-19,5505.0,80.12999725341797,83.67430114746094,14.829999923706055
2024-07-22,5564.41015625,79.77999877929688,83.73030090332031,15.4399995803833
2024-07-23,5555.740234375,76.95999908447266,83.67130279541016,12.75
2024-07-24,5427.1298828125,77.58999633789062,83.70680236816406,11.760000228881836
2024-07-25,5399.22021484375,78.27999877929688,83.74299621582031,12.619999885559082
2024-07-26,5459.10009765625,77.16000366210938,83.73760223388672,12.25
2024-07-29,5463.5400390625,75.80999755859375,83.72779846191406,12.949999809265137
2024-07-30,5436.43994140625,74.7300033569336,83.75050354003906,12.880000114440918
2024-07-31,5522.2998046875,77.91000366210938,83.73899841308594,13.25
2024-08-01,5446.68017578125,76.30999755859375,83.7177963256836,12.930000305175781
2024-08-02,5346.56005859375,73.5199966430664,83.743896484375,14.319999694824219
2024-08-05,5186.330078125,72.94000244140625,83.73529815673828,20.3700008392334
2024-08-06,5240.02978515625,73.19999694824219,84.00260162353516,18.739999771118164
2024-08-07,5199.5,75.2300033569336,83.93489837646484,16.170000076293945
2024-08-08,5319.31005859375,76.19000244140625,83.94239807128906,16.600000381469727
2024-08-09,5344.16015625,76.83999633789062,83.98899841308594,15.34000015258789
2024-08-12,5344.39013671875,80.05999755859375,83.94979858398438,15.869999885559082
2024-08-13,5434.43017578125,78.3499984741211,83.88999938964844,16.170000076293945
2024-08-14,5455.2099609375,76.9800033569336,83.88200378417969,15.4399995803833
2024-08-15,5543.22021484375,78.16000366210938,83.97149658203125,
2024-08-16,5554.25,76.6500015258789,83.94830322265625,14.399999618530273
2024-08-19,5608.25,74.37000274658203,83.88980102539062,14.319999694824219
2024-08-20,5597.1201171875,74.04000091552734,83.87860107421875,13.819999694824219
2024-08-21,5620.85009765625,71.93000030517578,83.77940368652344,13.329999923706055
2024-08-22,5570.64013671875,73.01000213623047,83.88860321044922,13.0
2024-08-23,5634.60986328125,74.83000183105469,83.94059753417969,13.550000190734863
2024-08-26,5616.83984375,77.41999816894531,83.81379699707031,13.800000190734863
2024-08-27,5625.7998046875,75.52999877929688,83.88369750976562,13.630000114440918
2024-08-28,5592.18017578125,74.5199966430664,83.92160034179688,13.949999809265137
2024-08-29,5591.9599609375,75.91000366210938,83.94149780273438,13.789999961853027
2024-08-30,5648.39990234375,73.55000305175781,83.89510345458984,13.390000343322754
2024-09-02,,,83.86380004882812,14.0600004196167
2024-09-03,5528.93017578125,70.33999633789062,83.92729949951172,13.84000015258789
2024-09-04,5520.06982421875,69.19999694824219,83.95030212402344,14.380000114440918
2024-09-05,5503.41015625,69.1500015258789,83.98249816894531,14.210000038146973
2024-09-06,5408.419921875,67.66999816894531,83.98359680175781,15.220000267028809
2024-09-09,5471.0498046875,68.70999908447266,83.98259735107422,14.239999771118164
2024-09-10,5495.52001953125,65.75,83.98090362548828,13.359999656677246
2024-09-11,5554.1298828125,67.30999755859375,83.98200225830078,13.630000114440918
2024-09-12,5595.759765625,68.97000122070312,83.99259948730469,13.180000305175781
2024-09-13,5626.02001953125,68.6500015258789,83.93479919433594,12.550000190734863
2024-09-16,5633.08984375,70.08999633789062,83.88480377197266,12.460000038146973
2024-09-17,5634.580078125,71.19000244140625,83.88400268554688,12.59000015258789
2024-09-18,5618.259765625,70.91000366210938,83.77059936523438,13.369999885559082
2024-09-19,5713.64013671875,71.94999694824219,83.69170379638672,12.470000267028809
2024-09-20,5702.5498046875,71.91999816894531,83.61470031738281,12.789999961853027
2024-09-23,5718.56982421875,70.37000274658203,83.48709869384766,13.789999961853027
2024-09-24,5732.93017578125,71.55999755859375,83.55960083007812,13.390000343322754
2024-09-25,5722.259765625,69.69000244140625,83.56759643554688,12.739999771118164
2024-09-26,5745.3701171875,67.66999816894531,83.62409973144531,12.0
2024-09-27,5738.169921875,68.18000030517578,83.61710357666016,11.960000038146973
2024-09-30,5762.47998046875,68.16999816894531,83.71640014648438,12.789999961853027
2024-10-01,5708.75,69.83000183105469,83.82730102539062,11.989999771118164
2024-10-02,5709.5400390625,70.0999984741211,83.87210083007812,
2024-10-03,5699.93994140625,73.70999908447266,83.91960144042969,13.170000076293945
2024-10-04,5751.06982421875,74.37999725341797,84.0093994140625,14.130000114440918
2024-10-07,5695.93994140625,77.13999938964844,84.02780151367188,15.079999923706055
2024-10-08,5751.1298828125,73.56999969482422,83.96410369873047,14.59000015258789
2024-10-09,5792.0400390625,73.23999786376953,83.91459655761719,14.119999885559082
2024-10-10,5780.0498046875,75.8499984741211,83.94219970703125,13.5
2024-10-11,5815.02978515625,75.55999755859375,83.94599914550781,13.220000267028809
2024-10-14,5859.85009765625,73.83000183105469,84.16829681396484,13.0
2024-10-15,5815.259765625,70.58000183105469,84.04850006103516,13.0
2024-10-16,5842.47021484375,70.38999938964844,84.05619812011719,13.050000190734863
2024-10-17,5841.47021484375,70.66999816894531,84.03929901123047,13.390000343322754
2024-10-18,5864.669921875,69.22000122070312,84.05380249023438,13.039999961853027
2024-10-21,5853.97998046875,70.55999755859375,84.0687026977539,13.760000228881836
2024-10-22,5851.2001953125,72.08999633789062,84.07350158691406,14.399999618530273
2024-10-23,5797.419921875,70.7699966430664,84.08399963378906,14.619999885559082
2024-10-24,5809.85986328125,70.19000244140625,84.06759643554688,13.970000267028809
2024-10-25,5808.1201171875,71.77999877929688,84.08180236816406,14.630000114440918
2024-10-28,5823.52001953125,67.37999725341797,84.10199737548828,14.289999961853027
2024-10-29,5832.919921875,67.20999908447266,84.10279846191406,14.520000457763672
2024-10-30,5813.669921875,68.61000061035156,84.08930206298828,15.510000228881836
2024-10-31,5705.4501953125,69.26000213623047,84.08910369873047,15.550000190734863
2024-11-01,5728.7998046875,69.48999786376953,84.09149932861328,15.899999618530273
2024-11-04,5712.68994140625,71.47000122070312,84.13359832763672,16.690000534057617
2024-11-05,5782.759765625,71.98999786376953,84.15249633789062,16.1200008392334
2024-11-06,5929.0400390625,71.69000244140625,84.11630249023438,14.869999885559082
2024-11-07,5973.10009765625,72.36000061035156,84.2511978149414,14.9399995803833
2024-11-08,5995.5400390625,70.37999725341797,84.306396484375,14.470000267028809
2024-11-11,6001.35009765625,68.04000091552734,84.38289642333984,14.270000457763672
2024-11-12,5983.990234375,68.12000274658203,84.39649963378906,14.59000015258789
2024-11-13,5985.3798828125,68.43000030517578,84.39530181884766,15.4399995803833
2024-11-14,5949.169921875,68.69999694824219,84.4229965209961,14.779999732971191
2024-11-15,5870.6201171875,67.0199966430664,84.47380065917969,
2024-11-18,5893.6201171875,69.16000366210938,84.47750091552734,15.170000076293945
2024-11-19,5916.97998046875,69.38999938964844,84.39849853515625,15.65999984741211
2024-11-20,5917.10986328125,68.87000274658203,84.39759826660156,
2024-11-21,5948.7099609375,70.0999984741211,84.38310241699219,15.989999771118164
2024-11-22,5969.33984375,71.23999786376953,84.48829650878906,16.100000381469727
2024-11-25,5987.3701171875,68.94000244140625,84.43599700927734,15.300000190734863
2024-11-26,6021.6298828125,68.7699966430664,84.37750244140625,15.3100004196167
2024-11-27,5998.740234375,68.72000122070312,84.33910369873047,14.630000114440918
2024-11-28,,,84.42030334472656,15.210000038146973
2024-11-29,6032.3798828125,68.0,84.47160339355469,14.430000305175781
2024-12-02,6047.14990234375,68.0999984741211,84.55699920654297,14.699999809265137
2024-12-03,6049.8798828125,69.94000244140625,84.73709869384766,14.369999885559082
2024-12-04,6086.490234375,68.54000091552734,84.68309783935547,14.449999809265137
2024-12-05,6075.10986328125,68.30000305175781,84.70700073242188,14.529999732971191
2024-12-06,6090.27001953125,67.19999694824219,84.68379974365234,14.140000343322754
2024-12-09,6052.85009765625,68.37000274658203,84.66600036621094,14.109999656677246
2024-12-10,6034.91015625,68.58999633789062,84.84729766845703,13.779999732971191
2024-12-11,6084.18994140625,70.29000091552734,84.8740005493164,13.270000457763672
2024-12-12,6051.25,70.0199966430664,84.85710144042969,13.1899995803833
2024-12-13,6051.08984375,71.29000091552734,84.83920288085938,13.050000190734863
2024-12-16,6074.080078125,70.70999908447266,84.802001953125,14.020000457763672
2024-12-17,6050.60986328125,70.08000183105469,84.91729736328125,14.489999771118164
2024-12-18,5872.16015625,70.58000183105469,84.91539764404297,14.369999885559082
2024-12-19,5867.080078125,69.91000366210938,85.16549682617188,14.510000228881836
2024-12-20,5930.85009765625,69.45999908447266,85.27940368652344,15.069999694824219
2024-12-23,5974.06982421875,69.23999786376953,84.94499969482422,13.520000457763672
2024-12-24,6040.0400390625,70.0999984741211,85.0988998413086,13.180000305175781
2024-12-25,,,85.18150329589844,
2024-12-26,6037.58984375,69.62000274658203,85.41339874267578,14.039999961853027
2024-12-27,5970.83984375,70.5999984741211,85.26090240478516,13.239999771118164
2024-12-30,5906.93994140625,70.98999786376953,85.38600158691406,13.970000267028809
2024-12-31,5881.6298828125,71.72000122070312,85.7865982055664,14.449999809265137
2025-01-02,5868.5498046875,73.12999725341797,85.78569793701172,13.739999771118164
2025-01-03,5942.47021484375,73.95999908447266,85.80400085449219,13.539999961853027
2025-01-06,5975.3798828125,73.55999755859375,85.75900268554688,15.649999618530273
2025-01-07,5909.02978515625,74.25,85.68070220947266,14.65999984741211
2025-01-08,5918.25,73.31999969482422,85.80650329589844,14.470000267028809
2025-01-09,,73.91999816894531,85.90750122070312,14.65999984741211
2025-01-10,5827.0400390625,76.56999969482422,85.91999816894531,14.920000076293945
2025-01-13,5836.22021484375,78.81999969482422,86.18800354003906,16.0
2025-01-14,5842.91015625,77.5,86.65059661865234,15.470000267028809
2025-01-15,5949.91015625,80.04000091552734,86.535400390625,15.260000228881836
2025-01-16,5937.33984375,78.68000030517578,86.43099975585938,15.470000267028809
2025-01-17,5996.66015625,77.87999725341797,86.6061019897461,15.75
2025-01-20,,,86.56900024414062,16.420000076293945
2025-01-21,6049.240234375,75.88999938964844,86.21109771728516,17.059999465942383
2025-01-22,6086.3701171875,75.44000244140625,86.45189666748047,16.770000457763672
2025-01-23,6118.7099609375,74.62000274658203,86.47270202636719,16.700000762939453
2025-01-24,6101.240234375,74.66000366210938,86.44020080566406,16.75
2025-01-27,6012.27978515625,73.16999816894531,86.2030029296875,18.1299991607666
2025-01-28,6067.7001953125,73.7699966430664,86.46839904785156,18.200000762939453
2025-01-29,6039.31005859375,72.62000274658203,86.58460235595703,18.639999389648438
2025-01-30,6071.169921875,72.7300033569336,86.6406021118164,17.389999389648438
2025-01-31,6040.52978515625,72.52999877929688,86.64700317382812,16.25
2025-02-03,5994.56982421875,73.16000366210938,86.55400085449219,14.350000381469727
2025-02-04,6037.8798828125,72.69999694824219,86.94339752197266,14.020000457763672
2025-02-05,6061.47998046875,71.02999877929688,87.13009643554688,14.079999923706055
2025-02-06,6083.56982421875,70.61000061035156,87.33409881591797,14.180000305175781
2025-02-07,6025.990234375,71.0,87.58830261230469,13.6899995803833
2025-02-10,6066.43994140625,72.31999969482422,87.51309967041016,14.449999809265137
2025-02-11,6068.5,73.31999969482422,87.49009704589844,14.869999885559082
2025-02-12,6051.97021484375,71.37000274658203,86.81120300292969,14.899999618530273
2025-02-13,6115.06982421875,71.29000091552734,86.8740005493164,14.960000038146973
2025-02-14,6114.6298828125,70.73999786376953,86.75409698486328,15.020000457763672
2025-02-17,,,86.43460083007812,15.720000267028809
2025-02-18,6129.580078125,71.8499984741211,86.85479736328125,15.670000076293945
2025-02-19,6144.14990234375,72.25,86.88719940185547,15.420000076293945
2025-02-20,6117.52001953125,72.56999969482422,86.872802734375,14.680000305175781
2025-02-21,6013.1298828125,70.4000015258789,86.45120239257812,14.529999732971191
2025-02-24,5983.25,70.69999694824219,86.52940368652344,14.4399995803833
2025-02-25,5955.25,68.93000030517578,86.69010162353516,13.720000267028809
2025-02-26,5956.06005859375,68.62000274658203,87.0811996459961,
2025-02-27,5861.56982421875,70.3499984741211,87.16220092773438,13.3100004196167
2025-02-28,5954.5,69.76000213623047,87.3270034790039,13.90999984741211
2025-03-03,5849.72021484375,68.37000274658203,87.46399688720703,13.760000228881836
2025-03-04,5778.14990234375,68.26000213623047,87.32959747314453,13.829999923706055
2025-03-05,5842.6298828125,66.30999755859375,87.21700286865234,13.670000076293945
2025-03-06,5738.52001953125,66.36000061035156,86.88929748535156,13.729999542236328
2025-03-07,5770.2001953125,67.04000091552734,87.12879943847656,13.470000267028809
2025-03-10,5614.56005859375,66.02999877929688,87.07379913330078,13.989999771118164
2025-03-11,5572.06982421875,66.25,87.3551025390625,14.069999694824219
2025-03-12,5599.2998046875,67.68000030517578,87.20010375976562,13.6899995803833
2025-03-13,5521.52001953125,66.55000305175781,87.3405990600586,13.279999732971191
2025-03-14,5638.93994140625,67.18000030517578,86.9220962524414,
2025-03-17,5675.1201171875,67.58000183105469,86.93900299072266,13.420000076293945
2025-03-18,5614.66015625,66.9000015258789,86.91639709472656,13.210000038146973
2025-03-19,5675.2900390625,67.16000366210938,86.57610321044922,13.300000190734863
2025-03-20,5662.89013671875,68.26000213623047,86.33709716796875,12.600000381469727
2025-03-21,5667.56005859375,68.27999877929688,86.33609771728516,12.579999923706055
2025-03-24,5767.56982421875,69.11000061035156,85.98699951171875,13.699999809265137
2025-03-25,5776.64990234375,69.0,85.53209686279297,13.640000343322754
2025-03-26,5712.2001953125,69.6500015258789,85.59040069580078,13.470000267028809
2025-03-27,5693.31005859375,69.91999816894531,86.09539794921875,13.300000190734863
2025-03-28,5580.93994140625,69.36000061035156,85.69490051269531,12.720000267028809
2025-03-31,5611.85009765625,71.4800033569336,85.53880310058594,
2025-04-01,5633.06982421875,71.19999694824219,85.46810150146484,13.779999732971191
2025-04-02,5670.97021484375,71.70999908447266,85.61009979248047,13.720000267028809
2025-04-03,5396.52001953125,66.94999694824219,85.65119934082031,13.600000381469727
2025-04-04,5074.080078125,61.9900016784668,85.28289794921875,13.760000228881836
2025-04-07,5062.25,60.70000076293945,85.529296875,22.790000915527344
2025-04-08,4982.77001953125,59.58000183105469,86.0270004272461,20.440000534057617
2025-04-09,5456.89990234375,62.349998474121094,86.435302734375,21.43000030517578
2025-04-10,5268.0498046875,60.06999969482422,86.20929718017578,
2025-04-11,5363.35986328125,61.5,86.2603988647461,20.110000610351562
2025-04-14,5405.97021484375,61.529998779296875,86.19300079345703,
2025-04-15,5396.6298828125,61.33000183105469,86.0447998046875,16.1299991607666
2025-04-16,5275.7001953125,62.470001220703125,85.72669982910156,15.869999885559082
2025-04-17,5282.7001953125,64.68000030517578,85.62049865722656,15.470000267028809
2025-04-21,5158.2001953125,63.08000183105469,,15.520000457763672
2025-04-22,5287.759765625,64.30999755859375,85.15889739990234,15.229999542236328
2025-04-23,5375.85986328125,62.27000045776367,85.2323989868164,15.960000038146973
2025-04-24,5484.77001953125,62.790000915527344,85.4999008178711,16.25
2025-04-25,5525.2099609375,63.02000045776367,85.2573013305664,17.15999984741211
2025-04-28,5528.75,62.04999923706055,85.38490295410156,16.940000534057617
2025-04-29,5560.830078125,60.41999816894531,85.1603012084961,17.3700008392334
2025-04-30,5569.06005859375,58.209999084472656,85.1707992553711,18.219999313354492
2025-05-01,5604.14013671875,59.2400016784668,84.53119659423828,
2025-05-02,5686.669921875,58.290000915527344,84.69670104980469,18.260000228881836
2025-05-05,5650.3798828125,57.130001068115234,84.52629852294922,18.34000015258789
2025-05-06,5606.91015625,59.09000015258789,84.2208023071289,19.0
2025-05-07,5631.27978515625,58.06999969482422,84.79319763183594,19.059999465942383
2025-05-08,5663.93994140625,59.90999984741211,84.81719970703125,21.010000228881836
2025-05-09,5659.91015625,61.02000045776367,86.08219909667969,21.6299991607666
2025-05-12,5844.18994140625,61.95000076293945,85.4083023071289,18.389999389648438
2025-05-13,5886.5498046875,63.66999816894531,84.9656982421875,18.200000762939453
2025-05-14,5892.580078125,63.150001525878906,85.060302734375,17.229999542236328
2025-05-15,5916.93017578125,61.619998931884766,85.48760223388672,16.889999389648438
2025-05-16,5958.3798828125,62.4900016784668,85.44490051269531,16.549999237060547
2025-05-19,5963.60009765625,62.689998626708984,85.50029754638672,17.360000610351562
2025-05-20,5940.4599609375,62.560001373291016,85.37210083007812,17.389999389648438
2025-05-21,5844.60986328125,61.56999969482422,85.53610229492188,17.549999237060547
2025-05-22,5842.009765625,61.20000076293945,85.60030364990234,17.260000228881836
2025-05-23,5802.81982421875,61.529998779296875,85.97489929199219,17.280000686645508
2025-05-26,,,85.19930267333984,18.020000457763672
2025-05-27,5921.5400390625,60.88999938964844,85.158203125,18.540000915527344
2025-05-28,5888.5498046875,61.84000015258789,85.3604965209961,18.020000457763672
2025-05-29,5912.169921875,60.939998626708984,85.38590240478516,16.420000076293945
2025-05-30,5911.68994140625,60.790000915527344,85.36129760742188,16.079999923706055
2025-06-02,5935.93994140625,62.52000045776367,85.52429962158203,17.15999984741211
2025-06-03,5970.3701171875,63.40999984741211,85.36370086669922,16.559999465942383
2025-06-04,5970.81005859375,62.849998474121094,85.70880126953125,15.75
2025-06-05,5939.2998046875,63.369998931884766,85.9041976928711,15.079999923706055
2025-06-06,6000.35986328125,64.58000183105469,85.87750244140625,14.630000114440918
2025-06-09,6005.8798828125,65.29000091552734,85.7853012084961,14.6899995803833
2025-06-10,6038.81005859375,64.9800033569336,85.75599670410156,14.020000457763672
2025-06-11,6022.240234375,68.1500015258789,85.65280151367188,13.670000076293945
2025-06-12,6045.259765625,68.04000091552734,85.46980285644531,14.020000457763672
2025-06-13,5976.97021484375,72.9800033569336,85.68840026855469,15.079999923706055
2025-06-16,6033.10986328125,71.7699966430664,86.24919891357422,14.84000015258789
2025-06-17,5982.72021484375,74.83999633789062,86.10420227050781,14.399999618530273
2025-06-18,5980.8701171875,75.13999938964844,86.36270141601562,14.279999732971191
2025-06-19,,,86.61360168457031,14.260000228881836
2025-06-20,5967.83984375,74.93000030517578,86.58380126953125,13.670000076293945
2025-06-23,6025.169921875,68.51000213623047,86.5802993774414,14.050000190734863
2025-06-24,6092.18017578125,64.37000274658203,86.23300170898438,13.640000343322754
2025-06-25,6092.16015625,64.91999816894531,85.90480041503906,12.960000038146973
2025-06-26,6141.02001953125,65.23999786376953,86.006103515625,12.59000015258789
2025-06-27,6173.06982421875,65.5199966430664,85.66639709472656,12.390000343322754
2025-06-30,6204.9501953125,65.11000061035156,85.4552993774414,12.789999961853027
2025-07-01,6198.009765625,65.44999694824219,85.71399688720703,12.529999732971191
2025-07-02,6227.419921875,67.44999694824219,85.6427993774414,12.449999809265137
2025-07-03,6279.35009765625,67.0,85.69409942626953,12.390000343322754
2025-07-04,,66.5,85.31909942626953,12.319999694824219
2025-07-07,6229.97998046875,67.93000030517578,85.49629974365234,12.5600004196167
2025-07-08,6225.52001953125,68.33000183105469,85.89199829101562,12.199999809265137
2025-07-09,6263.259765625,68.37999725341797,85.7073974609375,11.9399995803833
2025-07-10,6280.4599609375,66.56999969482422,85.70850372314453,11.670000076293945
2025-07-11,6259.75,68.44999694824219,85.73480224609375,11.819999694824219
2025-07-14,6268.56005859375,66.9800033569336,85.82129669189453,11.979999542236328
2025-07-15,6243.759765625,66.5199966430664,85.96839904785156,11.479999542236328
2025-07-16,6263.7001953125,66.37999725341797,85.99310302734375,11.239999771118164
2025-07-17,6297.35986328125,67.54000091552734,85.88520050048828,11.239999771118164
2025-07-18,6296.7900390625,67.33999633789062,86.04650115966797,11.390000343322754
2025-07-21,6305.60009765625,67.19999694824219,86.14859771728516,11.199999809265137
2025-07-22,6309.6201171875,66.20999908447266,86.19529724121094,10.75
2025-07-23,6358.91015625,65.25,86.3427963256836,10.520000457763672
2025-07-24,6363.35009765625,66.02999877929688,86.39869689941406,10.720000267028809
2025-07-25,6388.64013671875,65.16000366210938,86.4302978515625,11.279999732971191
2025-07-28,6389.77001953125,66.70999908447266,86.506103515625,12.0600004196167
2025-07-29,6370.85986328125,69.20999908447266,86.77760314941406,11.529999732971191
2025-07-30,6362.89990234375,70.0,87.06320190429688,11.210000038146973
2025-07-31,6339.39013671875,69.26000213623047,87.714599609375,11.539999961853027
2025-08-01,6238.009765625,67.33000183105469,87.4894027709961,11.979999542236328
2025-08-04,6329.93994140625,66.29000091552734,87.24530029296875,11.970000267028809
2025-08-05,6299.18994140625,65.16000366210938,87.89330291748047,11.710000038146973
2025-08-06,6345.06005859375,64.3499984741211,87.72309875488281,11.960000038146973
2025-08-07,6340.0,63.880001068115234,87.76249694824219,11.6899995803833
2025-08-08,6389.4501953125,63.880001068115234,87.43319702148438,12.029999732971191
2025-08-11,6373.4501953125,63.959999084472656,87.48829650878906,12.220000267028809
2025-08-12,6445.759765625,63.16999816894531,87.66449737548828,12.229999542236328
2025-08-13,6466.580078125,62.650001525878906,87.59559631347656,12.140000343322754
2025-08-14,6468.5400390625,63.959999084472656,87.44999694824219,12.359999656677246
2025-08-15,6449.7998046875,62.79999923706055,87.69180297851562,
2025-08-18,6449.14990234375,63.41999816894531,87.51280212402344,12.34000015258789
2025-08-19,6411.3701171875,62.349998474121094,87.29509735107422,11.789999961853027
2025-08-20,6395.77978515625,63.209999084472656,87.0791015625,11.789999961853027
2025-08-21,6370.169921875,63.52000045776367,87.01820373535156,11.369999885559082
2025-08-22,6466.91015625,63.65999984741211,87.29340362548828,11.729999542236328
2025-08-25,6439.31982421875,64.80000305175781,87.3301010131836,11.760000228881836
2025-08-26,6465.93994140625,63.25,87.60859680175781,12.1899995803833
2025-08-27,6481.39990234375,64.1500015258789,87.60070037841797,
2025-08-28,6501.85986328125,64.5999984741211,87.65910339355469,12.180000305175781
2025-08-29,6460.259765625,64.01000213623047,87.5916976928711,11.75
2025-09-01,,,88.17430114746094,11.289999961853027
2025-09-02,6415.5400390625,65.58999633789062,88.00140380859375,11.399999618530273
2025-09-03,6448.259765625,63.970001220703125,87.99829864501953,10.930000305175781
2025-09-04,6502.080078125,63.47999954223633,88.072998046875,10.850000381469727
2025-09-05,6481.5,61.869998931884766,88.19290161132812,10.779999732971191
2025-09-08,6495.14990234375,62.2599983215332,88.1863021850586,10.84000015258789
2025-09-09,6512.60986328125,62.630001068115234,87.98049926757812,10.6899995803833
2025-09-10,6532.0400390625,63.66999816894531,88.21829986572266,10.539999961853027
2025-09-11,6587.47021484375,62.369998931884766,88.05339813232422,10.359999656677246
2025-09-12,6584.2900390625,62.689998626708984,88.2676010131836,10.119999885559082
2025-09-15,6615.27978515625,63.29999923706055,88.27729797363281,10.399999618530273
2025-09-16,6606.759765625,64.5199966430664,88.12349700927734,10.270000457763672
2025-09-17,6600.35009765625,64.05000305175781,87.88459777832031,10.25
2025-09-18,6631.9599609375,63.56999969482422,87.91069793701172,9.890000343322754
2025-09-19,6664.35986328125,62.68000030517578,88.20690155029297,9.970000267028809
2025-09-22,6693.75,62.63999938964844,88.09919738769531,10.5600004196167
2025-09-23,6656.919921875,63.40999984741211,88.30439758300781,10.630000114440918
2025-09-24,6637.97021484375,64.98999786376953,88.80799865722656,10.520000457763672
2025-09-25,6604.72021484375,64.9800033569336,88.77860260009766,10.779999732971191
2025-09-26,6643.7001953125,65.72000122070312,88.77310180664062,11.430000305175781
2025-09-29,6661.2099609375,63.45000076293945,88.67680358886719,11.369999885559082
2025-09-30,6688.4599609375,62.369998931884766,88.70449829101562,11.069999694824219
2025-10-01,6711.2001953125,61.779998779296875,88.8406982421875,10.289999961853027
2025-10-02,6715.35009765625,60.47999954223633,88.68299865722656,
2025-10-03,6715.7900390625,60.880001068115234,88.72019958496094,10.0600004196167
2025-10-06,6740.27978515625,61.689998626708984,88.73509979248047,10.1899995803833
2025-10-07,6714.58984375,61.72999954223633,88.72109985351562,10.050000190734863
2025-10-08,6753.72021484375,62.54999923706055,88.74259948730469,10.3100004196167
2025-10-09,6735.10986328125,61.5099983215332,88.7771987915039,10.119999885559082
2025-10-10,6552.509765625,58.900001525878906,88.86540222167969,10.100000381469727
2025-10-13,6654.72021484375,59.4900016784668,88.7573013305664,11.010000228881836
2025-10-14,6644.31005859375,58.70000076293945,88.66510009765625,11.15999984741211
2025-10-15,6671.06005859375,58.27000045776367,88.78250122070312,10.529999732971191
2025-10-16,6629.06982421875,57.459999084472656,87.80950164794922,10.869999885559082
2025-10-17,6664.009765625,57.540000915527344,87.9906997680664,11.630000114440918
2025-10-20,6735.1298828125,57.52000045776367,88.0022964477539,11.359999656677246
2025-10-21,6735.35009765625,57.81999969482422,87.87999725341797,11.300000190734863
2025-10-22,6699.39990234375,58.5,88.00160217285156,
2025-10-23,6738.43994140625,61.790000915527344,87.74030303955078,11.729999542236328
2025-10-24,6791.68994140625,61.5,87.77899932861328,11.59000015258789
2025-10-27,6875.16015625,61.310001373291016,87.8290023803711,11.859999656677246
2025-10-28,6890.89013671875,60.150001525878906,88.22209930419922,11.949999809265137
2025-10-29,6890.58984375,60.47999954223633,88.22550201416016,11.970000267028809
2025-10-30,6822.33984375,60.56999969482422,88.34559631347656,12.069999694824219
2025-10-31,6840.2001953125,60.97999954223633,88.6344985961914,12.149999618530273
2025-11-03,6851.97021484375,61.04999923706055,88.77539825439453,12.670000076293945
2025-11-04,6771.5498046875,60.560001373291016,88.72339630126953,12.649999618530273
2025-11-05,6796.2900390625,59.599998474121094,88.73200225830078,
2025-11-06,6720.31982421875,59.43000030517578,88.55690002441406,12.40999984741211
2025-11-07,6728.7998046875,59.75,88.6729965209961,12.5600004196167
2025-11-10,6832.43017578125,60.130001068115234,88.65799713134766,12.300000190734863
2025-11-11,6846.60986328125,61.040000915527344,88.70709991455078,12.489999771118164
2025-11-12,6850.919921875,58.4900016784668,88.46649932861328,12.109999656677246
2025-11-13,6737.490234375,58.689998626708984,88.59400177001953,12.15999984741211
2025-11-14,6734.10986328125,60.09000015258789,88.81610107421875,11.9399995803833
2025-11-17,6672.41015625,59.90999984741211,88.68199920654297,11.789999961853027
2025-11-18,6617.31982421875,60.7400016784668,88.63590240478516,12.100000381469727
2025-11-19,6642.16015625,59.439998626708984,88.55680084228516,11.970000267028809
2025-11-20,6538.759765625,59.13999938964844,88.48719787597656,12.140000343322754
2025-11-21,6602.990234375,58.060001373291016,88.69219970703125,13.630000114440918
2025-11-24,6705.1201171875,58.84000015258789,89.63400268554688,13.239999771118164
2025-11-25,6765.8798828125,57.95000076293945,89.14779663085938,12.239999771118164
2025-11-26,6812.60986328125,58.650001525878906,89.15059661865234,11.970000267028809
2025-11-27,,,89.16300201416016,11.789999961853027
2025-11-28,6849.08984375,58.54999923706055,89.36479949951172,11.619999885559082
2025-12-01,6812.6298828125,59.31999969482422,89.3499984741211,11.630000114440918
2025-12-02,6829.3701171875,58.63999938964844,89.61270141601562,11.229999542236328
2025-12-03,6849.72021484375,58.95000076293945,89.91719818115234,11.210000038146973
2025-12-04,6857.1201171875,59.66999816894531,90.17050170898438,10.819999694824219
2025-12-05,6870.39990234375,60.08000183105469,89.8364028930664,10.319999694824219
2025-12-08,6846.509765625,58.880001068115234,89.93800354003906,11.130000114440918
2025-12-09,6840.509765625,58.25,90.12999725341797,10.949999809265137
2025-12-10,6886.68017578125,58.459999084472656,89.91690063476562,10.90999984741211
2025-12-11,6901.0,57.599998474121094,89.79299926757812,10.399999618530273
2025-12-12,6827.41015625,57.439998626708984,90.25299835205078,10.109999656677246
2025-12-15,6816.509765625,56.81999969482422,90.5770034790039,10.25
2025-12-16,6800.259765625,55.27000045776367,90.77690124511719,10.0600004196167
2025-12-17,6721.43017578125,55.939998626708984,90.94889831542969,9.84000015258789
2025-12-18,6774.759765625,56.150001525878906,90.4136962890625,9.710000038146973
2025-12-19,6834.5,56.65999984741211,90.25579833984375,9.520000457763672
2025-12-22,6878.490234375,58.0099983215332,89.56999969482422,9.680000305175781
2025-12-23,6909.7900390625,58.380001068115234,89.60389709472656,9.380000114440918
2025-12-24,6932.0498046875,58.349998474121094,89.50789642333984,9.1899995803833
2025-12-26,6929.93994140625,56.7400016784668,90.10590362548828,9.149999618530273
2025-12-29,6905.740234375,58.08000183105469,89.82929992675781,9.720000267028809
2025-12-30,6896.240234375,57.95000076293945,89.9000015258789,9.680000305175781
2025-12-31,6845.5,57.41999816894531,89.76940155029297,9.479999542236328
2026-01-02,6858.47021484375,57.31999969482422,89.96189880371094,9.449999809265137
2026-01-05,6902.0498046875,58.31999969482422,90.00700378417969,10.020000457763672
2026-01-06,6944.81982421875,57.130001068115234,90.23300170898438,10.020000457763672
2026-01-07,6920.93017578125,55.9900016784668,90.16609954833984,9.949999809265137
2026-01-08,6921.4599609375,57.7599983215332,89.8644027709961,10.600000381469727
2026-01-09,6966.27978515625,59.119998931884766,89.90540313720703,10.930000305175781
2026-01-12,6977.27001953125,59.5,90.23600006103516,11.369999885559082
2026-01-13,6963.740234375,61.150001525878906,90.13269805908203,11.199999809265137
2026-01-14,6926.60009765625,62.02000045776367,90.27300262451172,11.319999694824219
2026-01-15,6944.47021484375,59.189998626708984,90.18319702148438,
2026-01-16,6940.009765625,59.439998626708984,90.36160278320312,11.369999885559082
2026-01-19,,,90.7020034790039,11.829999923706055
2026-01-20,6796.85986328125,60.34000015258789,90.90450286865234,12.729999542236328
2026-01-21,6875.6201171875,60.619998931884766,91.11840057373047,13.779999732971191
2026-01-22,6913.35009765625,59.36000061035156,91.53690338134766,13.350000381469727
2026-01-23,6915.60986328125,61.06999969482422,91.55829620361328,14.1899995803833
2026-01-26,6950.22998046875,60.630001068115234,91.5009994506836,
2026-01-27,6978.60009765625,62.38999938964844,91.71309661865234,14.449999809265137
2026-01-28,6978.02978515625,63.209999084472656,91.5343017578125,13.529999732971191
2026-01-29,6969.009765625,65.41999816894531,92.04080200195312,13.369999885559082
2026-01-30,6939.02978515625,65.20999908447266,91.78189849853516,13.630000114440918
2026-02-02,6976.43994140625,62.13999938964844,91.68699645996094,13.869999885559082
2026-02-03,6917.81005859375,63.209999084472656,90.24559783935547,12.899999618530273
2026-02-04,6882.72021484375,65.13999938964844,90.42289733886719,12.25
2026-02-05,6798.39990234375,63.290000915527344,90.125,12.170000076293945
2026-02-06,6932.2998046875,63.54999923706055,90.3147964477539,11.9399995803833
2026-02-09,6964.81982421875,64.36000061035156,90.58799743652344,12.1899995803833
2026-02-10,6941.81005859375,63.959999084472656,90.82279968261719,11.670000076293945
2026-02-11,6941.47021484375,64.62999725341797,90.58789825439453,11.550000190734863
2026-02-12,6832.759765625,62.84000015258789,90.73570251464844,11.729999542236328
2026-02-13,6836.169921875,62.88999938964844,90.56410217285156,13.289999961853027
2026-02-16,,,90.57119750976562,13.329999923706055
2026-02-17,6843.22021484375,62.33000183105469,90.78299713134766,12.670000076293945
2026-02-18,6881.31005859375,65.19000244140625,90.6261978149414,12.220000267028809
2026-02-19,6861.89013671875,66.43000030517578,90.79350280761719,13.460000038146973
2026-02-20,6909.509765625,66.38999938964844,91.04109954833984,14.359999656677246
2026-02-23,6837.75,66.30999755859375,90.72660064697266,14.170000076293945
2026-02-24,6890.06982421875,65.62999725341797,91.02010345458984,14.149999618530273
2026-02-25,6946.1298828125,65.41999816894531,90.91799926757812,13.489999771118164
2026-02-26,6908.85986328125,65.20999908447266,90.95099639892578,13.0600004196167
2026-02-27,6878.8798828125,67.0199966430664,91.00740051269531,13.699999809265137
2026-03-02,6881.6201171875,71.2300033569336,91.07959747314453,17.1299991607666
2026-03-03,6816.6298828125,74.55999755859375,91.56340026855469,
2026-03-04,6869.5,74.66000366210938,92.00859832763672,21.139999389648438
2026-03-05,6830.7099609375,81.01000213623047,92.12300109863281,17.860000610351562
2026-03-06,6740.02001953125,90.9000015258789,91.78690338134766,19.8799991607666
2026-03-09,6795.990234375,94.7699966430664,91.93620300292969,23.360000610351562
2026-03-10,6781.47998046875,83.44999694824219,91.220703125,18.90999984741211
2026-03-11,6775.7998046875,87.25,92.16510009765625,21.059999465942383
2026-03-12,6672.6201171875,95.7300033569336,92.22879791259766,21.520000457763672
2026-03-13,6632.18994140625,98.70999908447266,92.38990020751953,22.649999618530273
2026-03-16,6699.3798828125,93.5,92.5635986328125,21.600000381469727
2026-03-17,6716.08984375,96.20999908447266,92.28269958496094,19.790000915527344
2026-03-18,6624.7001953125,96.31999969482422,92.39129638671875,18.719999313354492
2026-03-19,6606.490234375,96.13999938964844,93.24659729003906,22.799999237060547
2026-03-20,6506.47998046875,98.31999969482422,93.0822982788086,22.809999465942383
2026-03-23,6581.0,88.12999725341797,93.89530181884766,26.729999542236328
2026-03-24,6556.3701171875,92.3499984741211,93.24369812011719,24.739999771118164
2026-03-25,6591.89990234375,90.31999969482422,94.29969787597656,24.639999389648438
2026-03-26,6477.16015625,94.4800033569336,94.6937026977539,
2026-03-27,6368.85009765625,99.63999938964844,94.30950164794922,26.799999237060547
2026-03-30,6343.72021484375,102.87999725341797,94.78179931640625,27.889999389648438
2026-03-31,6528.52001953125,101.37999725341797,94.35590362548828,
2026-04-01,6575.31982421875,100.12000274658203,93.48429870605469,25.010000228881836
2026-04-02,6582.68994140625,111.54000091552734,92.6426010131836,25.520000457763672
2026-04-03,,,92.97360229492188,
2026-04-06,6611.830078125,112.41000366210938,92.97100067138672,25.469999313354492
2026-04-07,6616.85009765625,112.94999694824219,92.81659698486328,24.700000762939453
2026-04-08,6782.81005859375,94.41000366210938,92.86019897460938,19.700000762939453
2026-04-09,6824.66015625,97.87000274658203,92.2748031616211,20.43000030517578
2026-04-10,6816.89013671875,96.56999969482422,92.46980285644531,18.850000381469727
2026-04-13,6886.240234375,99.08000183105469,94.50879669189453,20.5
2026-04-14,6967.3798828125,91.27999877929688,94.9468002319336,
2026-04-15,7022.9501953125,91.29000091552734,93.16539764404297,18.670000076293945
2026-04-16,7041.27978515625,94.69000244140625,93.38680267333984,18.09000015258789
2026-04-17,7126.06005859375,83.8499984741211,93.04789733886719,17.209999084472656
2026-04-20,7109.14013671875,89.61000061035156,92.60330200195312,18.790000915527344
2026-04-21,7064.009765625,92.12999725341797,93.12359619140625,17.530000686645508
2026-04-22,7137.89990234375,92.95999908447266,93.622802734375,18.299999237060547
2026-04-23,7108.39990234375,95.8499984741211,93.80049896240234,18.59000015258789
2026-04-24,7165.080078125,94.4000015258789,94.11289978027344,19.709999084472656
2026-04-27,7173.91015625,96.37000274658203,94.25029754638672,18.3799991607666
2026-04-28,7138.7998046875,99.93000030517578,94.25849914550781,18.049999237060547
2026-04-29,7135.9501953125,106.87999725341797,94.64550018310547,17.440000534057617
2026-04-30,7209.009765625,105.06999969482422,94.9166030883789,18.459999084472656
2026-05-01,7230.1201171875,101.94000244140625,94.75910186767578,
2026-05-04,7200.75,106.41999816894531,94.90299987792969,18.299999237060547
2026-05-05,7259.22021484375,102.2699966430664,95.2593994140625,17.90999984741211
2026-05-06,7365.1201171875,95.08000183105469,95.18299865722656,16.68000030517578
2026-05-07,7337.10986328125,94.80999755859375,94.60800170898438,16.6200008392334
2026-05-08,7398.93017578125,95.41999816894531,94.25299835205078,16.84000015258789
2026-05-11,7412.83984375,98.06999969482422,94.42530059814453,18.549999237060547
2026-05-12,7400.9599609375,102.18000030517578,95.39140319824219,19.280000686645508
2026-05-13,7444.25,101.0199966430664,95.63300323486328,19.43000030517578
2026-05-14,7501.240234375,101.16999816894531,95.69580078125,18.610000610351562
2026-05-15,7408.5,105.41999816894531,95.70989990234375,18.790000915527344
2026-05-18,7403.0498046875,108.66000366210938,95.97029876708984,19.6299991607666
2026-05-19,7353.60986328125,107.7699966430664,96.27020263671875,18.68000030517578
2026-05-20,7432.97021484375,98.26000213623047,96.56580352783203,18.440000534057617
2026-05-21,7445.72021484375,96.3499984741211,96.5282974243164,17.81999969482422
2026-05-22,7473.47021484375,96.5999984741211,96.17389678955078,17.90999984741211
2026-05-25,,,95.71949768066406,16.700000762939453
2026-05-26,7519.1201171875,93.88999938964844,95.25279998779297,16.1299991607666
2026-05-27,7520.35986328125,88.68000030517578,95.90499877929688,14.979999542236328
2026-05-28,7563.6298828125,88.9000015258789,96.04889678955078,
2026-05-29,7580.06005859375,87.36000061035156,96.04820251464844,16.190000534057617
2026-06-01,7599.9599609375,92.16000366210938,95.00299835205078,16.540000915527344
2026-06-02,7609.77978515625,93.76000213623047,95.55139923095703,15.359999656677246
2026-06-03,7553.68017578125,96.0199966430664,95.26300048828125,16.280000686645508
2026-06-04,7584.31005859375,93.04000091552734,96.16449737548828,15.890000343322754
2026-06-05,7383.740234375,90.54000091552734,95.79029846191406,15.789999961853027
2026-06-08,7405.72998046875,91.30000305175781,94.95030212402344,17.030000686645508
2026-06-09,7386.64990234375,88.19999694824219,95.68830108642578,15.579999923706055
2026-06-10,7266.990234375,90.02999877929688,95.36029815673828,15.630000114440918
2026-06-11,7394.2998046875,87.70999908447266,95.64450073242188,15.609999656677246
2026-06-12,7431.4599609375,84.87999725341797,95.76010131835938,14.720000267028809
2026-06-15,7554.2900390625,80.75,95.11029815673828,14.350000381469727
2026-06-16,7511.35009765625,76.05000305175781,94.74169921875,13.359999656677246
2026-06-17,7420.10009765625,76.79000091552734,94.88860321044922,13.1899995803833
2026-06-18,7500.580078125,76.5999984741211,94.85890197753906,12.670000076293945
2026-06-19,,,94.33989715576172,12.970000267028809
2026-06-22,7472.7900390625,74.81999969482422,94.3302993774414,12.84000015258789
2026-06-23,7365.4599609375,73.20999908447266,94.70059967041016,13.9399995803833
2026-06-24,7358.22021484375,70.33999633789062,95.18370056152344,13.390000343322754
2026-06-25,7357.490234375,71.91999816894531,94.4406967163086,13.050000190734863
2026-06-26,7354.02001953125,69.2300033569336,94.40039825439453,
2026-06-29,7440.43017578125,70.75,94.36029815673828,13.609999656677246
2026-06-30,7499.35986328125,69.5,94.79049682617188,13.600000381469727
2026-07-01,7483.22998046875,68.58000183105469,94.91799926757812,13.239999771118164
2026-07-02,7483.240234375,68.69000244140625,95.4175033569336,12.289999961853027
2026-07-03,,,95.527099609375,11.800000190734863
2026-07-06,7537.43017578125,68.55000305175781,95.21479797363281,11.819999694824219
2026-07-07,7503.85009765625,70.44000244140625,95.60350036621094,11.649999618530273
2026-07-08,7482.7099609375,73.5199966430664,95.59339904785156,14.680000305175781
2026-07-09,7543.64013671875,72.08000183105469,95.86180114746094,13.359999656677246
2026-07-10,7575.39013671875,71.41000366210938,95.39019775390625,12.25
2026-07-13,7515.33984375,78.13999938964844,95.32499694824219,13.279999732971191
2026-07-14,7543.58984375,79.33999633789062,96.29889678955078,13.75
2026-07-15,7572.39990234375,79.5999984741211,96.42530059814453,13.270000457763672
2026-07-16,7533.77001953125,78.94999694824219,96.49859619140625,12.880000114440918
2026-07-17,7457.68994140625,82.48999786376953,96.6521987915039,13.149999618530273
2026-07-20,7443.27978515625,83.2300033569336,96.28479766845703,12.979999542236328
2026-07-21,7509.2001953125,84.91000366210938,96.4896011352539,12.600000381469727
2026-07-22,7498.9599609375,86.83000183105469,96.34089660644531,13.289999961853027
2026-07-23,7408.2998046875,92.19000244140625,96.55709838867188,13.479999542236328
2026-07-24,7411.97998046875,89.30999755859375,96.87689971923828,14.029999732971191
2026-07-27,7413.18017578125,82.61000061035156,96.56729888916016,12.65999984741211
2026-07-28,7428.77978515625,79.26000213623047,95.77410125732422,12.5600004196167
2026-07-29,7316.14990234375,84.45999908447266,95.59870147705078,12.010000228881836
2026-07-30,7437.6298828125,83.58999633789062,95.72859954833984,12.15999984741211
2026-07-31,7489.72021484375,84.66999816894531,95.68479919433594,11.760000228881836
2026-08-03,7600.5,80.33999633789062,95.4021987915039,11.930000305175781
2026-08-04,7736.52001953125,75.7699966430664,95.33159637451172,12.1899995803833
2026-08-05,7723.5498046875,75.22000122070312,95.09719848632812,12.0600004196167
2026-08-06,7709.9599609375,77.29000091552734,95.07730102539062,12.15999984741211
2026-08-07,7757.64013671875,78.18000030517578,95.31189727783203,12.15999984741211
2026-08-10,7753.10986328125,82.12999725341797,95.21029663085938,12.25
2026-08-11,7728.2001953125,83.19999694824219,95.39669799804688,11.859999656677246
2026-08-12,7748.5,83.2699966430664,95.37989807128906,11.6899995803833
